URL,Whether noindex is intentional,Reason and evidence,Whether the URL should remain excluded,Recommended action
/areas/banashankari,Yes,"Area content gate: src/lib/areas.ts areaRobots() → ""noindex, follow"" unless confirmed && tier=""priority""; banashankari is not a priority guide. Live 2026-10-09: HTTP 200, robots=""noindex, follow"", canonical https://ridencare.co.in/areas/banashankari, absent from sitemap (sitemap hygiene since 2026-09-29; noindex∩sitemap = 0); P0 slug (owner-approved 2026-10-05 plan: docs/seo/bangalore-p0-area-guide-implementation-plan-2026-10-05.md)",No — flip to indexable with the P0 deploy,"On owner-approved P0 deploy: committed priority content goes live, robots becomes indexable, sitemap gains the URL, then URL-inspect in GSC"
/areas/bannerghatta-road,Yes,"Area content gate: src/lib/areas.ts areaRobots() → ""noindex, follow"" unless confirmed && tier=""priority""; bannerghatta-road is not a priority guide. Live 2026-10-09: HTTP 200, robots=""noindex, follow"", canonical https://ridencare.co.in/areas/bannerghatta-road, absent from sitemap (sitemap hygiene since 2026-09-29; noindex∩sitemap = 0)","Yes — until owner confirms priority tier + unique content uplift (area-uplift batches, docs/seo/03-content-calendar.md; Q33)",No change now; flip tier only after content uplift + owner approval
/areas/bommanahalli,Yes,"Area content gate: src/lib/areas.ts areaRobots() → ""noindex, follow"" unless confirmed && tier=""priority""; bommanahalli is not a priority guide. Live 2026-10-09: HTTP 200, robots=""noindex, follow"", canonical https://ridencare.co.in/areas/bommanahalli, absent from sitemap (sitemap hygiene since 2026-09-29; noindex∩sitemap = 0)","Yes — until owner confirms priority tier + unique content uplift (area-uplift batches, docs/seo/03-content-calendar.md; Q33)",No change now; flip tier only after content uplift + owner approval
/areas/brookefield,Yes,"Area content gate: src/lib/areas.ts areaRobots() → ""noindex, follow"" unless confirmed && tier=""priority""; brookefield is not a priority guide. Live 2026-10-09: HTTP 200, robots=""noindex, follow"", canonical https://ridencare.co.in/areas/brookefield, absent from sitemap (sitemap hygiene since 2026-09-29; noindex∩sitemap = 0)","Yes — until owner confirms priority tier + unique content uplift (area-uplift batches, docs/seo/03-content-calendar.md; Q33)",No change now; flip tier only after content uplift + owner approval
/areas/choodasandra,Yes,"Area content gate: src/lib/areas.ts areaRobots() → ""noindex, follow"" unless confirmed && tier=""priority""; choodasandra is not a priority guide. Live 2026-10-09: HTTP 200, robots=""noindex, follow"", canonical https://ridencare.co.in/areas/choodasandra, absent from sitemap (sitemap hygiene since 2026-09-29; noindex∩sitemap = 0)","Yes — until owner confirms priority tier + unique content uplift (area-uplift batches, docs/seo/03-content-calendar.md; Q33)",No change now; flip tier only after content uplift + owner approval
/areas/domlur,Yes,"Area content gate: src/lib/areas.ts areaRobots() → ""noindex, follow"" unless confirmed && tier=""priority""; domlur is not a priority guide. Live 2026-10-09: HTTP 200, robots=""noindex, follow"", canonical https://ridencare.co.in/areas/domlur, absent from sitemap (sitemap hygiene since 2026-09-29; noindex∩sitemap = 0)","Yes — until owner confirms priority tier + unique content uplift (area-uplift batches, docs/seo/03-content-calendar.md; Q33)",No change now; flip tier only after content uplift + owner approval
/areas/ejipura,Yes,"Area content gate: src/lib/areas.ts areaRobots() → ""noindex, follow"" unless confirmed && tier=""priority""; ejipura is not a priority guide. Live 2026-10-09: HTTP 200, robots=""noindex, follow"", canonical https://ridencare.co.in/areas/ejipura, absent from sitemap (sitemap hygiene since 2026-09-29; noindex∩sitemap = 0)","Yes — until owner confirms priority tier + unique content uplift (area-uplift batches, docs/seo/03-content-calendar.md; Q33)",No change now; flip tier only after content uplift + owner approval
/areas/gunjur,Yes,"Area content gate: src/lib/areas.ts areaRobots() → ""noindex, follow"" unless confirmed && tier=""priority""; gunjur is not a priority guide. Live 2026-10-09: HTTP 200, robots=""noindex, follow"", canonical https://ridencare.co.in/areas/gunjur, absent from sitemap (sitemap hygiene since 2026-09-29; noindex∩sitemap = 0)","Yes — until owner confirms priority tier + unique content uplift (area-uplift batches, docs/seo/03-content-calendar.md; Q33)",No change now; flip tier only after content uplift + owner approval
/areas/hal,Yes,"Area content gate: src/lib/areas.ts areaRobots() → ""noindex, follow"" unless confirmed && tier=""priority""; hal is not a priority guide. Live 2026-10-09: HTTP 200, robots=""noindex, follow"", canonical https://ridencare.co.in/areas/hal, absent from sitemap (sitemap hygiene since 2026-09-29; noindex∩sitemap = 0)","Yes — until owner confirms priority tier + unique content uplift (area-uplift batches, docs/seo/03-content-calendar.md; Q33)",No change now; flip tier only after content uplift + owner approval
/areas/harlur,Yes,"Area content gate: src/lib/areas.ts areaRobots() → ""noindex, follow"" unless confirmed && tier=""priority""; harlur is not a priority guide. Live 2026-10-09: HTTP 200, robots=""noindex, follow"", canonical https://ridencare.co.in/areas/harlur, absent from sitemap (sitemap hygiene since 2026-09-29; noindex∩sitemap = 0)","Yes — until owner confirms priority tier + unique content uplift (area-uplift batches, docs/seo/03-content-calendar.md; Q33)",No change now; flip tier only after content uplift + owner approval
/areas/kadubeesanahalli,Yes,"Area content gate: src/lib/areas.ts areaRobots() → ""noindex, follow"" unless confirmed && tier=""priority""; kadubeesanahalli is not a priority guide. Live 2026-10-09: HTTP 200, robots=""noindex, follow"", canonical https://ridencare.co.in/areas/kadubeesanahalli, absent from sitemap (sitemap hygiene since 2026-09-29; noindex∩sitemap = 0)","Yes — until owner confirms priority tier + unique content uplift (area-uplift batches, docs/seo/03-content-calendar.md; Q33)",No change now; flip tier only after content uplift + owner approval
/areas/kalyan-nagar,Yes,"Area content gate: src/lib/areas.ts areaRobots() → ""noindex, follow"" unless confirmed && tier=""priority""; kalyan-nagar is not a priority guide. Live 2026-10-09: HTTP 200, robots=""noindex, follow"", canonical https://ridencare.co.in/areas/kalyan-nagar, absent from sitemap (sitemap hygiene since 2026-09-29; noindex∩sitemap = 0)","Yes — until owner confirms priority tier + unique content uplift (area-uplift batches, docs/seo/03-content-calendar.md; Q33)",No change now; flip tier only after content uplift + owner approval
/areas/kanakapura-road,Yes,"Area content gate: src/lib/areas.ts areaRobots() → ""noindex, follow"" unless confirmed && tier=""priority""; kanakapura-road is not a priority guide. Live 2026-10-09: HTTP 200, robots=""noindex, follow"", canonical https://ridencare.co.in/areas/kanakapura-road, absent from sitemap (sitemap hygiene since 2026-09-29; noindex∩sitemap = 0)","Yes — until owner confirms priority tier + unique content uplift (area-uplift batches, docs/seo/03-content-calendar.md; Q33)",No change now; flip tier only after content uplift + owner approval
/areas/kasavanahalli,Yes,"Area content gate: src/lib/areas.ts areaRobots() → ""noindex, follow"" unless confirmed && tier=""priority""; kasavanahalli is not a priority guide. Live 2026-10-09: HTTP 200, robots=""noindex, follow"", canonical https://ridencare.co.in/areas/kasavanahalli, absent from sitemap (sitemap hygiene since 2026-09-29; noindex∩sitemap = 0)","Yes — until owner confirms priority tier + unique content uplift (area-uplift batches, docs/seo/03-content-calendar.md; Q33)",No change now; flip tier only after content uplift + owner approval
/areas/kr-puram,Yes,"Area content gate: src/lib/areas.ts areaRobots() → ""noindex, follow"" unless confirmed && tier=""priority""; kr-puram is not a priority guide. Live 2026-10-09: HTTP 200, robots=""noindex, follow"", canonical https://ridencare.co.in/areas/kr-puram, absent from sitemap (sitemap hygiene since 2026-09-29; noindex∩sitemap = 0); P0 slug (owner-approved 2026-10-05 plan: docs/seo/bangalore-p0-area-guide-implementation-plan-2026-10-05.md)",No — flip to indexable with the P0 deploy,"On owner-approved P0 deploy: committed priority content goes live, robots becomes indexable, sitemap gains the URL, then URL-inspect in GSC"
/areas/kudlu-gate,Yes,"Area content gate: src/lib/areas.ts areaRobots() → ""noindex, follow"" unless confirmed && tier=""priority""; kudlu-gate is not a priority guide. Live 2026-10-09: HTTP 200, robots=""noindex, follow"", canonical https://ridencare.co.in/areas/kudlu-gate, absent from sitemap (sitemap hygiene since 2026-09-29; noindex∩sitemap = 0)","Yes — until owner confirms priority tier + unique content uplift (area-uplift batches, docs/seo/03-content-calendar.md; Q33)",No change now; flip tier only after content uplift + owner approval
/areas/madiwala,Yes,"Area content gate: src/lib/areas.ts areaRobots() → ""noindex, follow"" unless confirmed && tier=""priority""; madiwala is not a priority guide. Live 2026-10-09: HTTP 200, robots=""noindex, follow"", canonical https://ridencare.co.in/areas/madiwala, absent from sitemap (sitemap hygiene since 2026-09-29; noindex∩sitemap = 0); P0 slug (owner-approved 2026-10-05 plan: docs/seo/bangalore-p0-area-guide-implementation-plan-2026-10-05.md)",No — flip to indexable with the P0 deploy,"On owner-approved P0 deploy: committed priority content goes live, robots becomes indexable, sitemap gains the URL, then URL-inspect in GSC"
/areas/mahadevapura,Yes,"Area content gate: src/lib/areas.ts areaRobots() → ""noindex, follow"" unless confirmed && tier=""priority""; mahadevapura is not a priority guide. Live 2026-10-09: HTTP 200, robots=""noindex, follow"", canonical https://ridencare.co.in/areas/mahadevapura, absent from sitemap (sitemap hygiene since 2026-09-29; noindex∩sitemap = 0); P0 slug (owner-approved 2026-10-05 plan: docs/seo/bangalore-p0-area-guide-implementation-plan-2026-10-05.md)",No — flip to indexable with the P0 deploy,"On owner-approved P0 deploy: committed priority content goes live, robots becomes indexable, sitemap gains the URL, then URL-inspect in GSC"
/areas/malleshwaram,Yes,"Area content gate: src/lib/areas.ts areaRobots() → ""noindex, follow"" unless confirmed && tier=""priority""; malleshwaram is not a priority guide. Live 2026-10-09: HTTP 200, robots=""noindex, follow"", canonical https://ridencare.co.in/areas/malleshwaram, absent from sitemap (sitemap hygiene since 2026-09-29; noindex∩sitemap = 0)","Yes — until owner confirms priority tier + unique content uplift (area-uplift batches, docs/seo/03-content-calendar.md; Q33)",No change now; flip tier only after content uplift + owner approval
/areas/mg-road,Yes,"Area content gate: src/lib/areas.ts areaRobots() → ""noindex, follow"" unless confirmed && tier=""priority""; mg-road is not a priority guide. Live 2026-10-09: HTTP 200, robots=""noindex, follow"", canonical https://ridencare.co.in/areas/mg-road, absent from sitemap (sitemap hygiene since 2026-09-29; noindex∩sitemap = 0); P0 slug (owner-approved 2026-10-05 plan: docs/seo/bangalore-p0-area-guide-implementation-plan-2026-10-05.md)",No — flip to indexable with the P0 deploy,"On owner-approved P0 deploy: committed priority content goes live, robots becomes indexable, sitemap gains the URL, then URL-inspect in GSC"
/areas/panathur-road,Yes,"Area content gate: src/lib/areas.ts areaRobots() → ""noindex, follow"" unless confirmed && tier=""priority""; panathur-road is not a priority guide. Live 2026-10-09: HTTP 200, robots=""noindex, follow"", canonical https://ridencare.co.in/areas/panathur-road, absent from sitemap (sitemap hygiene since 2026-09-29; noindex∩sitemap = 0)","Yes — until owner confirms priority tier + unique content uplift (area-uplift batches, docs/seo/03-content-calendar.md; Q33)",No change now; flip tier only after content uplift + owner approval
/areas/parappana-agrahara,Yes,"Area content gate: src/lib/areas.ts areaRobots() → ""noindex, follow"" unless confirmed && tier=""priority""; parappana-agrahara is not a priority guide. Live 2026-10-09: HTTP 200, robots=""noindex, follow"", canonical https://ridencare.co.in/areas/parappana-agrahara, absent from sitemap (sitemap hygiene since 2026-09-29; noindex∩sitemap = 0)","Yes — until owner confirms priority tier + unique content uplift (area-uplift batches, docs/seo/03-content-calendar.md; Q33)",No change now; flip tier only after content uplift + owner approval
/areas/peenya,Yes,"Area content gate: src/lib/areas.ts areaRobots() → ""noindex, follow"" unless confirmed && tier=""priority""; peenya is not a priority guide. Live 2026-10-09: HTTP 200, robots=""noindex, follow"", canonical https://ridencare.co.in/areas/peenya, absent from sitemap (sitemap hygiene since 2026-09-29; noindex∩sitemap = 0)","Yes — until owner confirms priority tier + unique content uplift (area-uplift batches, docs/seo/03-content-calendar.md; Q33)",No change now; flip tier only after content uplift + owner approval
/areas/rajajinagar,Yes,"Area content gate: src/lib/areas.ts areaRobots() → ""noindex, follow"" unless confirmed && tier=""priority""; rajajinagar is not a priority guide. Live 2026-10-09: HTTP 200, robots=""noindex, follow"", canonical https://ridencare.co.in/areas/rajajinagar, absent from sitemap (sitemap hygiene since 2026-09-29; noindex∩sitemap = 0)","Yes — until owner confirms priority tier + unique content uplift (area-uplift batches, docs/seo/03-content-calendar.md; Q33)",No change now; flip tier only after content uplift + owner approval
/areas/singasandra,Yes,"Area content gate: src/lib/areas.ts areaRobots() → ""noindex, follow"" unless confirmed && tier=""priority""; singasandra is not a priority guide. Live 2026-10-09: HTTP 200, robots=""noindex, follow"", canonical https://ridencare.co.in/areas/singasandra, absent from sitemap (sitemap hygiene since 2026-09-29; noindex∩sitemap = 0)","Yes — until owner confirms priority tier + unique content uplift (area-uplift batches, docs/seo/03-content-calendar.md; Q33)",No change now; flip tier only after content uplift + owner approval
/areas/varthur,Yes,"Area content gate: src/lib/areas.ts areaRobots() → ""noindex, follow"" unless confirmed && tier=""priority""; varthur is not a priority guide. Live 2026-10-09: HTTP 200, robots=""noindex, follow"", canonical https://ridencare.co.in/areas/varthur, absent from sitemap (sitemap hygiene since 2026-09-29; noindex∩sitemap = 0)","Yes — until owner confirms priority tier + unique content uplift (area-uplift batches, docs/seo/03-content-calendar.md; Q33)",No change now; flip tier only after content uplift + owner approval
/areas/yelahanka,Yes,"Area content gate: src/lib/areas.ts areaRobots() → ""noindex, follow"" unless confirmed && tier=""priority""; yelahanka is not a priority guide. Live 2026-10-09: HTTP 200, robots=""noindex, follow"", canonical https://ridencare.co.in/areas/yelahanka, absent from sitemap (sitemap hygiene since 2026-09-29; noindex∩sitemap = 0)","Yes — until owner confirms priority tier + unique content uplift (area-uplift batches, docs/seo/03-content-calendar.md; Q33)",No change now; flip tier only after content uplift + owner approval
/areas/yeshwanthpur,Yes,"Area content gate: src/lib/areas.ts areaRobots() → ""noindex, follow"" unless confirmed && tier=""priority""; yeshwanthpur is not a priority guide. Live 2026-10-09: HTTP 200, robots=""noindex, follow"", canonical https://ridencare.co.in/areas/yeshwanthpur, absent from sitemap (sitemap hygiene since 2026-09-29; noindex∩sitemap = 0)","Yes — until owner confirms priority tier + unique content uplift (area-uplift batches, docs/seo/03-content-calendar.md; Q33)",No change now; flip tier only after content uplift + owner approval
/auth,Yes,"Live 2026-10-09: HTTP 200, robots=""noindex, nofollow"", canonical https://ridencare.co.in/auth, absent from sitemap. Authentication page; also Disallowed in public/robots.txt (/auth) — double protection",Yes — never indexable,No change
/bike-repair/banashankari,Yes,"Service×area page inherits the area gate: src/routes/$service.$area.tsx applies areaRobots(area); banashankari is unconfirmed/non-priority → ""noindex, follow"". Live 2026-10-09: HTTP 200, robots=""noindex, follow"", canonical https://ridencare.co.in/bike-repair/banashankari, absent from sitemap; P0 slug pair (2026-10-05 plan)",No — flip together with its /areas/{slug} P0 guide on deploy,Flip with the P0 deploy; verify robots + sitemap membership + GSC inspection afterwards
/bike-repair/bannerghatta-road,Yes,"Service×area page inherits the area gate: src/routes/$service.$area.tsx applies areaRobots(area); bannerghatta-road is unconfirmed/non-priority → ""noindex, follow"". Live 2026-10-09: HTTP 200, robots=""noindex, follow"", canonical https://ridencare.co.in/bike-repair/bannerghatta-road, absent from sitemap",Yes — follows the area decision (noindex while the area page itself is noindex),No change until the corresponding area page is promoted
/bike-repair/bommanahalli,Yes,"Service×area page inherits the area gate: src/routes/$service.$area.tsx applies areaRobots(area); bommanahalli is unconfirmed/non-priority → ""noindex, follow"". Live 2026-10-09: HTTP 200, robots=""noindex, follow"", canonical https://ridencare.co.in/bike-repair/bommanahalli, absent from sitemap",Yes — follows the area decision (noindex while the area page itself is noindex),No change until the corresponding area page is promoted
/bike-repair/brookefield,Yes,"Service×area page inherits the area gate: src/routes/$service.$area.tsx applies areaRobots(area); brookefield is unconfirmed/non-priority → ""noindex, follow"". Live 2026-10-09: HTTP 200, robots=""noindex, follow"", canonical https://ridencare.co.in/bike-repair/brookefield, absent from sitemap",Yes — follows the area decision (noindex while the area page itself is noindex),No change until the corresponding area page is promoted
/bike-repair/choodasandra,Yes,"Service×area page inherits the area gate: src/routes/$service.$area.tsx applies areaRobots(area); choodasandra is unconfirmed/non-priority → ""noindex, follow"". Live 2026-10-09: HTTP 200, robots=""noindex, follow"", canonical https://ridencare.co.in/bike-repair/choodasandra, absent from sitemap",Yes — follows the area decision (noindex while the area page itself is noindex),No change until the corresponding area page is promoted
/bike-repair/domlur,Yes,"Service×area page inherits the area gate: src/routes/$service.$area.tsx applies areaRobots(area); domlur is unconfirmed/non-priority → ""noindex, follow"". Live 2026-10-09: HTTP 200, robots=""noindex, follow"", canonical https://ridencare.co.in/bike-repair/domlur, absent from sitemap",Yes — follows the area decision (noindex while the area page itself is noindex),No change until the corresponding area page is promoted
/bike-repair/ejipura,Yes,"Service×area page inherits the area gate: src/routes/$service.$area.tsx applies areaRobots(area); ejipura is unconfirmed/non-priority → ""noindex, follow"". Live 2026-10-09: HTTP 200, robots=""noindex, follow"", canonical https://ridencare.co.in/bike-repair/ejipura, absent from sitemap",Yes — follows the area decision (noindex while the area page itself is noindex),No change until the corresponding area page is promoted
/bike-repair/gunjur,Yes,"Service×area page inherits the area gate: src/routes/$service.$area.tsx applies areaRobots(area); gunjur is unconfirmed/non-priority → ""noindex, follow"". Live 2026-10-09: HTTP 200, robots=""noindex, follow"", canonical https://ridencare.co.in/bike-repair/gunjur, absent from sitemap",Yes — follows the area decision (noindex while the area page itself is noindex),No change until the corresponding area page is promoted
/bike-repair/hal,Yes,"Service×area page inherits the area gate: src/routes/$service.$area.tsx applies areaRobots(area); hal is unconfirmed/non-priority → ""noindex, follow"". Live 2026-10-09: HTTP 200, robots=""noindex, follow"", canonical https://ridencare.co.in/bike-repair/hal, absent from sitemap",Yes — follows the area decision (noindex while the area page itself is noindex),No change until the corresponding area page is promoted
/bike-repair/harlur,Yes,"Service×area page inherits the area gate: src/routes/$service.$area.tsx applies areaRobots(area); harlur is unconfirmed/non-priority → ""noindex, follow"". Live 2026-10-09: HTTP 200, robots=""noindex, follow"", canonical https://ridencare.co.in/bike-repair/harlur, absent from sitemap",Yes — follows the area decision (noindex while the area page itself is noindex),No change until the corresponding area page is promoted
/bike-repair/kadubeesanahalli,Yes,"Service×area page inherits the area gate: src/routes/$service.$area.tsx applies areaRobots(area); kadubeesanahalli is unconfirmed/non-priority → ""noindex, follow"". Live 2026-10-09: HTTP 200, robots=""noindex, follow"", canonical https://ridencare.co.in/bike-repair/kadubeesanahalli, absent from sitemap",Yes — follows the area decision (noindex while the area page itself is noindex),No change until the corresponding area page is promoted
/bike-repair/kalyan-nagar,Yes,"Service×area page inherits the area gate: src/routes/$service.$area.tsx applies areaRobots(area); kalyan-nagar is unconfirmed/non-priority → ""noindex, follow"". Live 2026-10-09: HTTP 200, robots=""noindex, follow"", canonical https://ridencare.co.in/bike-repair/kalyan-nagar, absent from sitemap",Yes — follows the area decision (noindex while the area page itself is noindex),No change until the corresponding area page is promoted
/bike-repair/kanakapura-road,Yes,"Service×area page inherits the area gate: src/routes/$service.$area.tsx applies areaRobots(area); kanakapura-road is unconfirmed/non-priority → ""noindex, follow"". Live 2026-10-09: HTTP 200, robots=""noindex, follow"", canonical https://ridencare.co.in/bike-repair/kanakapura-road, absent from sitemap",Yes — follows the area decision (noindex while the area page itself is noindex),No change until the corresponding area page is promoted
/bike-repair/kasavanahalli,Yes,"Service×area page inherits the area gate: src/routes/$service.$area.tsx applies areaRobots(area); kasavanahalli is unconfirmed/non-priority → ""noindex, follow"". Live 2026-10-09: HTTP 200, robots=""noindex, follow"", canonical https://ridencare.co.in/bike-repair/kasavanahalli, absent from sitemap",Yes — follows the area decision (noindex while the area page itself is noindex),No change until the corresponding area page is promoted
/bike-repair/kr-puram,Yes,"Service×area page inherits the area gate: src/routes/$service.$area.tsx applies areaRobots(area); kr-puram is unconfirmed/non-priority → ""noindex, follow"". Live 2026-10-09: HTTP 200, robots=""noindex, follow"", canonical https://ridencare.co.in/bike-repair/kr-puram, absent from sitemap; P0 slug pair (2026-10-05 plan)",No — flip together with its /areas/{slug} P0 guide on deploy,Flip with the P0 deploy; verify robots + sitemap membership + GSC inspection afterwards
/bike-repair/kudlu-gate,Yes,"Service×area page inherits the area gate: src/routes/$service.$area.tsx applies areaRobots(area); kudlu-gate is unconfirmed/non-priority → ""noindex, follow"". Live 2026-10-09: HTTP 200, robots=""noindex, follow"", canonical https://ridencare.co.in/bike-repair/kudlu-gate, absent from sitemap",Yes — follows the area decision (noindex while the area page itself is noindex),No change until the corresponding area page is promoted
/bike-repair/madiwala,Yes,"Service×area page inherits the area gate: src/routes/$service.$area.tsx applies areaRobots(area); madiwala is unconfirmed/non-priority → ""noindex, follow"". Live 2026-10-09: HTTP 200, robots=""noindex, follow"", canonical https://ridencare.co.in/bike-repair/madiwala, absent from sitemap; P0 slug pair (2026-10-05 plan)",No — flip together with its /areas/{slug} P0 guide on deploy,Flip with the P0 deploy; verify robots + sitemap membership + GSC inspection afterwards
/bike-repair/mahadevapura,Yes,"Service×area page inherits the area gate: src/routes/$service.$area.tsx applies areaRobots(area); mahadevapura is unconfirmed/non-priority → ""noindex, follow"". Live 2026-10-09: HTTP 200, robots=""noindex, follow"", canonical https://ridencare.co.in/bike-repair/mahadevapura, absent from sitemap; P0 slug pair (2026-10-05 plan)",No — flip together with its /areas/{slug} P0 guide on deploy,Flip with the P0 deploy; verify robots + sitemap membership + GSC inspection afterwards
/bike-repair/malleshwaram,Yes,"Service×area page inherits the area gate: src/routes/$service.$area.tsx applies areaRobots(area); malleshwaram is unconfirmed/non-priority → ""noindex, follow"". Live 2026-10-09: HTTP 200, robots=""noindex, follow"", canonical https://ridencare.co.in/bike-repair/malleshwaram, absent from sitemap",Yes — follows the area decision (noindex while the area page itself is noindex),No change until the corresponding area page is promoted
/bike-repair/mg-road,Yes,"Service×area page inherits the area gate: src/routes/$service.$area.tsx applies areaRobots(area); mg-road is unconfirmed/non-priority → ""noindex, follow"". Live 2026-10-09: HTTP 200, robots=""noindex, follow"", canonical https://ridencare.co.in/bike-repair/mg-road, absent from sitemap; P0 slug pair (2026-10-05 plan)",No — flip together with its /areas/{slug} P0 guide on deploy,Flip with the P0 deploy; verify robots + sitemap membership + GSC inspection afterwards
/bike-repair/panathur-road,Yes,"Service×area page inherits the area gate: src/routes/$service.$area.tsx applies areaRobots(area); panathur-road is unconfirmed/non-priority → ""noindex, follow"". Live 2026-10-09: HTTP 200, robots=""noindex, follow"", canonical https://ridencare.co.in/bike-repair/panathur-road, absent from sitemap",Yes — follows the area decision (noindex while the area page itself is noindex),No change until the corresponding area page is promoted
/bike-repair/parappana-agrahara,Yes,"Service×area page inherits the area gate: src/routes/$service.$area.tsx applies areaRobots(area); parappana-agrahara is unconfirmed/non-priority → ""noindex, follow"". Live 2026-10-09: HTTP 200, robots=""noindex, follow"", canonical https://ridencare.co.in/bike-repair/parappana-agrahara, absent from sitemap",Yes — follows the area decision (noindex while the area page itself is noindex),No change until the corresponding area page is promoted
/bike-repair/peenya,Yes,"Service×area page inherits the area gate: src/routes/$service.$area.tsx applies areaRobots(area); peenya is unconfirmed/non-priority → ""noindex, follow"". Live 2026-10-09: HTTP 200, robots=""noindex, follow"", canonical https://ridencare.co.in/bike-repair/peenya, absent from sitemap",Yes — follows the area decision (noindex while the area page itself is noindex),No change until the corresponding area page is promoted
/bike-repair/rajajinagar,Yes,"Service×area page inherits the area gate: src/routes/$service.$area.tsx applies areaRobots(area); rajajinagar is unconfirmed/non-priority → ""noindex, follow"". Live 2026-10-09: HTTP 200, robots=""noindex, follow"", canonical https://ridencare.co.in/bike-repair/rajajinagar, absent from sitemap",Yes — follows the area decision (noindex while the area page itself is noindex),No change until the corresponding area page is promoted
/bike-repair/singasandra,Yes,"Service×area page inherits the area gate: src/routes/$service.$area.tsx applies areaRobots(area); singasandra is unconfirmed/non-priority → ""noindex, follow"". Live 2026-10-09: HTTP 200, robots=""noindex, follow"", canonical https://ridencare.co.in/bike-repair/singasandra, absent from sitemap",Yes — follows the area decision (noindex while the area page itself is noindex),No change until the corresponding area page is promoted
/bike-repair/varthur,Yes,"Service×area page inherits the area gate: src/routes/$service.$area.tsx applies areaRobots(area); varthur is unconfirmed/non-priority → ""noindex, follow"". Live 2026-10-09: HTTP 200, robots=""noindex, follow"", canonical https://ridencare.co.in/bike-repair/varthur, absent from sitemap",Yes — follows the area decision (noindex while the area page itself is noindex),No change until the corresponding area page is promoted
/bike-repair/yelahanka,Yes,"Service×area page inherits the area gate: src/routes/$service.$area.tsx applies areaRobots(area); yelahanka is unconfirmed/non-priority → ""noindex, follow"". Live 2026-10-09: HTTP 200, robots=""noindex, follow"", canonical https://ridencare.co.in/bike-repair/yelahanka, absent from sitemap",Yes — follows the area decision (noindex while the area page itself is noindex),No change until the corresponding area page is promoted
/bike-repair/yeshwanthpur,Yes,"Service×area page inherits the area gate: src/routes/$service.$area.tsx applies areaRobots(area); yeshwanthpur is unconfirmed/non-priority → ""noindex, follow"". Live 2026-10-09: HTTP 200, robots=""noindex, follow"", canonical https://ridencare.co.in/bike-repair/yeshwanthpur, absent from sitemap",Yes — follows the area decision (noindex while the area page itself is noindex),No change until the corresponding area page is promoted
/bike-service/banashankari,Yes,"Service×area page inherits the area gate: src/routes/$service.$area.tsx applies areaRobots(area); banashankari is unconfirmed/non-priority → ""noindex, follow"". Live 2026-10-09: HTTP 200, robots=""noindex, follow"", canonical https://ridencare.co.in/bike-service/banashankari, absent from sitemap; P0 slug pair (2026-10-05 plan)",No — flip together with its /areas/{slug} P0 guide on deploy,Flip with the P0 deploy; verify robots + sitemap membership + GSC inspection afterwards
/bike-service/bannerghatta-road,Yes,"Service×area page inherits the area gate: src/routes/$service.$area.tsx applies areaRobots(area); bannerghatta-road is unconfirmed/non-priority → ""noindex, follow"". Live 2026-10-09: HTTP 200, robots=""noindex, follow"", canonical https://ridencare.co.in/bike-service/bannerghatta-road, absent from sitemap",Yes — follows the area decision (noindex while the area page itself is noindex),No change until the corresponding area page is promoted
/bike-service/bommanahalli,Yes,"Service×area page inherits the area gate: src/routes/$service.$area.tsx applies areaRobots(area); bommanahalli is unconfirmed/non-priority → ""noindex, follow"". Live 2026-10-09: HTTP 200, robots=""noindex, follow"", canonical https://ridencare.co.in/bike-service/bommanahalli, absent from sitemap",Yes — follows the area decision (noindex while the area page itself is noindex),No change until the corresponding area page is promoted
/bike-service/brookefield,Yes,"Service×area page inherits the area gate: src/routes/$service.$area.tsx applies areaRobots(area); brookefield is unconfirmed/non-priority → ""noindex, follow"". Live 2026-10-09: HTTP 200, robots=""noindex, follow"", canonical https://ridencare.co.in/bike-service/brookefield, absent from sitemap",Yes — follows the area decision (noindex while the area page itself is noindex),No change until the corresponding area page is promoted
/bike-service/choodasandra,Yes,"Service×area page inherits the area gate: src/routes/$service.$area.tsx applies areaRobots(area); choodasandra is unconfirmed/non-priority → ""noindex, follow"". Live 2026-10-09: HTTP 200, robots=""noindex, follow"", canonical https://ridencare.co.in/bike-service/choodasandra, absent from sitemap",Yes — follows the area decision (noindex while the area page itself is noindex),No change until the corresponding area page is promoted
/bike-service/domlur,Yes,"Service×area page inherits the area gate: src/routes/$service.$area.tsx applies areaRobots(area); domlur is unconfirmed/non-priority → ""noindex, follow"". Live 2026-10-09: HTTP 200, robots=""noindex, follow"", canonical https://ridencare.co.in/bike-service/domlur, absent from sitemap",Yes — follows the area decision (noindex while the area page itself is noindex),No change until the corresponding area page is promoted
/bike-service/ejipura,Yes,"Service×area page inherits the area gate: src/routes/$service.$area.tsx applies areaRobots(area); ejipura is unconfirmed/non-priority → ""noindex, follow"". Live 2026-10-09: HTTP 200, robots=""noindex, follow"", canonical https://ridencare.co.in/bike-service/ejipura, absent from sitemap",Yes — follows the area decision (noindex while the area page itself is noindex),No change until the corresponding area page is promoted
/bike-service/gunjur,Yes,"Service×area page inherits the area gate: src/routes/$service.$area.tsx applies areaRobots(area); gunjur is unconfirmed/non-priority → ""noindex, follow"". Live 2026-10-09: HTTP 200, robots=""noindex, follow"", canonical https://ridencare.co.in/bike-service/gunjur, absent from sitemap",Yes — follows the area decision (noindex while the area page itself is noindex),No change until the corresponding area page is promoted
/bike-service/hal,Yes,"Service×area page inherits the area gate: src/routes/$service.$area.tsx applies areaRobots(area); hal is unconfirmed/non-priority → ""noindex, follow"". Live 2026-10-09: HTTP 200, robots=""noindex, follow"", canonical https://ridencare.co.in/bike-service/hal, absent from sitemap",Yes — follows the area decision (noindex while the area page itself is noindex),No change until the corresponding area page is promoted
/bike-service/harlur,Yes,"Service×area page inherits the area gate: src/routes/$service.$area.tsx applies areaRobots(area); harlur is unconfirmed/non-priority → ""noindex, follow"". Live 2026-10-09: HTTP 200, robots=""noindex, follow"", canonical https://ridencare.co.in/bike-service/harlur, absent from sitemap",Yes — follows the area decision (noindex while the area page itself is noindex),No change until the corresponding area page is promoted
/bike-service/kadubeesanahalli,Yes,"Service×area page inherits the area gate: src/routes/$service.$area.tsx applies areaRobots(area); kadubeesanahalli is unconfirmed/non-priority → ""noindex, follow"". Live 2026-10-09: HTTP 200, robots=""noindex, follow"", canonical https://ridencare.co.in/bike-service/kadubeesanahalli, absent from sitemap",Yes — follows the area decision (noindex while the area page itself is noindex),No change until the corresponding area page is promoted
/bike-service/kalyan-nagar,Yes,"Service×area page inherits the area gate: src/routes/$service.$area.tsx applies areaRobots(area); kalyan-nagar is unconfirmed/non-priority → ""noindex, follow"". Live 2026-10-09: HTTP 200, robots=""noindex, follow"", canonical https://ridencare.co.in/bike-service/kalyan-nagar, absent from sitemap",Yes — follows the area decision (noindex while the area page itself is noindex),No change until the corresponding area page is promoted
/bike-service/kanakapura-road,Yes,"Service×area page inherits the area gate: src/routes/$service.$area.tsx applies areaRobots(area); kanakapura-road is unconfirmed/non-priority → ""noindex, follow"". Live 2026-10-09: HTTP 200, robots=""noindex, follow"", canonical https://ridencare.co.in/bike-service/kanakapura-road, absent from sitemap",Yes — follows the area decision (noindex while the area page itself is noindex),No change until the corresponding area page is promoted
/bike-service/kasavanahalli,Yes,"Service×area page inherits the area gate: src/routes/$service.$area.tsx applies areaRobots(area); kasavanahalli is unconfirmed/non-priority → ""noindex, follow"". Live 2026-10-09: HTTP 200, robots=""noindex, follow"", canonical https://ridencare.co.in/bike-service/kasavanahalli, absent from sitemap",Yes — follows the area decision (noindex while the area page itself is noindex),No change until the corresponding area page is promoted
/bike-service/kr-puram,Yes,"Service×area page inherits the area gate: src/routes/$service.$area.tsx applies areaRobots(area); kr-puram is unconfirmed/non-priority → ""noindex, follow"". Live 2026-10-09: HTTP 200, robots=""noindex, follow"", canonical https://ridencare.co.in/bike-service/kr-puram, absent from sitemap; P0 slug pair (2026-10-05 plan)",No — flip together with its /areas/{slug} P0 guide on deploy,Flip with the P0 deploy; verify robots + sitemap membership + GSC inspection afterwards
/bike-service/kudlu-gate,Yes,"Service×area page inherits the area gate: src/routes/$service.$area.tsx applies areaRobots(area); kudlu-gate is unconfirmed/non-priority → ""noindex, follow"". Live 2026-10-09: HTTP 200, robots=""noindex, follow"", canonical https://ridencare.co.in/bike-service/kudlu-gate, absent from sitemap",Yes — follows the area decision (noindex while the area page itself is noindex),No change until the corresponding area page is promoted
/bike-service/madiwala,Yes,"Service×area page inherits the area gate: src/routes/$service.$area.tsx applies areaRobots(area); madiwala is unconfirmed/non-priority → ""noindex, follow"". Live 2026-10-09: HTTP 200, robots=""noindex, follow"", canonical https://ridencare.co.in/bike-service/madiwala, absent from sitemap; P0 slug pair (2026-10-05 plan)",No — flip together with its /areas/{slug} P0 guide on deploy,Flip with the P0 deploy; verify robots + sitemap membership + GSC inspection afterwards
/bike-service/mahadevapura,Yes,"Service×area page inherits the area gate: src/routes/$service.$area.tsx applies areaRobots(area); mahadevapura is unconfirmed/non-priority → ""noindex, follow"". Live 2026-10-09: HTTP 200, robots=""noindex, follow"", canonical https://ridencare.co.in/bike-service/mahadevapura, absent from sitemap; P0 slug pair (2026-10-05 plan)",No — flip together with its /areas/{slug} P0 guide on deploy,Flip with the P0 deploy; verify robots + sitemap membership + GSC inspection afterwards
/bike-service/malleshwaram,Yes,"Service×area page inherits the area gate: src/routes/$service.$area.tsx applies areaRobots(area); malleshwaram is unconfirmed/non-priority → ""noindex, follow"". Live 2026-10-09: HTTP 200, robots=""noindex, follow"", canonical https://ridencare.co.in/bike-service/malleshwaram, absent from sitemap",Yes — follows the area decision (noindex while the area page itself is noindex),No change until the corresponding area page is promoted
/bike-service/mg-road,Yes,"Service×area page inherits the area gate: src/routes/$service.$area.tsx applies areaRobots(area); mg-road is unconfirmed/non-priority → ""noindex, follow"". Live 2026-10-09: HTTP 200, robots=""noindex, follow"", canonical https://ridencare.co.in/bike-service/mg-road, absent from sitemap; P0 slug pair (2026-10-05 plan)",No — flip together with its /areas/{slug} P0 guide on deploy,Flip with the P0 deploy; verify robots + sitemap membership + GSC inspection afterwards
/bike-service/panathur-road,Yes,"Service×area page inherits the area gate: src/routes/$service.$area.tsx applies areaRobots(area); panathur-road is unconfirmed/non-priority → ""noindex, follow"". Live 2026-10-09: HTTP 200, robots=""noindex, follow"", canonical https://ridencare.co.in/bike-service/panathur-road, absent from sitemap",Yes — follows the area decision (noindex while the area page itself is noindex),No change until the corresponding area page is promoted
/bike-service/parappana-agrahara,Yes,"Service×area page inherits the area gate: src/routes/$service.$area.tsx applies areaRobots(area); parappana-agrahara is unconfirmed/non-priority → ""noindex, follow"". Live 2026-10-09: HTTP 200, robots=""noindex, follow"", canonical https://ridencare.co.in/bike-service/parappana-agrahara, absent from sitemap",Yes — follows the area decision (noindex while the area page itself is noindex),No change until the corresponding area page is promoted
/bike-service/peenya,Yes,"Service×area page inherits the area gate: src/routes/$service.$area.tsx applies areaRobots(area); peenya is unconfirmed/non-priority → ""noindex, follow"". Live 2026-10-09: HTTP 200, robots=""noindex, follow"", canonical https://ridencare.co.in/bike-service/peenya, absent from sitemap",Yes — follows the area decision (noindex while the area page itself is noindex),No change until the corresponding area page is promoted
/bike-service/rajajinagar,Yes,"Service×area page inherits the area gate: src/routes/$service.$area.tsx applies areaRobots(area); rajajinagar is unconfirmed/non-priority → ""noindex, follow"". Live 2026-10-09: HTTP 200, robots=""noindex, follow"", canonical https://ridencare.co.in/bike-service/rajajinagar, absent from sitemap",Yes — follows the area decision (noindex while the area page itself is noindex),No change until the corresponding area page is promoted
/bike-service/singasandra,Yes,"Service×area page inherits the area gate: src/routes/$service.$area.tsx applies areaRobots(area); singasandra is unconfirmed/non-priority → ""noindex, follow"". Live 2026-10-09: HTTP 200, robots=""noindex, follow"", canonical https://ridencare.co.in/bike-service/singasandra, absent from sitemap",Yes — follows the area decision (noindex while the area page itself is noindex),No change until the corresponding area page is promoted
/bike-service/varthur,Yes,"Service×area page inherits the area gate: src/routes/$service.$area.tsx applies areaRobots(area); varthur is unconfirmed/non-priority → ""noindex, follow"". Live 2026-10-09: HTTP 200, robots=""noindex, follow"", canonical https://ridencare.co.in/bike-service/varthur, absent from sitemap",Yes — follows the area decision (noindex while the area page itself is noindex),No change until the corresponding area page is promoted
/bike-service/yelahanka,Yes,"Service×area page inherits the area gate: src/routes/$service.$area.tsx applies areaRobots(area); yelahanka is unconfirmed/non-priority → ""noindex, follow"". Live 2026-10-09: HTTP 200, robots=""noindex, follow"", canonical https://ridencare.co.in/bike-service/yelahanka, absent from sitemap",Yes — follows the area decision (noindex while the area page itself is noindex),No change until the corresponding area page is promoted
/bike-service/yeshwanthpur,Yes,"Service×area page inherits the area gate: src/routes/$service.$area.tsx applies areaRobots(area); yeshwanthpur is unconfirmed/non-priority → ""noindex, follow"". Live 2026-10-09: HTTP 200, robots=""noindex, follow"", canonical https://ridencare.co.in/bike-service/yeshwanthpur, absent from sitemap",Yes — follows the area decision (noindex while the area page itself is noindex),No change until the corresponding area page is promoted
/doorstep-bike-repair/banashankari,Yes,"Service×area page inherits the area gate: src/routes/$service.$area.tsx applies areaRobots(area); banashankari is unconfirmed/non-priority → ""noindex, follow"". Live 2026-10-09: HTTP 200, robots=""noindex, follow"", canonical https://ridencare.co.in/doorstep-bike-repair/banashankari, absent from sitemap; P0 slug pair (2026-10-05 plan)",No — flip together with its /areas/{slug} P0 guide on deploy,Flip with the P0 deploy; verify robots + sitemap membership + GSC inspection afterwards
/doorstep-bike-repair/bannerghatta-road,Yes,"Service×area page inherits the area gate: src/routes/$service.$area.tsx applies areaRobots(area); bannerghatta-road is unconfirmed/non-priority → ""noindex, follow"". Live 2026-10-09: HTTP 200, robots=""noindex, follow"", canonical https://ridencare.co.in/doorstep-bike-repair/bannerghatta-road, absent from sitemap",Yes — follows the area decision (noindex while the area page itself is noindex),No change until the corresponding area page is promoted
/doorstep-bike-repair/bommanahalli,Yes,"Service×area page inherits the area gate: src/routes/$service.$area.tsx applies areaRobots(area); bommanahalli is unconfirmed/non-priority → ""noindex, follow"". Live 2026-10-09: HTTP 200, robots=""noindex, follow"", canonical https://ridencare.co.in/doorstep-bike-repair/bommanahalli, absent from sitemap",Yes — follows the area decision (noindex while the area page itself is noindex),No change until the corresponding area page is promoted
/doorstep-bike-repair/brookefield,Yes,"Service×area page inherits the area gate: src/routes/$service.$area.tsx applies areaRobots(area); brookefield is unconfirmed/non-priority → ""noindex, follow"". Live 2026-10-09: HTTP 200, robots=""noindex, follow"", canonical https://ridencare.co.in/doorstep-bike-repair/brookefield, absent from sitemap",Yes — follows the area decision (noindex while the area page itself is noindex),No change until the corresponding area page is promoted
/doorstep-bike-repair/choodasandra,Yes,"Service×area page inherits the area gate: src/routes/$service.$area.tsx applies areaRobots(area); choodasandra is unconfirmed/non-priority → ""noindex, follow"". Live 2026-10-09: HTTP 200, robots=""noindex, follow"", canonical https://ridencare.co.in/doorstep-bike-repair/choodasandra, absent from sitemap",Yes — follows the area decision (noindex while the area page itself is noindex),No change until the corresponding area page is promoted
/doorstep-bike-repair/domlur,Yes,"Service×area page inherits the area gate: src/routes/$service.$area.tsx applies areaRobots(area); domlur is unconfirmed/non-priority → ""noindex, follow"". Live 2026-10-09: HTTP 200, robots=""noindex, follow"", canonical https://ridencare.co.in/doorstep-bike-repair/domlur, absent from sitemap",Yes — follows the area decision (noindex while the area page itself is noindex),No change until the corresponding area page is promoted
/doorstep-bike-repair/ejipura,Yes,"Service×area page inherits the area gate: src/routes/$service.$area.tsx applies areaRobots(area); ejipura is unconfirmed/non-priority → ""noindex, follow"". Live 2026-10-09: HTTP 200, robots=""noindex, follow"", canonical https://ridencare.co.in/doorstep-bike-repair/ejipura, absent from sitemap",Yes — follows the area decision (noindex while the area page itself is noindex),No change until the corresponding area page is promoted
/doorstep-bike-repair/gunjur,Yes,"Service×area page inherits the area gate: src/routes/$service.$area.tsx applies areaRobots(area); gunjur is unconfirmed/non-priority → ""noindex, follow"". Live 2026-10-09: HTTP 200, robots=""noindex, follow"", canonical https://ridencare.co.in/doorstep-bike-repair/gunjur, absent from sitemap",Yes — follows the area decision (noindex while the area page itself is noindex),No change until the corresponding area page is promoted
/doorstep-bike-repair/hal,Yes,"Service×area page inherits the area gate: src/routes/$service.$area.tsx applies areaRobots(area); hal is unconfirmed/non-priority → ""noindex, follow"". Live 2026-10-09: HTTP 200, robots=""noindex, follow"", canonical https://ridencare.co.in/doorstep-bike-repair/hal, absent from sitemap",Yes — follows the area decision (noindex while the area page itself is noindex),No change until the corresponding area page is promoted
/doorstep-bike-repair/harlur,Yes,"Service×area page inherits the area gate: src/routes/$service.$area.tsx applies areaRobots(area); harlur is unconfirmed/non-priority → ""noindex, follow"". Live 2026-10-09: HTTP 200, robots=""noindex, follow"", canonical https://ridencare.co.in/doorstep-bike-repair/harlur, absent from sitemap",Yes — follows the area decision (noindex while the area page itself is noindex),No change until the corresponding area page is promoted
/doorstep-bike-repair/kadubeesanahalli,Yes,"Service×area page inherits the area gate: src/routes/$service.$area.tsx applies areaRobots(area); kadubeesanahalli is unconfirmed/non-priority → ""noindex, follow"". Live 2026-10-09: HTTP 200, robots=""noindex, follow"", canonical https://ridencare.co.in/doorstep-bike-repair/kadubeesanahalli, absent from sitemap",Yes — follows the area decision (noindex while the area page itself is noindex),No change until the corresponding area page is promoted
/doorstep-bike-repair/kalyan-nagar,Yes,"Service×area page inherits the area gate: src/routes/$service.$area.tsx applies areaRobots(area); kalyan-nagar is unconfirmed/non-priority → ""noindex, follow"". Live 2026-10-09: HTTP 200, robots=""noindex, follow"", canonical https://ridencare.co.in/doorstep-bike-repair/kalyan-nagar, absent from sitemap",Yes — follows the area decision (noindex while the area page itself is noindex),No change until the corresponding area page is promoted
/doorstep-bike-repair/kanakapura-road,Yes,"Service×area page inherits the area gate: src/routes/$service.$area.tsx applies areaRobots(area); kanakapura-road is unconfirmed/non-priority → ""noindex, follow"". Live 2026-10-09: HTTP 200, robots=""noindex, follow"", canonical https://ridencare.co.in/doorstep-bike-repair/kanakapura-road, absent from sitemap",Yes — follows the area decision (noindex while the area page itself is noindex),No change until the corresponding area page is promoted
/doorstep-bike-repair/kasavanahalli,Yes,"Service×area page inherits the area gate: src/routes/$service.$area.tsx applies areaRobots(area); kasavanahalli is unconfirmed/non-priority → ""noindex, follow"". Live 2026-10-09: HTTP 200, robots=""noindex, follow"", canonical https://ridencare.co.in/doorstep-bike-repair/kasavanahalli, absent from sitemap",Yes — follows the area decision (noindex while the area page itself is noindex),No change until the corresponding area page is promoted
/doorstep-bike-repair/kr-puram,Yes,"Service×area page inherits the area gate: src/routes/$service.$area.tsx applies areaRobots(area); kr-puram is unconfirmed/non-priority → ""noindex, follow"". Live 2026-10-09: HTTP 200, robots=""noindex, follow"", canonical https://ridencare.co.in/doorstep-bike-repair/kr-puram, absent from sitemap; P0 slug pair (2026-10-05 plan)",No — flip together with its /areas/{slug} P0 guide on deploy,Flip with the P0 deploy; verify robots + sitemap membership + GSC inspection afterwards
/doorstep-bike-repair/kudlu-gate,Yes,"Service×area page inherits the area gate: src/routes/$service.$area.tsx applies areaRobots(area); kudlu-gate is unconfirmed/non-priority → ""noindex, follow"". Live 2026-10-09: HTTP 200, robots=""noindex, follow"", canonical https://ridencare.co.in/doorstep-bike-repair/kudlu-gate, absent from sitemap",Yes — follows the area decision (noindex while the area page itself is noindex),No change until the corresponding area page is promoted
/doorstep-bike-repair/madiwala,Yes,"Service×area page inherits the area gate: src/routes/$service.$area.tsx applies areaRobots(area); madiwala is unconfirmed/non-priority → ""noindex, follow"". Live 2026-10-09: HTTP 200, robots=""noindex, follow"", canonical https://ridencare.co.in/doorstep-bike-repair/madiwala, absent from sitemap; P0 slug pair (2026-10-05 plan)",No — flip together with its /areas/{slug} P0 guide on deploy,Flip with the P0 deploy; verify robots + sitemap membership + GSC inspection afterwards
/doorstep-bike-repair/mahadevapura,Yes,"Service×area page inherits the area gate: src/routes/$service.$area.tsx applies areaRobots(area); mahadevapura is unconfirmed/non-priority → ""noindex, follow"". Live 2026-10-09: HTTP 200, robots=""noindex, follow"", canonical https://ridencare.co.in/doorstep-bike-repair/mahadevapura, absent from sitemap; P0 slug pair (2026-10-05 plan)",No — flip together with its /areas/{slug} P0 guide on deploy,Flip with the P0 deploy; verify robots + sitemap membership + GSC inspection afterwards
/doorstep-bike-repair/malleshwaram,Yes,"Service×area page inherits the area gate: src/routes/$service.$area.tsx applies areaRobots(area); malleshwaram is unconfirmed/non-priority → ""noindex, follow"". Live 2026-10-09: HTTP 200, robots=""noindex, follow"", canonical https://ridencare.co.in/doorstep-bike-repair/malleshwaram, absent from sitemap",Yes — follows the area decision (noindex while the area page itself is noindex),No change until the corresponding area page is promoted
/doorstep-bike-repair/mg-road,Yes,"Service×area page inherits the area gate: src/routes/$service.$area.tsx applies areaRobots(area); mg-road is unconfirmed/non-priority → ""noindex, follow"". Live 2026-10-09: HTTP 200, robots=""noindex, follow"", canonical https://ridencare.co.in/doorstep-bike-repair/mg-road, absent from sitemap; P0 slug pair (2026-10-05 plan)",No — flip together with its /areas/{slug} P0 guide on deploy,Flip with the P0 deploy; verify robots + sitemap membership + GSC inspection afterwards
/doorstep-bike-repair/panathur-road,Yes,"Service×area page inherits the area gate: src/routes/$service.$area.tsx applies areaRobots(area); panathur-road is unconfirmed/non-priority → ""noindex, follow"". Live 2026-10-09: HTTP 200, robots=""noindex, follow"", canonical https://ridencare.co.in/doorstep-bike-repair/panathur-road, absent from sitemap",Yes — follows the area decision (noindex while the area page itself is noindex),No change until the corresponding area page is promoted
/doorstep-bike-repair/parappana-agrahara,Yes,"Service×area page inherits the area gate: src/routes/$service.$area.tsx applies areaRobots(area); parappana-agrahara is unconfirmed/non-priority → ""noindex, follow"". Live 2026-10-09: HTTP 200, robots=""noindex, follow"", canonical https://ridencare.co.in/doorstep-bike-repair/parappana-agrahara, absent from sitemap",Yes — follows the area decision (noindex while the area page itself is noindex),No change until the corresponding area page is promoted
/doorstep-bike-repair/peenya,Yes,"Service×area page inherits the area gate: src/routes/$service.$area.tsx applies areaRobots(area); peenya is unconfirmed/non-priority → ""noindex, follow"". Live 2026-10-09: HTTP 200, robots=""noindex, follow"", canonical https://ridencare.co.in/doorstep-bike-repair/peenya, absent from sitemap",Yes — follows the area decision (noindex while the area page itself is noindex),No change until the corresponding area page is promoted
/doorstep-bike-repair/rajajinagar,Yes,"Service×area page inherits the area gate: src/routes/$service.$area.tsx applies areaRobots(area); rajajinagar is unconfirmed/non-priority → ""noindex, follow"". Live 2026-10-09: HTTP 200, robots=""noindex, follow"", canonical https://ridencare.co.in/doorstep-bike-repair/rajajinagar, absent from sitemap",Yes — follows the area decision (noindex while the area page itself is noindex),No change until the corresponding area page is promoted
/doorstep-bike-repair/singasandra,Yes,"Service×area page inherits the area gate: src/routes/$service.$area.tsx applies areaRobots(area); singasandra is unconfirmed/non-priority → ""noindex, follow"". Live 2026-10-09: HTTP 200, robots=""noindex, follow"", canonical https://ridencare.co.in/doorstep-bike-repair/singasandra, absent from sitemap",Yes — follows the area decision (noindex while the area page itself is noindex),No change until the corresponding area page is promoted
/doorstep-bike-repair/varthur,Yes,"Service×area page inherits the area gate: src/routes/$service.$area.tsx applies areaRobots(area); varthur is unconfirmed/non-priority → ""noindex, follow"". Live 2026-10-09: HTTP 200, robots=""noindex, follow"", canonical https://ridencare.co.in/doorstep-bike-repair/varthur, absent from sitemap",Yes — follows the area decision (noindex while the area page itself is noindex),No change until the corresponding area page is promoted
/doorstep-bike-repair/yelahanka,Yes,"Service×area page inherits the area gate: src/routes/$service.$area.tsx applies areaRobots(area); yelahanka is unconfirmed/non-priority → ""noindex, follow"". Live 2026-10-09: HTTP 200, robots=""noindex, follow"", canonical https://ridencare.co.in/doorstep-bike-repair/yelahanka, absent from sitemap",Yes — follows the area decision (noindex while the area page itself is noindex),No change until the corresponding area page is promoted
/doorstep-bike-repair/yeshwanthpur,Yes,"Service×area page inherits the area gate: src/routes/$service.$area.tsx applies areaRobots(area); yeshwanthpur is unconfirmed/non-priority → ""noindex, follow"". Live 2026-10-09: HTTP 200, robots=""noindex, follow"", canonical https://ridencare.co.in/doorstep-bike-repair/yeshwanthpur, absent from sitemap",Yes — follows the area decision (noindex while the area page itself is noindex),No change until the corresponding area page is promoted
/doorstep-bike-service/banashankari,Yes,"Service×area page inherits the area gate: src/routes/$service.$area.tsx applies areaRobots(area); banashankari is unconfirmed/non-priority → ""noindex, follow"". Live 2026-10-09: HTTP 200, robots=""noindex, follow"", canonical https://ridencare.co.in/doorstep-bike-service/banashankari, absent from sitemap; P0 slug pair (2026-10-05 plan)",No — flip together with its /areas/{slug} P0 guide on deploy,Flip with the P0 deploy; verify robots + sitemap membership + GSC inspection afterwards
/doorstep-bike-service/bannerghatta-road,Yes,"Service×area page inherits the area gate: src/routes/$service.$area.tsx applies areaRobots(area); bannerghatta-road is unconfirmed/non-priority → ""noindex, follow"". Live 2026-10-09: HTTP 200, robots=""noindex, follow"", canonical https://ridencare.co.in/doorstep-bike-service/bannerghatta-road, absent from sitemap",Yes — follows the area decision (noindex while the area page itself is noindex),No change until the corresponding area page is promoted
/doorstep-bike-service/bommanahalli,Yes,"Service×area page inherits the area gate: src/routes/$service.$area.tsx applies areaRobots(area); bommanahalli is unconfirmed/non-priority → ""noindex, follow"". Live 2026-10-09: HTTP 200, robots=""noindex, follow"", canonical https://ridencare.co.in/doorstep-bike-service/bommanahalli, absent from sitemap",Yes — follows the area decision (noindex while the area page itself is noindex),No change until the corresponding area page is promoted
/doorstep-bike-service/brookefield,Yes,"Service×area page inherits the area gate: src/routes/$service.$area.tsx applies areaRobots(area); brookefield is unconfirmed/non-priority → ""noindex, follow"". Live 2026-10-09: HTTP 200, robots=""noindex, follow"", canonical https://ridencare.co.in/doorstep-bike-service/brookefield, absent from sitemap",Yes — follows the area decision (noindex while the area page itself is noindex),No change until the corresponding area page is promoted
/doorstep-bike-service/choodasandra,Yes,"Service×area page inherits the area gate: src/routes/$service.$area.tsx applies areaRobots(area); choodasandra is unconfirmed/non-priority → ""noindex, follow"". Live 2026-10-09: HTTP 200, robots=""noindex, follow"", canonical https://ridencare.co.in/doorstep-bike-service/choodasandra, absent from sitemap",Yes — follows the area decision (noindex while the area page itself is noindex),No change until the corresponding area page is promoted
/doorstep-bike-service/domlur,Yes,"Service×area page inherits the area gate: src/routes/$service.$area.tsx applies areaRobots(area); domlur is unconfirmed/non-priority → ""noindex, follow"". Live 2026-10-09: HTTP 200, robots=""noindex, follow"", canonical https://ridencare.co.in/doorstep-bike-service/domlur, absent from sitemap",Yes — follows the area decision (noindex while the area page itself is noindex),No change until the corresponding area page is promoted
/doorstep-bike-service/ejipura,Yes,"Service×area page inherits the area gate: src/routes/$service.$area.tsx applies areaRobots(area); ejipura is unconfirmed/non-priority → ""noindex, follow"". Live 2026-10-09: HTTP 200, robots=""noindex, follow"", canonical https://ridencare.co.in/doorstep-bike-service/ejipura, absent from sitemap",Yes — follows the area decision (noindex while the area page itself is noindex),No change until the corresponding area page is promoted
/doorstep-bike-service/gunjur,Yes,"Service×area page inherits the area gate: src/routes/$service.$area.tsx applies areaRobots(area); gunjur is unconfirmed/non-priority → ""noindex, follow"". Live 2026-10-09: HTTP 200, robots=""noindex, follow"", canonical https://ridencare.co.in/doorstep-bike-service/gunjur, absent from sitemap",Yes — follows the area decision (noindex while the area page itself is noindex),No change until the corresponding area page is promoted
/doorstep-bike-service/hal,Yes,"Service×area page inherits the area gate: src/routes/$service.$area.tsx applies areaRobots(area); hal is unconfirmed/non-priority → ""noindex, follow"". Live 2026-10-09: HTTP 200, robots=""noindex, follow"", canonical https://ridencare.co.in/doorstep-bike-service/hal, absent from sitemap",Yes — follows the area decision (noindex while the area page itself is noindex),No change until the corresponding area page is promoted
/doorstep-bike-service/harlur,Yes,"Service×area page inherits the area gate: src/routes/$service.$area.tsx applies areaRobots(area); harlur is unconfirmed/non-priority → ""noindex, follow"". Live 2026-10-09: HTTP 200, robots=""noindex, follow"", canonical https://ridencare.co.in/doorstep-bike-service/harlur, absent from sitemap",Yes — follows the area decision (noindex while the area page itself is noindex),No change until the corresponding area page is promoted
/doorstep-bike-service/kadubeesanahalli,Yes,"Service×area page inherits the area gate: src/routes/$service.$area.tsx applies areaRobots(area); kadubeesanahalli is unconfirmed/non-priority → ""noindex, follow"". Live 2026-10-09: HTTP 200, robots=""noindex, follow"", canonical https://ridencare.co.in/doorstep-bike-service/kadubeesanahalli, absent from sitemap",Yes — follows the area decision (noindex while the area page itself is noindex),No change until the corresponding area page is promoted
/doorstep-bike-service/kalyan-nagar,Yes,"Service×area page inherits the area gate: src/routes/$service.$area.tsx applies areaRobots(area); kalyan-nagar is unconfirmed/non-priority → ""noindex, follow"". Live 2026-10-09: HTTP 200, robots=""noindex, follow"", canonical https://ridencare.co.in/doorstep-bike-service/kalyan-nagar, absent from sitemap",Yes — follows the area decision (noindex while the area page itself is noindex),No change until the corresponding area page is promoted
/doorstep-bike-service/kanakapura-road,Yes,"Service×area page inherits the area gate: src/routes/$service.$area.tsx applies areaRobots(area); kanakapura-road is unconfirmed/non-priority → ""noindex, follow"". Live 2026-10-09: HTTP 200, robots=""noindex, follow"", canonical https://ridencare.co.in/doorstep-bike-service/kanakapura-road, absent from sitemap",Yes — follows the area decision (noindex while the area page itself is noindex),No change until the corresponding area page is promoted
/doorstep-bike-service/kasavanahalli,Yes,"Service×area page inherits the area gate: src/routes/$service.$area.tsx applies areaRobots(area); kasavanahalli is unconfirmed/non-priority → ""noindex, follow"". Live 2026-10-09: HTTP 200, robots=""noindex, follow"", canonical https://ridencare.co.in/doorstep-bike-service/kasavanahalli, absent from sitemap",Yes — follows the area decision (noindex while the area page itself is noindex),No change until the corresponding area page is promoted
/doorstep-bike-service/kr-puram,Yes,"Service×area page inherits the area gate: src/routes/$service.$area.tsx applies areaRobots(area); kr-puram is unconfirmed/non-priority → ""noindex, follow"". Live 2026-10-09: HTTP 200, robots=""noindex, follow"", canonical https://ridencare.co.in/doorstep-bike-service/kr-puram, absent from sitemap; P0 slug pair (2026-10-05 plan)",No — flip together with its /areas/{slug} P0 guide on deploy,Flip with the P0 deploy; verify robots + sitemap membership + GSC inspection afterwards
/doorstep-bike-service/kudlu-gate,Yes,"Service×area page inherits the area gate: src/routes/$service.$area.tsx applies areaRobots(area); kudlu-gate is unconfirmed/non-priority → ""noindex, follow"". Live 2026-10-09: HTTP 200, robots=""noindex, follow"", canonical https://ridencare.co.in/doorstep-bike-service/kudlu-gate, absent from sitemap",Yes — follows the area decision (noindex while the area page itself is noindex),No change until the corresponding area page is promoted
/doorstep-bike-service/madiwala,Yes,"Service×area page inherits the area gate: src/routes/$service.$area.tsx applies areaRobots(area); madiwala is unconfirmed/non-priority → ""noindex, follow"". Live 2026-10-09: HTTP 200, robots=""noindex, follow"", canonical https://ridencare.co.in/doorstep-bike-service/madiwala, absent from sitemap; P0 slug pair (2026-10-05 plan)",No — flip together with its /areas/{slug} P0 guide on deploy,Flip with the P0 deploy; verify robots + sitemap membership + GSC inspection afterwards
/doorstep-bike-service/mahadevapura,Yes,"Service×area page inherits the area gate: src/routes/$service.$area.tsx applies areaRobots(area); mahadevapura is unconfirmed/non-priority → ""noindex, follow"". Live 2026-10-09: HTTP 200, robots=""noindex, follow"", canonical https://ridencare.co.in/doorstep-bike-service/mahadevapura, absent from sitemap; P0 slug pair (2026-10-05 plan)",No — flip together with its /areas/{slug} P0 guide on deploy,Flip with the P0 deploy; verify robots + sitemap membership + GSC inspection afterwards
/doorstep-bike-service/malleshwaram,Yes,"Service×area page inherits the area gate: src/routes/$service.$area.tsx applies areaRobots(area); malleshwaram is unconfirmed/non-priority → ""noindex, follow"". Live 2026-10-09: HTTP 200, robots=""noindex, follow"", canonical https://ridencare.co.in/doorstep-bike-service/malleshwaram, absent from sitemap",Yes — follows the area decision (noindex while the area page itself is noindex),No change until the corresponding area page is promoted
/doorstep-bike-service/mg-road,Yes,"Service×area page inherits the area gate: src/routes/$service.$area.tsx applies areaRobots(area); mg-road is unconfirmed/non-priority → ""noindex, follow"". Live 2026-10-09: HTTP 200, robots=""noindex, follow"", canonical https://ridencare.co.in/doorstep-bike-service/mg-road, absent from sitemap; P0 slug pair (2026-10-05 plan)",No — flip together with its /areas/{slug} P0 guide on deploy,Flip with the P0 deploy; verify robots + sitemap membership + GSC inspection afterwards
/doorstep-bike-service/panathur-road,Yes,"Service×area page inherits the area gate: src/routes/$service.$area.tsx applies areaRobots(area); panathur-road is unconfirmed/non-priority → ""noindex, follow"". Live 2026-10-09: HTTP 200, robots=""noindex, follow"", canonical https://ridencare.co.in/doorstep-bike-service/panathur-road, absent from sitemap",Yes — follows the area decision (noindex while the area page itself is noindex),No change until the corresponding area page is promoted
/doorstep-bike-service/parappana-agrahara,Yes,"Service×area page inherits the area gate: src/routes/$service.$area.tsx applies areaRobots(area); parappana-agrahara is unconfirmed/non-priority → ""noindex, follow"". Live 2026-10-09: HTTP 200, robots=""noindex, follow"", canonical https://ridencare.co.in/doorstep-bike-service/parappana-agrahara, absent from sitemap",Yes — follows the area decision (noindex while the area page itself is noindex),No change until the corresponding area page is promoted
/doorstep-bike-service/peenya,Yes,"Service×area page inherits the area gate: src/routes/$service.$area.tsx applies areaRobots(area); peenya is unconfirmed/non-priority → ""noindex, follow"". Live 2026-10-09: HTTP 200, robots=""noindex, follow"", canonical https://ridencare.co.in/doorstep-bike-service/peenya, absent from sitemap",Yes — follows the area decision (noindex while the area page itself is noindex),No change until the corresponding area page is promoted
/doorstep-bike-service/rajajinagar,Yes,"Service×area page inherits the area gate: src/routes/$service.$area.tsx applies areaRobots(area); rajajinagar is unconfirmed/non-priority → ""noindex, follow"". Live 2026-10-09: HTTP 200, robots=""noindex, follow"", canonical https://ridencare.co.in/doorstep-bike-service/rajajinagar, absent from sitemap",Yes — follows the area decision (noindex while the area page itself is noindex),No change until the corresponding area page is promoted
/doorstep-bike-service/singasandra,Yes,"Service×area page inherits the area gate: src/routes/$service.$area.tsx applies areaRobots(area); singasandra is unconfirmed/non-priority → ""noindex, follow"". Live 2026-10-09: HTTP 200, robots=""noindex, follow"", canonical https://ridencare.co.in/doorstep-bike-service/singasandra, absent from sitemap",Yes — follows the area decision (noindex while the area page itself is noindex),No change until the corresponding area page is promoted
/doorstep-bike-service/varthur,Yes,"Service×area page inherits the area gate: src/routes/$service.$area.tsx applies areaRobots(area); varthur is unconfirmed/non-priority → ""noindex, follow"". Live 2026-10-09: HTTP 200, robots=""noindex, follow"", canonical https://ridencare.co.in/doorstep-bike-service/varthur, absent from sitemap",Yes — follows the area decision (noindex while the area page itself is noindex),No change until the corresponding area page is promoted
/doorstep-bike-service/yelahanka,Yes,"Service×area page inherits the area gate: src/routes/$service.$area.tsx applies areaRobots(area); yelahanka is unconfirmed/non-priority → ""noindex, follow"". Live 2026-10-09: HTTP 200, robots=""noindex, follow"", canonical https://ridencare.co.in/doorstep-bike-service/yelahanka, absent from sitemap",Yes — follows the area decision (noindex while the area page itself is noindex),No change until the corresponding area page is promoted
/doorstep-bike-service/yeshwanthpur,Yes,"Service×area page inherits the area gate: src/routes/$service.$area.tsx applies areaRobots(area); yeshwanthpur is unconfirmed/non-priority → ""noindex, follow"". Live 2026-10-09: HTTP 200, robots=""noindex, follow"", canonical https://ridencare.co.in/doorstep-bike-service/yeshwanthpur, absent from sitemap",Yes — follows the area decision (noindex while the area page itself is noindex),No change until the corresponding area page is promoted
/emergency-bike-repair/banashankari,Yes,"Service×area page inherits the area gate: src/routes/$service.$area.tsx applies areaRobots(area); banashankari is unconfirmed/non-priority → ""noindex, follow"". Live 2026-10-09: HTTP 200, robots=""noindex, follow"", canonical https://ridencare.co.in/emergency-bike-repair/banashankari, absent from sitemap; P0 slug pair (2026-10-05 plan)",No — flip together with its /areas/{slug} P0 guide on deploy,Flip with the P0 deploy; verify robots + sitemap membership + GSC inspection afterwards
/emergency-bike-repair/bannerghatta-road,Yes,"Service×area page inherits the area gate: src/routes/$service.$area.tsx applies areaRobots(area); bannerghatta-road is unconfirmed/non-priority → ""noindex, follow"". Live 2026-10-09: HTTP 200, robots=""noindex, follow"", canonical https://ridencare.co.in/emergency-bike-repair/bannerghatta-road, absent from sitemap",Yes — follows the area decision (noindex while the area page itself is noindex),No change until the corresponding area page is promoted
/emergency-bike-repair/bommanahalli,Yes,"Service×area page inherits the area gate: src/routes/$service.$area.tsx applies areaRobots(area); bommanahalli is unconfirmed/non-priority → ""noindex, follow"". Live 2026-10-09: HTTP 200, robots=""noindex, follow"", canonical https://ridencare.co.in/emergency-bike-repair/bommanahalli, absent from sitemap",Yes — follows the area decision (noindex while the area page itself is noindex),No change until the corresponding area page is promoted
/emergency-bike-repair/brookefield,Yes,"Service×area page inherits the area gate: src/routes/$service.$area.tsx applies areaRobots(area); brookefield is unconfirmed/non-priority → ""noindex, follow"". Live 2026-10-09: HTTP 200, robots=""noindex, follow"", canonical https://ridencare.co.in/emergency-bike-repair/brookefield, absent from sitemap",Yes — follows the area decision (noindex while the area page itself is noindex),No change until the corresponding area page is promoted
/emergency-bike-repair/choodasandra,Yes,"Service×area page inherits the area gate: src/routes/$service.$area.tsx applies areaRobots(area); choodasandra is unconfirmed/non-priority → ""noindex, follow"". Live 2026-10-09: HTTP 200, robots=""noindex, follow"", canonical https://ridencare.co.in/emergency-bike-repair/choodasandra, absent from sitemap",Yes — follows the area decision (noindex while the area page itself is noindex),No change until the corresponding area page is promoted
/emergency-bike-repair/domlur,Yes,"Service×area page inherits the area gate: src/routes/$service.$area.tsx applies areaRobots(area); domlur is unconfirmed/non-priority → ""noindex, follow"". Live 2026-10-09: HTTP 200, robots=""noindex, follow"", canonical https://ridencare.co.in/emergency-bike-repair/domlur, absent from sitemap",Yes — follows the area decision (noindex while the area page itself is noindex),No change until the corresponding area page is promoted
/emergency-bike-repair/ejipura,Yes,"Service×area page inherits the area gate: src/routes/$service.$area.tsx applies areaRobots(area); ejipura is unconfirmed/non-priority → ""noindex, follow"". Live 2026-10-09: HTTP 200, robots=""noindex, follow"", canonical https://ridencare.co.in/emergency-bike-repair/ejipura, absent from sitemap",Yes — follows the area decision (noindex while the area page itself is noindex),No change until the corresponding area page is promoted
/emergency-bike-repair/gunjur,Yes,"Service×area page inherits the area gate: src/routes/$service.$area.tsx applies areaRobots(area); gunjur is unconfirmed/non-priority → ""noindex, follow"". Live 2026-10-09: HTTP 200, robots=""noindex, follow"", canonical https://ridencare.co.in/emergency-bike-repair/gunjur, absent from sitemap",Yes — follows the area decision (noindex while the area page itself is noindex),No change until the corresponding area page is promoted
/emergency-bike-repair/hal,Yes,"Service×area page inherits the area gate: src/routes/$service.$area.tsx applies areaRobots(area); hal is unconfirmed/non-priority → ""noindex, follow"". Live 2026-10-09: HTTP 200, robots=""noindex, follow"", canonical https://ridencare.co.in/emergency-bike-repair/hal, absent from sitemap",Yes — follows the area decision (noindex while the area page itself is noindex),No change until the corresponding area page is promoted
/emergency-bike-repair/harlur,Yes,"Service×area page inherits the area gate: src/routes/$service.$area.tsx applies areaRobots(area); harlur is unconfirmed/non-priority → ""noindex, follow"". Live 2026-10-09: HTTP 200, robots=""noindex, follow"", canonical https://ridencare.co.in/emergency-bike-repair/harlur, absent from sitemap",Yes — follows the area decision (noindex while the area page itself is noindex),No change until the corresponding area page is promoted
/emergency-bike-repair/kadubeesanahalli,Yes,"Service×area page inherits the area gate: src/routes/$service.$area.tsx applies areaRobots(area); kadubeesanahalli is unconfirmed/non-priority → ""noindex, follow"". Live 2026-10-09: HTTP 200, robots=""noindex, follow"", canonical https://ridencare.co.in/emergency-bike-repair/kadubeesanahalli, absent from sitemap",Yes — follows the area decision (noindex while the area page itself is noindex),No change until the corresponding area page is promoted
/emergency-bike-repair/kalyan-nagar,Yes,"Service×area page inherits the area gate: src/routes/$service.$area.tsx applies areaRobots(area); kalyan-nagar is unconfirmed/non-priority → ""noindex, follow"". Live 2026-10-09: HTTP 200, robots=""noindex, follow"", canonical https://ridencare.co.in/emergency-bike-repair/kalyan-nagar, absent from sitemap",Yes — follows the area decision (noindex while the area page itself is noindex),No change until the corresponding area page is promoted
/emergency-bike-repair/kanakapura-road,Yes,"Service×area page inherits the area gate: src/routes/$service.$area.tsx applies areaRobots(area); kanakapura-road is unconfirmed/non-priority → ""noindex, follow"". Live 2026-10-09: HTTP 200, robots=""noindex, follow"", canonical https://ridencare.co.in/emergency-bike-repair/kanakapura-road, absent from sitemap",Yes — follows the area decision (noindex while the area page itself is noindex),No change until the corresponding area page is promoted
/emergency-bike-repair/kasavanahalli,Yes,"Service×area page inherits the area gate: src/routes/$service.$area.tsx applies areaRobots(area); kasavanahalli is unconfirmed/non-priority → ""noindex, follow"". Live 2026-10-09: HTTP 200, robots=""noindex, follow"", canonical https://ridencare.co.in/emergency-bike-repair/kasavanahalli, absent from sitemap",Yes — follows the area decision (noindex while the area page itself is noindex),No change until the corresponding area page is promoted
/emergency-bike-repair/kr-puram,Yes,"Service×area page inherits the area gate: src/routes/$service.$area.tsx applies areaRobots(area); kr-puram is unconfirmed/non-priority → ""noindex, follow"". Live 2026-10-09: HTTP 200, robots=""noindex, follow"", canonical https://ridencare.co.in/emergency-bike-repair/kr-puram, absent from sitemap; P0 slug pair (2026-10-05 plan)",No — flip together with its /areas/{slug} P0 guide on deploy,Flip with the P0 deploy; verify robots + sitemap membership + GSC inspection afterwards
/emergency-bike-repair/kudlu-gate,Yes,"Service×area page inherits the area gate: src/routes/$service.$area.tsx applies areaRobots(area); kudlu-gate is unconfirmed/non-priority → ""noindex, follow"". Live 2026-10-09: HTTP 200, robots=""noindex, follow"", canonical https://ridencare.co.in/emergency-bike-repair/kudlu-gate, absent from sitemap",Yes — follows the area decision (noindex while the area page itself is noindex),No change until the corresponding area page is promoted
/emergency-bike-repair/madiwala,Yes,"Service×area page inherits the area gate: src/routes/$service.$area.tsx applies areaRobots(area); madiwala is unconfirmed/non-priority → ""noindex, follow"". Live 2026-10-09: HTTP 200, robots=""noindex, follow"", canonical https://ridencare.co.in/emergency-bike-repair/madiwala, absent from sitemap; P0 slug pair (2026-10-05 plan)",No — flip together with its /areas/{slug} P0 guide on deploy,Flip with the P0 deploy; verify robots + sitemap membership + GSC inspection afterwards
/emergency-bike-repair/mahadevapura,Yes,"Service×area page inherits the area gate: src/routes/$service.$area.tsx applies areaRobots(area); mahadevapura is unconfirmed/non-priority → ""noindex, follow"". Live 2026-10-09: HTTP 200, robots=""noindex, follow"", canonical https://ridencare.co.in/emergency-bike-repair/mahadevapura, absent from sitemap; P0 slug pair (2026-10-05 plan)",No — flip together with its /areas/{slug} P0 guide on deploy,Flip with the P0 deploy; verify robots + sitemap membership + GSC inspection afterwards
/emergency-bike-repair/malleshwaram,Yes,"Service×area page inherits the area gate: src/routes/$service.$area.tsx applies areaRobots(area); malleshwaram is unconfirmed/non-priority → ""noindex, follow"". Live 2026-10-09: HTTP 200, robots=""noindex, follow"", canonical https://ridencare.co.in/emergency-bike-repair/malleshwaram, absent from sitemap",Yes — follows the area decision (noindex while the area page itself is noindex),No change until the corresponding area page is promoted
/emergency-bike-repair/mg-road,Yes,"Service×area page inherits the area gate: src/routes/$service.$area.tsx applies areaRobots(area); mg-road is unconfirmed/non-priority → ""noindex, follow"". Live 2026-10-09: HTTP 200, robots=""noindex, follow"", canonical https://ridencare.co.in/emergency-bike-repair/mg-road, absent from sitemap; P0 slug pair (2026-10-05 plan)",No — flip together with its /areas/{slug} P0 guide on deploy,Flip with the P0 deploy; verify robots + sitemap membership + GSC inspection afterwards
/emergency-bike-repair/panathur-road,Yes,"Service×area page inherits the area gate: src/routes/$service.$area.tsx applies areaRobots(area); panathur-road is unconfirmed/non-priority → ""noindex, follow"". Live 2026-10-09: HTTP 200, robots=""noindex, follow"", canonical https://ridencare.co.in/emergency-bike-repair/panathur-road, absent from sitemap",Yes — follows the area decision (noindex while the area page itself is noindex),No change until the corresponding area page is promoted
/emergency-bike-repair/parappana-agrahara,Yes,"Service×area page inherits the area gate: src/routes/$service.$area.tsx applies areaRobots(area); parappana-agrahara is unconfirmed/non-priority → ""noindex, follow"". Live 2026-10-09: HTTP 200, robots=""noindex, follow"", canonical https://ridencare.co.in/emergency-bike-repair/parappana-agrahara, absent from sitemap",Yes — follows the area decision (noindex while the area page itself is noindex),No change until the corresponding area page is promoted
/emergency-bike-repair/peenya,Yes,"Service×area page inherits the area gate: src/routes/$service.$area.tsx applies areaRobots(area); peenya is unconfirmed/non-priority → ""noindex, follow"". Live 2026-10-09: HTTP 200, robots=""noindex, follow"", canonical https://ridencare.co.in/emergency-bike-repair/peenya, absent from sitemap",Yes — follows the area decision (noindex while the area page itself is noindex),No change until the corresponding area page is promoted
/emergency-bike-repair/rajajinagar,Yes,"Service×area page inherits the area gate: src/routes/$service.$area.tsx applies areaRobots(area); rajajinagar is unconfirmed/non-priority → ""noindex, follow"". Live 2026-10-09: HTTP 200, robots=""noindex, follow"", canonical https://ridencare.co.in/emergency-bike-repair/rajajinagar, absent from sitemap",Yes — follows the area decision (noindex while the area page itself is noindex),No change until the corresponding area page is promoted
/emergency-bike-repair/singasandra,Yes,"Service×area page inherits the area gate: src/routes/$service.$area.tsx applies areaRobots(area); singasandra is unconfirmed/non-priority → ""noindex, follow"". Live 2026-10-09: HTTP 200, robots=""noindex, follow"", canonical https://ridencare.co.in/emergency-bike-repair/singasandra, absent from sitemap",Yes — follows the area decision (noindex while the area page itself is noindex),No change until the corresponding area page is promoted
/emergency-bike-repair/varthur,Yes,"Service×area page inherits the area gate: src/routes/$service.$area.tsx applies areaRobots(area); varthur is unconfirmed/non-priority → ""noindex, follow"". Live 2026-10-09: HTTP 200, robots=""noindex, follow"", canonical https://ridencare.co.in/emergency-bike-repair/varthur, absent from sitemap",Yes — follows the area decision (noindex while the area page itself is noindex),No change until the corresponding area page is promoted
/emergency-bike-repair/yelahanka,Yes,"Service×area page inherits the area gate: src/routes/$service.$area.tsx applies areaRobots(area); yelahanka is unconfirmed/non-priority → ""noindex, follow"". Live 2026-10-09: HTTP 200, robots=""noindex, follow"", canonical https://ridencare.co.in/emergency-bike-repair/yelahanka, absent from sitemap",Yes — follows the area decision (noindex while the area page itself is noindex),No change until the corresponding area page is promoted
/emergency-bike-repair/yeshwanthpur,Yes,"Service×area page inherits the area gate: src/routes/$service.$area.tsx applies areaRobots(area); yeshwanthpur is unconfirmed/non-priority → ""noindex, follow"". Live 2026-10-09: HTTP 200, robots=""noindex, follow"", canonical https://ridencare.co.in/emergency-bike-repair/yeshwanthpur, absent from sitemap",Yes — follows the area decision (noindex while the area page itself is noindex),No change until the corresponding area page is promoted
/map,Yes,"Live 2026-10-09: HTTP 200, robots=""noindex, follow"", canonical https://ridencare.co.in/map, absent from sitemap. Map-only utility page; meta-robots noindex intentional, excluded from sitemap (docs/seo/31 §3b)",Yes — utility page,No change
/motorcycle-service/banashankari,Yes,"Service×area page inherits the area gate: src/routes/$service.$area.tsx applies areaRobots(area); banashankari is unconfirmed/non-priority → ""noindex, follow"". Live 2026-10-09: HTTP 200, robots=""noindex, follow"", canonical https://ridencare.co.in/motorcycle-service/banashankari, absent from sitemap; P0 slug pair (2026-10-05 plan)",No — flip together with its /areas/{slug} P0 guide on deploy,Flip with the P0 deploy; verify robots + sitemap membership + GSC inspection afterwards
/motorcycle-service/bannerghatta-road,Yes,"Service×area page inherits the area gate: src/routes/$service.$area.tsx applies areaRobots(area); bannerghatta-road is unconfirmed/non-priority → ""noindex, follow"". Live 2026-10-09: HTTP 200, robots=""noindex, follow"", canonical https://ridencare.co.in/motorcycle-service/bannerghatta-road, absent from sitemap",Yes — follows the area decision (noindex while the area page itself is noindex),No change until the corresponding area page is promoted
/motorcycle-service/bommanahalli,Yes,"Service×area page inherits the area gate: src/routes/$service.$area.tsx applies areaRobots(area); bommanahalli is unconfirmed/non-priority → ""noindex, follow"". Live 2026-10-09: HTTP 200, robots=""noindex, follow"", canonical https://ridencare.co.in/motorcycle-service/bommanahalli, absent from sitemap",Yes — follows the area decision (noindex while the area page itself is noindex),No change until the corresponding area page is promoted
/motorcycle-service/brookefield,Yes,"Service×area page inherits the area gate: src/routes/$service.$area.tsx applies areaRobots(area); brookefield is unconfirmed/non-priority → ""noindex, follow"". Live 2026-10-09: HTTP 200, robots=""noindex, follow"", canonical https://ridencare.co.in/motorcycle-service/brookefield, absent from sitemap",Yes — follows the area decision (noindex while the area page itself is noindex),No change until the corresponding area page is promoted
/motorcycle-service/choodasandra,Yes,"Service×area page inherits the area gate: src/routes/$service.$area.tsx applies areaRobots(area); choodasandra is unconfirmed/non-priority → ""noindex, follow"". Live 2026-10-09: HTTP 200, robots=""noindex, follow"", canonical https://ridencare.co.in/motorcycle-service/choodasandra, absent from sitemap",Yes — follows the area decision (noindex while the area page itself is noindex),No change until the corresponding area page is promoted
/motorcycle-service/domlur,Yes,"Service×area page inherits the area gate: src/routes/$service.$area.tsx applies areaRobots(area); domlur is unconfirmed/non-priority → ""noindex, follow"". Live 2026-10-09: HTTP 200, robots=""noindex, follow"", canonical https://ridencare.co.in/motorcycle-service/domlur, absent from sitemap",Yes — follows the area decision (noindex while the area page itself is noindex),No change until the corresponding area page is promoted
/motorcycle-service/ejipura,Yes,"Service×area page inherits the area gate: src/routes/$service.$area.tsx applies areaRobots(area); ejipura is unconfirmed/non-priority → ""noindex, follow"". Live 2026-10-09: HTTP 200, robots=""noindex, follow"", canonical https://ridencare.co.in/motorcycle-service/ejipura, absent from sitemap",Yes — follows the area decision (noindex while the area page itself is noindex),No change until the corresponding area page is promoted
/motorcycle-service/gunjur,Yes,"Service×area page inherits the area gate: src/routes/$service.$area.tsx applies areaRobots(area); gunjur is unconfirmed/non-priority → ""noindex, follow"". Live 2026-10-09: HTTP 200, robots=""noindex, follow"", canonical https://ridencare.co.in/motorcycle-service/gunjur, absent from sitemap",Yes — follows the area decision (noindex while the area page itself is noindex),No change until the corresponding area page is promoted
/motorcycle-service/hal,Yes,"Service×area page inherits the area gate: src/routes/$service.$area.tsx applies areaRobots(area); hal is unconfirmed/non-priority → ""noindex, follow"". Live 2026-10-09: HTTP 200, robots=""noindex, follow"", canonical https://ridencare.co.in/motorcycle-service/hal, absent from sitemap",Yes — follows the area decision (noindex while the area page itself is noindex),No change until the corresponding area page is promoted
/motorcycle-service/harlur,Yes,"Service×area page inherits the area gate: src/routes/$service.$area.tsx applies areaRobots(area); harlur is unconfirmed/non-priority → ""noindex, follow"". Live 2026-10-09: HTTP 200, robots=""noindex, follow"", canonical https://ridencare.co.in/motorcycle-service/harlur, absent from sitemap",Yes — follows the area decision (noindex while the area page itself is noindex),No change until the corresponding area page is promoted
/motorcycle-service/kadubeesanahalli,Yes,"Service×area page inherits the area gate: src/routes/$service.$area.tsx applies areaRobots(area); kadubeesanahalli is unconfirmed/non-priority → ""noindex, follow"". Live 2026-10-09: HTTP 200, robots=""noindex, follow"", canonical https://ridencare.co.in/motorcycle-service/kadubeesanahalli, absent from sitemap",Yes — follows the area decision (noindex while the area page itself is noindex),No change until the corresponding area page is promoted
/motorcycle-service/kalyan-nagar,Yes,"Service×area page inherits the area gate: src/routes/$service.$area.tsx applies areaRobots(area); kalyan-nagar is unconfirmed/non-priority → ""noindex, follow"". Live 2026-10-09: HTTP 200, robots=""noindex, follow"", canonical https://ridencare.co.in/motorcycle-service/kalyan-nagar, absent from sitemap",Yes — follows the area decision (noindex while the area page itself is noindex),No change until the corresponding area page is promoted
/motorcycle-service/kanakapura-road,Yes,"Service×area page inherits the area gate: src/routes/$service.$area.tsx applies areaRobots(area); kanakapura-road is unconfirmed/non-priority → ""noindex, follow"". Live 2026-10-09: HTTP 200, robots=""noindex, follow"", canonical https://ridencare.co.in/motorcycle-service/kanakapura-road, absent from sitemap",Yes — follows the area decision (noindex while the area page itself is noindex),No change until the corresponding area page is promoted
/motorcycle-service/kasavanahalli,Yes,"Service×area page inherits the area gate: src/routes/$service.$area.tsx applies areaRobots(area); kasavanahalli is unconfirmed/non-priority → ""noindex, follow"". Live 2026-10-09: HTTP 200, robots=""noindex, follow"", canonical https://ridencare.co.in/motorcycle-service/kasavanahalli, absent from sitemap",Yes — follows the area decision (noindex while the area page itself is noindex),No change until the corresponding area page is promoted
/motorcycle-service/kr-puram,Yes,"Service×area page inherits the area gate: src/routes/$service.$area.tsx applies areaRobots(area); kr-puram is unconfirmed/non-priority → ""noindex, follow"". Live 2026-10-09: HTTP 200, robots=""noindex, follow"", canonical https://ridencare.co.in/motorcycle-service/kr-puram, absent from sitemap; P0 slug pair (2026-10-05 plan)",No — flip together with its /areas/{slug} P0 guide on deploy,Flip with the P0 deploy; verify robots + sitemap membership + GSC inspection afterwards
/motorcycle-service/kudlu-gate,Yes,"Service×area page inherits the area gate: src/routes/$service.$area.tsx applies areaRobots(area); kudlu-gate is unconfirmed/non-priority → ""noindex, follow"". Live 2026-10-09: HTTP 200, robots=""noindex, follow"", canonical https://ridencare.co.in/motorcycle-service/kudlu-gate, absent from sitemap",Yes — follows the area decision (noindex while the area page itself is noindex),No change until the corresponding area page is promoted
/motorcycle-service/madiwala,Yes,"Service×area page inherits the area gate: src/routes/$service.$area.tsx applies areaRobots(area); madiwala is unconfirmed/non-priority → ""noindex, follow"". Live 2026-10-09: HTTP 200, robots=""noindex, follow"", canonical https://ridencare.co.in/motorcycle-service/madiwala, absent from sitemap; P0 slug pair (2026-10-05 plan)",No — flip together with its /areas/{slug} P0 guide on deploy,Flip with the P0 deploy; verify robots + sitemap membership + GSC inspection afterwards
/motorcycle-service/mahadevapura,Yes,"Service×area page inherits the area gate: src/routes/$service.$area.tsx applies areaRobots(area); mahadevapura is unconfirmed/non-priority → ""noindex, follow"". Live 2026-10-09: HTTP 200, robots=""noindex, follow"", canonical https://ridencare.co.in/motorcycle-service/mahadevapura, absent from sitemap; P0 slug pair (2026-10-05 plan)",No — flip together with its /areas/{slug} P0 guide on deploy,Flip with the P0 deploy; verify robots + sitemap membership + GSC inspection afterwards
/motorcycle-service/malleshwaram,Yes,"Service×area page inherits the area gate: src/routes/$service.$area.tsx applies areaRobots(area); malleshwaram is unconfirmed/non-priority → ""noindex, follow"". Live 2026-10-09: HTTP 200, robots=""noindex, follow"", canonical https://ridencare.co.in/motorcycle-service/malleshwaram, absent from sitemap",Yes — follows the area decision (noindex while the area page itself is noindex),No change until the corresponding area page is promoted
/motorcycle-service/mg-road,Yes,"Service×area page inherits the area gate: src/routes/$service.$area.tsx applies areaRobots(area); mg-road is unconfirmed/non-priority → ""noindex, follow"". Live 2026-10-09: HTTP 200, robots=""noindex, follow"", canonical https://ridencare.co.in/motorcycle-service/mg-road, absent from sitemap; P0 slug pair (2026-10-05 plan)",No — flip together with its /areas/{slug} P0 guide on deploy,Flip with the P0 deploy; verify robots + sitemap membership + GSC inspection afterwards
/motorcycle-service/panathur-road,Yes,"Service×area page inherits the area gate: src/routes/$service.$area.tsx applies areaRobots(area); panathur-road is unconfirmed/non-priority → ""noindex, follow"". Live 2026-10-09: HTTP 200, robots=""noindex, follow"", canonical https://ridencare.co.in/motorcycle-service/panathur-road, absent from sitemap",Yes — follows the area decision (noindex while the area page itself is noindex),No change until the corresponding area page is promoted
/motorcycle-service/parappana-agrahara,Yes,"Service×area page inherits the area gate: src/routes/$service.$area.tsx applies areaRobots(area); parappana-agrahara is unconfirmed/non-priority → ""noindex, follow"". Live 2026-10-09: HTTP 200, robots=""noindex, follow"", canonical https://ridencare.co.in/motorcycle-service/parappana-agrahara, absent from sitemap",Yes — follows the area decision (noindex while the area page itself is noindex),No change until the corresponding area page is promoted
/motorcycle-service/peenya,Yes,"Service×area page inherits the area gate: src/routes/$service.$area.tsx applies areaRobots(area); peenya is unconfirmed/non-priority → ""noindex, follow"". Live 2026-10-09: HTTP 200, robots=""noindex, follow"", canonical https://ridencare.co.in/motorcycle-service/peenya, absent from sitemap",Yes — follows the area decision (noindex while the area page itself is noindex),No change until the corresponding area page is promoted
/motorcycle-service/rajajinagar,Yes,"Service×area page inherits the area gate: src/routes/$service.$area.tsx applies areaRobots(area); rajajinagar is unconfirmed/non-priority → ""noindex, follow"". Live 2026-10-09: HTTP 200, robots=""noindex, follow"", canonical https://ridencare.co.in/motorcycle-service/rajajinagar, absent from sitemap",Yes — follows the area decision (noindex while the area page itself is noindex),No change until the corresponding area page is promoted
/motorcycle-service/singasandra,Yes,"Service×area page inherits the area gate: src/routes/$service.$area.tsx applies areaRobots(area); singasandra is unconfirmed/non-priority → ""noindex, follow"". Live 2026-10-09: HTTP 200, robots=""noindex, follow"", canonical https://ridencare.co.in/motorcycle-service/singasandra, absent from sitemap",Yes — follows the area decision (noindex while the area page itself is noindex),No change until the corresponding area page is promoted
/motorcycle-service/varthur,Yes,"Service×area page inherits the area gate: src/routes/$service.$area.tsx applies areaRobots(area); varthur is unconfirmed/non-priority → ""noindex, follow"". Live 2026-10-09: HTTP 200, robots=""noindex, follow"", canonical https://ridencare.co.in/motorcycle-service/varthur, absent from sitemap",Yes — follows the area decision (noindex while the area page itself is noindex),No change until the corresponding area page is promoted
/motorcycle-service/yelahanka,Yes,"Service×area page inherits the area gate: src/routes/$service.$area.tsx applies areaRobots(area); yelahanka is unconfirmed/non-priority → ""noindex, follow"". Live 2026-10-09: HTTP 200, robots=""noindex, follow"", canonical https://ridencare.co.in/motorcycle-service/yelahanka, absent from sitemap",Yes — follows the area decision (noindex while the area page itself is noindex),No change until the corresponding area page is promoted
/motorcycle-service/yeshwanthpur,Yes,"Service×area page inherits the area gate: src/routes/$service.$area.tsx applies areaRobots(area); yeshwanthpur is unconfirmed/non-priority → ""noindex, follow"". Live 2026-10-09: HTTP 200, robots=""noindex, follow"", canonical https://ridencare.co.in/motorcycle-service/yeshwanthpur, absent from sitemap",Yes — follows the area decision (noindex while the area page itself is noindex),No change until the corresponding area page is promoted
/privacy,Yes,"Live 2026-10-09: HTTP 200, robots=""noindex, follow"", canonical https://ridencare.co.in/privacy, absent from sitemap. Legal page with [OWNER TO REVIEW] placeholders (docs/seo/STATE.md Part 2; docs/seo/31 §5)",Yes — until the owner approves the final copy,"Owner completes copy review, then flip to indexable (already footer-linked)"
/sample-invoice,Yes,"Live 2026-10-09: HTTP 200, robots=""noindex, nofollow"", canonical https://ridencare.co.in/sample-invoice, absent from sitemap. Sample invoice with dummy data, noindex,nofollow by design (STATE.md Part 9.3)",Yes — never indexable,No change
/scooter-service/banashankari,Yes,"Service×area page inherits the area gate: src/routes/$service.$area.tsx applies areaRobots(area); banashankari is unconfirmed/non-priority → ""noindex, follow"". Live 2026-10-09: HTTP 200, robots=""noindex, follow"", canonical https://ridencare.co.in/scooter-service/banashankari, absent from sitemap; P0 slug pair (2026-10-05 plan)",No — flip together with its /areas/{slug} P0 guide on deploy,Flip with the P0 deploy; verify robots + sitemap membership + GSC inspection afterwards
/scooter-service/bannerghatta-road,Yes,"Service×area page inherits the area gate: src/routes/$service.$area.tsx applies areaRobots(area); bannerghatta-road is unconfirmed/non-priority → ""noindex, follow"". Live 2026-10-09: HTTP 200, robots=""noindex, follow"", canonical https://ridencare.co.in/scooter-service/bannerghatta-road, absent from sitemap",Yes — follows the area decision (noindex while the area page itself is noindex),No change until the corresponding area page is promoted
/scooter-service/bommanahalli,Yes,"Service×area page inherits the area gate: src/routes/$service.$area.tsx applies areaRobots(area); bommanahalli is unconfirmed/non-priority → ""noindex, follow"". Live 2026-10-09: HTTP 200, robots=""noindex, follow"", canonical https://ridencare.co.in/scooter-service/bommanahalli, absent from sitemap",Yes — follows the area decision (noindex while the area page itself is noindex),No change until the corresponding area page is promoted
/scooter-service/brookefield,Yes,"Service×area page inherits the area gate: src/routes/$service.$area.tsx applies areaRobots(area); brookefield is unconfirmed/non-priority → ""noindex, follow"". Live 2026-10-09: HTTP 200, robots=""noindex, follow"", canonical https://ridencare.co.in/scooter-service/brookefield, absent from sitemap",Yes — follows the area decision (noindex while the area page itself is noindex),No change until the corresponding area page is promoted
/scooter-service/choodasandra,Yes,"Service×area page inherits the area gate: src/routes/$service.$area.tsx applies areaRobots(area); choodasandra is unconfirmed/non-priority → ""noindex, follow"". Live 2026-10-09: HTTP 200, robots=""noindex, follow"", canonical https://ridencare.co.in/scooter-service/choodasandra, absent from sitemap",Yes — follows the area decision (noindex while the area page itself is noindex),No change until the corresponding area page is promoted
/scooter-service/domlur,Yes,"Service×area page inherits the area gate: src/routes/$service.$area.tsx applies areaRobots(area); domlur is unconfirmed/non-priority → ""noindex, follow"". Live 2026-10-09: HTTP 200, robots=""noindex, follow"", canonical https://ridencare.co.in/scooter-service/domlur, absent from sitemap",Yes — follows the area decision (noindex while the area page itself is noindex),No change until the corresponding area page is promoted
/scooter-service/ejipura,Yes,"Service×area page inherits the area gate: src/routes/$service.$area.tsx applies areaRobots(area); ejipura is unconfirmed/non-priority → ""noindex, follow"". Live 2026-10-09: HTTP 200, robots=""noindex, follow"", canonical https://ridencare.co.in/scooter-service/ejipura, absent from sitemap",Yes — follows the area decision (noindex while the area page itself is noindex),No change until the corresponding area page is promoted
/scooter-service/gunjur,Yes,"Service×area page inherits the area gate: src/routes/$service.$area.tsx applies areaRobots(area); gunjur is unconfirmed/non-priority → ""noindex, follow"". Live 2026-10-09: HTTP 200, robots=""noindex, follow"", canonical https://ridencare.co.in/scooter-service/gunjur, absent from sitemap",Yes — follows the area decision (noindex while the area page itself is noindex),No change until the corresponding area page is promoted
/scooter-service/hal,Yes,"Service×area page inherits the area gate: src/routes/$service.$area.tsx applies areaRobots(area); hal is unconfirmed/non-priority → ""noindex, follow"". Live 2026-10-09: HTTP 200, robots=""noindex, follow"", canonical https://ridencare.co.in/scooter-service/hal, absent from sitemap",Yes — follows the area decision (noindex while the area page itself is noindex),No change until the corresponding area page is promoted
/scooter-service/harlur,Yes,"Service×area page inherits the area gate: src/routes/$service.$area.tsx applies areaRobots(area); harlur is unconfirmed/non-priority → ""noindex, follow"". Live 2026-10-09: HTTP 200, robots=""noindex, follow"", canonical https://ridencare.co.in/scooter-service/harlur, absent from sitemap",Yes — follows the area decision (noindex while the area page itself is noindex),No change until the corresponding area page is promoted
/scooter-service/kadubeesanahalli,Yes,"Service×area page inherits the area gate: src/routes/$service.$area.tsx applies areaRobots(area); kadubeesanahalli is unconfirmed/non-priority → ""noindex, follow"". Live 2026-10-09: HTTP 200, robots=""noindex, follow"", canonical https://ridencare.co.in/scooter-service/kadubeesanahalli, absent from sitemap",Yes — follows the area decision (noindex while the area page itself is noindex),No change until the corresponding area page is promoted
/scooter-service/kalyan-nagar,Yes,"Service×area page inherits the area gate: src/routes/$service.$area.tsx applies areaRobots(area); kalyan-nagar is unconfirmed/non-priority → ""noindex, follow"". Live 2026-10-09: HTTP 200, robots=""noindex, follow"", canonical https://ridencare.co.in/scooter-service/kalyan-nagar, absent from sitemap",Yes — follows the area decision (noindex while the area page itself is noindex),No change until the corresponding area page is promoted
/scooter-service/kanakapura-road,Yes,"Service×area page inherits the area gate: src/routes/$service.$area.tsx applies areaRobots(area); kanakapura-road is unconfirmed/non-priority → ""noindex, follow"". Live 2026-10-09: HTTP 200, robots=""noindex, follow"", canonical https://ridencare.co.in/scooter-service/kanakapura-road, absent from sitemap",Yes — follows the area decision (noindex while the area page itself is noindex),No change until the corresponding area page is promoted
/scooter-service/kasavanahalli,Yes,"Service×area page inherits the area gate: src/routes/$service.$area.tsx applies areaRobots(area); kasavanahalli is unconfirmed/non-priority → ""noindex, follow"". Live 2026-10-09: HTTP 200, robots=""noindex, follow"", canonical https://ridencare.co.in/scooter-service/kasavanahalli, absent from sitemap",Yes — follows the area decision (noindex while the area page itself is noindex),No change until the corresponding area page is promoted
/scooter-service/kr-puram,Yes,"Service×area page inherits the area gate: src/routes/$service.$area.tsx applies areaRobots(area); kr-puram is unconfirmed/non-priority → ""noindex, follow"". Live 2026-10-09: HTTP 200, robots=""noindex, follow"", canonical https://ridencare.co.in/scooter-service/kr-puram, absent from sitemap; P0 slug pair (2026-10-05 plan)",No — flip together with its /areas/{slug} P0 guide on deploy,Flip with the P0 deploy; verify robots + sitemap membership + GSC inspection afterwards
/scooter-service/kudlu-gate,Yes,"Service×area page inherits the area gate: src/routes/$service.$area.tsx applies areaRobots(area); kudlu-gate is unconfirmed/non-priority → ""noindex, follow"". Live 2026-10-09: HTTP 200, robots=""noindex, follow"", canonical https://ridencare.co.in/scooter-service/kudlu-gate, absent from sitemap",Yes — follows the area decision (noindex while the area page itself is noindex),No change until the corresponding area page is promoted
/scooter-service/madiwala,Yes,"Service×area page inherits the area gate: src/routes/$service.$area.tsx applies areaRobots(area); madiwala is unconfirmed/non-priority → ""noindex, follow"". Live 2026-10-09: HTTP 200, robots=""noindex, follow"", canonical https://ridencare.co.in/scooter-service/madiwala, absent from sitemap; P0 slug pair (2026-10-05 plan)",No — flip together with its /areas/{slug} P0 guide on deploy,Flip with the P0 deploy; verify robots + sitemap membership + GSC inspection afterwards
/scooter-service/mahadevapura,Yes,"Service×area page inherits the area gate: src/routes/$service.$area.tsx applies areaRobots(area); mahadevapura is unconfirmed/non-priority → ""noindex, follow"". Live 2026-10-09: HTTP 200, robots=""noindex, follow"", canonical https://ridencare.co.in/scooter-service/mahadevapura, absent from sitemap; P0 slug pair (2026-10-05 plan)",No — flip together with its /areas/{slug} P0 guide on deploy,Flip with the P0 deploy; verify robots + sitemap membership + GSC inspection afterwards
/scooter-service/malleshwaram,Yes,"Service×area page inherits the area gate: src/routes/$service.$area.tsx applies areaRobots(area); malleshwaram is unconfirmed/non-priority → ""noindex, follow"". Live 2026-10-09: HTTP 200, robots=""noindex, follow"", canonical https://ridencare.co.in/scooter-service/malleshwaram, absent from sitemap",Yes — follows the area decision (noindex while the area page itself is noindex),No change until the corresponding area page is promoted
/scooter-service/mg-road,Yes,"Service×area page inherits the area gate: src/routes/$service.$area.tsx applies areaRobots(area); mg-road is unconfirmed/non-priority → ""noindex, follow"". Live 2026-10-09: HTTP 200, robots=""noindex, follow"", canonical https://ridencare.co.in/scooter-service/mg-road, absent from sitemap; P0 slug pair (2026-10-05 plan)",No — flip together with its /areas/{slug} P0 guide on deploy,Flip with the P0 deploy; verify robots + sitemap membership + GSC inspection afterwards
/scooter-service/panathur-road,Yes,"Service×area page inherits the area gate: src/routes/$service.$area.tsx applies areaRobots(area); panathur-road is unconfirmed/non-priority → ""noindex, follow"". Live 2026-10-09: HTTP 200, robots=""noindex, follow"", canonical https://ridencare.co.in/scooter-service/panathur-road, absent from sitemap",Yes — follows the area decision (noindex while the area page itself is noindex),No change until the corresponding area page is promoted
/scooter-service/parappana-agrahara,Yes,"Service×area page inherits the area gate: src/routes/$service.$area.tsx applies areaRobots(area); parappana-agrahara is unconfirmed/non-priority → ""noindex, follow"". Live 2026-10-09: HTTP 200, robots=""noindex, follow"", canonical https://ridencare.co.in/scooter-service/parappana-agrahara, absent from sitemap",Yes — follows the area decision (noindex while the area page itself is noindex),No change until the corresponding area page is promoted
/scooter-service/peenya,Yes,"Service×area page inherits the area gate: src/routes/$service.$area.tsx applies areaRobots(area); peenya is unconfirmed/non-priority → ""noindex, follow"". Live 2026-10-09: HTTP 200, robots=""noindex, follow"", canonical https://ridencare.co.in/scooter-service/peenya, absent from sitemap",Yes — follows the area decision (noindex while the area page itself is noindex),No change until the corresponding area page is promoted
/scooter-service/rajajinagar,Yes,"Service×area page inherits the area gate: src/routes/$service.$area.tsx applies areaRobots(area); rajajinagar is unconfirmed/non-priority → ""noindex, follow"". Live 2026-10-09: HTTP 200, robots=""noindex, follow"", canonical https://ridencare.co.in/scooter-service/rajajinagar, absent from sitemap",Yes — follows the area decision (noindex while the area page itself is noindex),No change until the corresponding area page is promoted
/scooter-service/singasandra,Yes,"Service×area page inherits the area gate: src/routes/$service.$area.tsx applies areaRobots(area); singasandra is unconfirmed/non-priority → ""noindex, follow"". Live 2026-10-09: HTTP 200, robots=""noindex, follow"", canonical https://ridencare.co.in/scooter-service/singasandra, absent from sitemap",Yes — follows the area decision (noindex while the area page itself is noindex),No change until the corresponding area page is promoted
/scooter-service/varthur,Yes,"Service×area page inherits the area gate: src/routes/$service.$area.tsx applies areaRobots(area); varthur is unconfirmed/non-priority → ""noindex, follow"". Live 2026-10-09: HTTP 200, robots=""noindex, follow"", canonical https://ridencare.co.in/scooter-service/varthur, absent from sitemap",Yes — follows the area decision (noindex while the area page itself is noindex),No change until the corresponding area page is promoted
/scooter-service/yelahanka,Yes,"Service×area page inherits the area gate: src/routes/$service.$area.tsx applies areaRobots(area); yelahanka is unconfirmed/non-priority → ""noindex, follow"". Live 2026-10-09: HTTP 200, robots=""noindex, follow"", canonical https://ridencare.co.in/scooter-service/yelahanka, absent from sitemap",Yes — follows the area decision (noindex while the area page itself is noindex),No change until the corresponding area page is promoted
/scooter-service/yeshwanthpur,Yes,"Service×area page inherits the area gate: src/routes/$service.$area.tsx applies areaRobots(area); yeshwanthpur is unconfirmed/non-priority → ""noindex, follow"". Live 2026-10-09: HTTP 200, robots=""noindex, follow"", canonical https://ridencare.co.in/scooter-service/yeshwanthpur, absent from sitemap",Yes — follows the area decision (noindex while the area page itself is noindex),No change until the corresponding area page is promoted
/terms,Yes,"Live 2026-10-09: HTTP 200, robots=""noindex, follow"", canonical https://ridencare.co.in/terms, absent from sitemap. Legal page with [OWNER TO REVIEW] placeholders (docs/seo/STATE.md Part 2; docs/seo/31 §5)",Yes — until the owner approves the final copy,"Owner completes copy review, then flip to indexable"
/track-booking,Yes,"Live 2026-10-09: HTTP 200, robots=""noindex, nofollow"", canonical https://ridencare.co.in/track-booking, absent from sitemap. Transaction page; robots.txt Disallow /track-booking; STATE.md records noindex,nofollow pending owner decision (live serves noindex,follow)",Yes — never indexable,"Align robots meta with the documented noindex,nofollow intent when convenient; no SEO impact"
