URL,HTTP status,Canonical,Sitemap inclusion,Internal links,Content differentiation,Likely cause,Evidence,Recommended action,Evidence classification,Evidence notes
/ev-two-wheeler-service,200,https://ridencare.co.in/ev-two-wheeler-service,Yes,4 of 479 pages,Unique top-level service page (unique title/H1/summary; verified in the 25-URL cross-check),Very low internal-link mass (4 linking pages of 479) — Google discovers but never prioritises crawl,"docs/seo/31-indexing-audit-2026-09-29.md §3b (2026-09-29 GSC DNI baseline, grouped rows) + live 2026-10-09: HTTP 200, robots=none (indexable), sitemap=Yes, inbound 4/479 crawled pages; owner-supplied cross-check URL; prior audit: ""4 of the supplied DNI URLs are under-linked (1–6)""","Add contextual links from /bikes, related-answers and footer coverage; request indexing",INFERRED,URL OWNER_SUPPLIED as a DNI example per the prior-stage record ('4 of the supplied DNI URLs are under-linked'); the identification inside that 4-item set was INFERRED from the link-count signature (live-measured 2026-10-09). No export row; current GSC DNI status UNVERIFIED.
/tvs-two-wheeler-service,200,https://ridencare.co.in/tvs-two-wheeler-service,Yes,6 of 479 pages,Unique top-level service page (unique title/H1/summary; verified in the 25-URL cross-check),Very low internal-link mass (6 linking pages of 479) — Google discovers but never prioritises crawl,"docs/seo/31-indexing-audit-2026-09-29.md §3b (2026-09-29 GSC DNI baseline, grouped rows) + live 2026-10-09: HTTP 200, robots=none (indexable), sitemap=Yes, inbound 6/479 crawled pages; owner-supplied cross-check URL; prior audit: ""4 of the supplied DNI URLs are under-linked (1–6)""","Add contextual links from /bikes, related-answers and footer coverage; request indexing",INFERRED,URL OWNER_SUPPLIED as a DNI example per the prior-stage record ('4 of the supplied DNI URLs are under-linked'); the identification inside that 4-item set was INFERRED from the link-count signature (live-measured 2026-10-09). No export row; current GSC DNI status UNVERIFIED.
/answers/apartment-basement,200,https://ridencare.co.in/answers/apartment-basement,Yes,89 of 479 pages,"Unique question page: H1 = question verbatim, unique title/meta; no duplicate titles/H1s in the 2026-10-09 full-site crawl","Historic under-linking (0 links from service pages pre-2026-09-29); linking fixes shipped 2026-09-29 (homepage all-answers section, footer ""Popular answers"", related-answers modules) — Google recrawl pending","docs/seo/31-indexing-audit-2026-09-29.md §3b (2026-09-29 GSC DNI baseline, grouped rows) + live 2026-10-09: HTTP 200, robots=none (indexable), sitemap=Yes, inbound 89/479 crawled pages","No new code needed; monitor recrawl, request indexing for priority answers, keep answer↔service cross-links",HISTORICAL_BASELINE,"DNI attribution from docs/seo/31-indexing-audit-2026-09-29.md §3b (GSC baseline 2026-09-29); that doc's group counts sum above its own ~70 estimate, so per-URL membership is approximate. Live state re-verified 2026-10-09. Current GSC status UNVERIFIED (no export/API)."
/answers/are-mechanics-verified,200,https://ridencare.co.in/answers/are-mechanics-verified,Yes,4 of 479 pages,"Unique question page: H1 = question verbatim, unique title/meta; no duplicate titles/H1s in the 2026-10-09 full-site crawl","Historic under-linking (0 links from service pages pre-2026-09-29); linking fixes shipped 2026-09-29 (homepage all-answers section, footer ""Popular answers"", related-answers modules) — Google recrawl pending","docs/seo/31-indexing-audit-2026-09-29.md §3b (2026-09-29 GSC DNI baseline, grouped rows) + live 2026-10-09: HTTP 200, robots=none (indexable), sitemap=Yes, inbound 4/479 crawled pages","No new code needed; monitor recrawl, request indexing for priority answers, keep answer↔service cross-links",HISTORICAL_BASELINE,"DNI attribution from docs/seo/31-indexing-audit-2026-09-29.md §3b (GSC baseline 2026-09-29); that doc's group counts sum above its own ~70 estimate, so per-URL membership is approximate. Live state re-verified 2026-10-09. Current GSC status UNVERIFIED (no export/API)."
/answers/areas-covered,200,https://ridencare.co.in/answers/areas-covered,Yes,479 of 479 pages,"Unique question page: H1 = question verbatim, unique title/meta; no duplicate titles/H1s in the 2026-10-09 full-site crawl","Historic under-linking (0 links from service pages pre-2026-09-29); linking fixes shipped 2026-09-29 (homepage all-answers section, footer ""Popular answers"", related-answers modules) — Google recrawl pending","docs/seo/31-indexing-audit-2026-09-29.md §3b (2026-09-29 GSC DNI baseline, grouped rows) + live 2026-10-09: HTTP 200, robots=none (indexable), sitemap=Yes, inbound 479/479 crawled pages","No new code needed; monitor recrawl, request indexing for priority answers, keep answer↔service cross-links",HISTORICAL_BASELINE,"DNI attribution from docs/seo/31-indexing-audit-2026-09-29.md §3b (GSC baseline 2026-09-29); that doc's group counts sum above its own ~70 estimate, so per-URL membership is approximate. Live state re-verified 2026-10-09. Current GSC status UNVERIFIED (no export/API)."
/answers/battery-jump-start-cost,200,https://ridencare.co.in/answers/battery-jump-start-cost,Yes,52 of 479 pages,"Unique question page: H1 = question verbatim, unique title/meta; no duplicate titles/H1s in the 2026-10-09 full-site crawl","Historic under-linking (0 links from service pages pre-2026-09-29); linking fixes shipped 2026-09-29 (homepage all-answers section, footer ""Popular answers"", related-answers modules) — Google recrawl pending","docs/seo/31-indexing-audit-2026-09-29.md §3b (2026-09-29 GSC DNI baseline, grouped rows) + live 2026-10-09: HTTP 200, robots=none (indexable), sitemap=Yes, inbound 52/479 crawled pages","No new code needed; monitor recrawl, request indexing for priority answers, keep answer↔service cross-links",HISTORICAL_BASELINE,"DNI attribution from docs/seo/31-indexing-audit-2026-09-29.md §3b (GSC baseline 2026-09-29); that doc's group counts sum above its own ~70 estimate, so per-URL membership is approximate. Live state re-verified 2026-10-09. Current GSC status UNVERIFIED (no export/API)."
/answers/bike-repair-cost,200,https://ridencare.co.in/answers/bike-repair-cost,Yes,479 of 479 pages,"Unique question page: H1 = question verbatim, unique title/meta; no duplicate titles/H1s in the 2026-10-09 full-site crawl","Historic under-linking (0 links from service pages pre-2026-09-29); linking fixes shipped 2026-09-29 (homepage all-answers section, footer ""Popular answers"", related-answers modules) — Google recrawl pending","docs/seo/31-indexing-audit-2026-09-29.md §3b (2026-09-29 GSC DNI baseline, grouped rows) + live 2026-10-09: HTTP 200, robots=none (indexable), sitemap=Yes, inbound 479/479 crawled pages","No new code needed; monitor recrawl, request indexing for priority answers, keep answer↔service cross-links",HISTORICAL_BASELINE,"DNI attribution from docs/seo/31-indexing-audit-2026-09-29.md §3b (GSC baseline 2026-09-29); that doc's group counts sum above its own ~70 estimate, so per-URL membership is approximate. Live state re-verified 2026-10-09. Current GSC status UNVERIFIED (no export/API)."
/answers/bike-service-cost-bangalore,200,https://ridencare.co.in/answers/bike-service-cost-bangalore,Yes,479 of 479 pages,"Unique question page: H1 = question verbatim, unique title/meta; no duplicate titles/H1s in the 2026-10-09 full-site crawl","Historic under-linking (0 links from service pages pre-2026-09-29); linking fixes shipped 2026-09-29 (homepage all-answers section, footer ""Popular answers"", related-answers modules) — Google recrawl pending","docs/seo/31-indexing-audit-2026-09-29.md §3b (2026-09-29 GSC DNI baseline, grouped rows) + live 2026-10-09: HTTP 200, robots=none (indexable), sitemap=Yes, inbound 479/479 crawled pages","No new code needed; monitor recrawl, request indexing for priority answers, keep answer↔service cross-links",HISTORICAL_BASELINE,"DNI attribution from docs/seo/31-indexing-audit-2026-09-29.md §3b (GSC baseline 2026-09-29); that doc's group counts sum above its own ~70 estimate, so per-URL membership is approximate. Live state re-verified 2026-10-09. Current GSC status UNVERIFIED (no export/API)."
/answers/bike-stalled-in-water,200,https://ridencare.co.in/answers/bike-stalled-in-water,Yes,48 of 479 pages,"Unique question page: H1 = question verbatim, unique title/meta; no duplicate titles/H1s in the 2026-10-09 full-site crawl","Historic under-linking (0 links from service pages pre-2026-09-29); linking fixes shipped 2026-09-29 (homepage all-answers section, footer ""Popular answers"", related-answers modules) — Google recrawl pending","docs/seo/31-indexing-audit-2026-09-29.md §3b (2026-09-29 GSC DNI baseline, grouped rows) + live 2026-10-09: HTTP 200, robots=none (indexable), sitemap=Yes, inbound 48/479 crawled pages","No new code needed; monitor recrawl, request indexing for priority answers, keep answer↔service cross-links",HISTORICAL_BASELINE,"DNI attribution from docs/seo/31-indexing-audit-2026-09-29.md §3b (GSC baseline 2026-09-29); that doc's group counts sum above its own ~70 estimate, so per-URL membership is approximate. Live state re-verified 2026-10-09. Current GSC status UNVERIFIED (no export/API)."
/answers/bike-vs-scooter-maintenance,200,https://ridencare.co.in/answers/bike-vs-scooter-maintenance,Yes,48 of 479 pages,"Unique question page: H1 = question verbatim, unique title/meta; no duplicate titles/H1s in the 2026-10-09 full-site crawl","Historic under-linking (0 links from service pages pre-2026-09-29); linking fixes shipped 2026-09-29 (homepage all-answers section, footer ""Popular answers"", related-answers modules) — Google recrawl pending","docs/seo/31-indexing-audit-2026-09-29.md §3b (2026-09-29 GSC DNI baseline, grouped rows) + live 2026-10-09: HTTP 200, robots=none (indexable), sitemap=Yes, inbound 48/479 crawled pages","No new code needed; monitor recrawl, request indexing for priority answers, keep answer↔service cross-links",HISTORICAL_BASELINE,"DNI attribution from docs/seo/31-indexing-audit-2026-09-29.md §3b (GSC baseline 2026-09-29); that doc's group counts sum above its own ~70 estimate, so per-URL membership is approximate. Live state re-verified 2026-10-09. Current GSC status UNVERIFIED (no export/API)."
/answers/bike-wont-start,200,https://ridencare.co.in/answers/bike-wont-start,Yes,92 of 479 pages,"Unique question page: H1 = question verbatim, unique title/meta; no duplicate titles/H1s in the 2026-10-09 full-site crawl","Historic under-linking (0 links from service pages pre-2026-09-29); linking fixes shipped 2026-09-29 (homepage all-answers section, footer ""Popular answers"", related-answers modules) — Google recrawl pending","docs/seo/31-indexing-audit-2026-09-29.md §3b (2026-09-29 GSC DNI baseline, grouped rows) + live 2026-10-09: HTTP 200, robots=none (indexable), sitemap=Yes, inbound 92/479 crawled pages","No new code needed; monitor recrawl, request indexing for priority answers, keep answer↔service cross-links",HISTORICAL_BASELINE,"DNI attribution from docs/seo/31-indexing-audit-2026-09-29.md §3b (GSC baseline 2026-09-29); that doc's group counts sum above its own ~70 estimate, so per-URL membership is approximate. Live state re-verified 2026-10-09. Current GSC status UNVERIFIED (no export/API)."
/answers/brake-warning-signs-bike,200,https://ridencare.co.in/answers/brake-warning-signs-bike,Yes,52 of 479 pages,"Unique question page: H1 = question verbatim, unique title/meta; no duplicate titles/H1s in the 2026-10-09 full-site crawl","Historic under-linking (0 links from service pages pre-2026-09-29); linking fixes shipped 2026-09-29 (homepage all-answers section, footer ""Popular answers"", related-answers modules) — Google recrawl pending","docs/seo/31-indexing-audit-2026-09-29.md §3b (2026-09-29 GSC DNI baseline, grouped rows) + live 2026-10-09: HTTP 200, robots=none (indexable), sitemap=Yes, inbound 52/479 crawled pages","No new code needed; monitor recrawl, request indexing for priority answers, keep answer↔service cross-links",HISTORICAL_BASELINE,"DNI attribution from docs/seo/31-indexing-audit-2026-09-29.md §3b (GSC baseline 2026-09-29); that doc's group counts sum above its own ~70 estimate, so per-URL membership is approximate. Live state re-verified 2026-10-09. Current GSC status UNVERIFIED (no export/API)."
/answers/can-every-car-job-home,200,https://ridencare.co.in/answers/can-every-car-job-home,Yes,4 of 479 pages,"Unique question page: H1 = question verbatim, unique title/meta; no duplicate titles/H1s in the 2026-10-09 full-site crawl","Historic under-linking (0 links from service pages pre-2026-09-29); linking fixes shipped 2026-09-29 (homepage all-answers section, footer ""Popular answers"", related-answers modules) — Google recrawl pending","docs/seo/31-indexing-audit-2026-09-29.md §3b (2026-09-29 GSC DNI baseline, grouped rows) + live 2026-10-09: HTTP 200, robots=none (indexable), sitemap=Yes, inbound 4/479 crawled pages","No new code needed; monitor recrawl, request indexing for priority answers, keep answer↔service cross-links",HISTORICAL_BASELINE,"DNI attribution from docs/seo/31-indexing-audit-2026-09-29.md §3b (GSC baseline 2026-09-29); that doc's group counts sum above its own ~70 estimate, so per-URL membership is approximate. Live state re-verified 2026-10-09. Current GSC status UNVERIFIED (no export/API)."
/answers/car-ac-gas-refill,200,https://ridencare.co.in/answers/car-ac-gas-refill,Yes,5 of 479 pages,"Unique question page: H1 = question verbatim, unique title/meta; no duplicate titles/H1s in the 2026-10-09 full-site crawl","Historic under-linking (0 links from service pages pre-2026-09-29); linking fixes shipped 2026-09-29 (homepage all-answers section, footer ""Popular answers"", related-answers modules) — Google recrawl pending","docs/seo/31-indexing-audit-2026-09-29.md §3b (2026-09-29 GSC DNI baseline, grouped rows) + live 2026-10-09: HTTP 200, robots=none (indexable), sitemap=Yes, inbound 5/479 crawled pages","No new code needed; monitor recrawl, request indexing for priority answers, keep answer↔service cross-links",HISTORICAL_BASELINE,"DNI attribution from docs/seo/31-indexing-audit-2026-09-29.md §3b (GSC baseline 2026-09-29); that doc's group counts sum above its own ~70 estimate, so per-URL membership is approximate. Live state re-verified 2026-10-09. Current GSC status UNVERIFIED (no export/API)."
/answers/car-ac-not-cooling,200,https://ridencare.co.in/answers/car-ac-not-cooling,Yes,14 of 479 pages,"Unique question page: H1 = question verbatim, unique title/meta; no duplicate titles/H1s in the 2026-10-09 full-site crawl","Historic under-linking (0 links from service pages pre-2026-09-29); linking fixes shipped 2026-09-29 (homepage all-answers section, footer ""Popular answers"", related-answers modules) — Google recrawl pending","docs/seo/31-indexing-audit-2026-09-29.md §3b (2026-09-29 GSC DNI baseline, grouped rows) + live 2026-10-09: HTTP 200, robots=none (indexable), sitemap=Yes, inbound 14/479 crawled pages","No new code needed; monitor recrawl, request indexing for priority answers, keep answer↔service cross-links",HISTORICAL_BASELINE,"DNI attribution from docs/seo/31-indexing-audit-2026-09-29.md §3b (GSC baseline 2026-09-29); that doc's group counts sum above its own ~70 estimate, so per-URL membership is approximate. Live state re-verified 2026-10-09. Current GSC status UNVERIFIED (no export/API)."
/answers/car-ac-service-includes,200,https://ridencare.co.in/answers/car-ac-service-includes,Yes,14 of 479 pages,"Unique question page: H1 = question verbatim, unique title/meta; no duplicate titles/H1s in the 2026-10-09 full-site crawl","Historic under-linking (0 links from service pages pre-2026-09-29); linking fixes shipped 2026-09-29 (homepage all-answers section, footer ""Popular answers"", related-answers modules) — Google recrawl pending","docs/seo/31-indexing-audit-2026-09-29.md §3b (2026-09-29 GSC DNI baseline, grouped rows) + live 2026-10-09: HTTP 200, robots=none (indexable), sitemap=Yes, inbound 14/479 crawled pages","No new code needed; monitor recrawl, request indexing for priority answers, keep answer↔service cross-links",HISTORICAL_BASELINE,"DNI attribution from docs/seo/31-indexing-audit-2026-09-29.md §3b (GSC baseline 2026-09-29); that doc's group counts sum above its own ~70 estimate, so per-URL membership is approximate. Live state re-verified 2026-10-09. Current GSC status UNVERIFIED (no export/API)."
/answers/car-battery-replacement-when,200,https://ridencare.co.in/answers/car-battery-replacement-when,Yes,11 of 479 pages,"Unique question page: H1 = question verbatim, unique title/meta; no duplicate titles/H1s in the 2026-10-09 full-site crawl","Historic under-linking (0 links from service pages pre-2026-09-29); linking fixes shipped 2026-09-29 (homepage all-answers section, footer ""Popular answers"", related-answers modules) — Google recrawl pending","docs/seo/31-indexing-audit-2026-09-29.md §3b (2026-09-29 GSC DNI baseline, grouped rows) + live 2026-10-09: HTTP 200, robots=none (indexable), sitemap=Yes, inbound 11/479 crawled pages","No new code needed; monitor recrawl, request indexing for priority answers, keep answer↔service cross-links",HISTORICAL_BASELINE,"DNI attribution from docs/seo/31-indexing-audit-2026-09-29.md §3b (GSC baseline 2026-09-29); that doc's group counts sum above its own ~70 estimate, so per-URL membership is approximate. Live state re-verified 2026-10-09. Current GSC status UNVERIFIED (no export/API)."
/answers/car-battery-warning-signs,200,https://ridencare.co.in/answers/car-battery-warning-signs,Yes,12 of 479 pages,"Unique question page: H1 = question verbatim, unique title/meta; no duplicate titles/H1s in the 2026-10-09 full-site crawl","Historic under-linking (0 links from service pages pre-2026-09-29); linking fixes shipped 2026-09-29 (homepage all-answers section, footer ""Popular answers"", related-answers modules) — Google recrawl pending","docs/seo/31-indexing-audit-2026-09-29.md §3b (2026-09-29 GSC DNI baseline, grouped rows) + live 2026-10-09: HTTP 200, robots=none (indexable), sitemap=Yes, inbound 12/479 crawled pages","No new code needed; monitor recrawl, request indexing for priority answers, keep answer↔service cross-links",HISTORICAL_BASELINE,"DNI attribution from docs/seo/31-indexing-audit-2026-09-29.md §3b (GSC baseline 2026-09-29); that doc's group counts sum above its own ~70 estimate, so per-URL membership is approximate. Live state re-verified 2026-10-09. Current GSC status UNVERIFIED (no export/API)."
/answers/car-brake-noise-causes,200,https://ridencare.co.in/answers/car-brake-noise-causes,Yes,12 of 479 pages,"Unique question page: H1 = question verbatim, unique title/meta; no duplicate titles/H1s in the 2026-10-09 full-site crawl","Historic under-linking (0 links from service pages pre-2026-09-29); linking fixes shipped 2026-09-29 (homepage all-answers section, footer ""Popular answers"", related-answers modules) — Google recrawl pending","docs/seo/31-indexing-audit-2026-09-29.md §3b (2026-09-29 GSC DNI baseline, grouped rows) + live 2026-10-09: HTTP 200, robots=none (indexable), sitemap=Yes, inbound 12/479 crawled pages","No new code needed; monitor recrawl, request indexing for priority answers, keep answer↔service cross-links",HISTORICAL_BASELINE,"DNI attribution from docs/seo/31-indexing-audit-2026-09-29.md §3b (GSC baseline 2026-09-29); that doc's group counts sum above its own ~70 estimate, so per-URL membership is approximate. Live state re-verified 2026-10-09. Current GSC status UNVERIFIED (no export/API)."
/answers/car-brake-pads-when,200,https://ridencare.co.in/answers/car-brake-pads-when,Yes,11 of 479 pages,"Unique question page: H1 = question verbatim, unique title/meta; no duplicate titles/H1s in the 2026-10-09 full-site crawl","Historic under-linking (0 links from service pages pre-2026-09-29); linking fixes shipped 2026-09-29 (homepage all-answers section, footer ""Popular answers"", related-answers modules) — Google recrawl pending","docs/seo/31-indexing-audit-2026-09-29.md §3b (2026-09-29 GSC DNI baseline, grouped rows) + live 2026-10-09: HTTP 200, robots=none (indexable), sitemap=Yes, inbound 11/479 crawled pages","No new code needed; monitor recrawl, request indexing for priority answers, keep answer↔service cross-links",HISTORICAL_BASELINE,"DNI attribution from docs/seo/31-indexing-audit-2026-09-29.md §3b (GSC baseline 2026-09-29); that doc's group counts sum above its own ~70 estimate, so per-URL membership is approximate. Live state re-verified 2026-10-09. Current GSC status UNVERIFIED (no export/API)."
/answers/car-breakdown-rain,200,https://ridencare.co.in/answers/car-breakdown-rain,Yes,5 of 479 pages,"Unique question page: H1 = question verbatim, unique title/meta; no duplicate titles/H1s in the 2026-10-09 full-site crawl","Historic under-linking (0 links from service pages pre-2026-09-29); linking fixes shipped 2026-09-29 (homepage all-answers section, footer ""Popular answers"", related-answers modules) — Google recrawl pending","docs/seo/31-indexing-audit-2026-09-29.md §3b (2026-09-29 GSC DNI baseline, grouped rows) + live 2026-10-09: HTTP 200, robots=none (indexable), sitemap=Yes, inbound 5/479 crawled pages","No new code needed; monitor recrawl, request indexing for priority answers, keep answer↔service cross-links",HISTORICAL_BASELINE,"DNI attribution from docs/seo/31-indexing-audit-2026-09-29.md §3b (GSC baseline 2026-09-29); that doc's group counts sum above its own ~70 estimate, so per-URL membership is approximate. Live state re-verified 2026-10-09. Current GSC status UNVERIFIED (no export/API)."
/answers/car-service-cost-bangalore,200,https://ridencare.co.in/answers/car-service-cost-bangalore,Yes,479 of 479 pages,"Unique question page: H1 = question verbatim, unique title/meta; no duplicate titles/H1s in the 2026-10-09 full-site crawl","Historic under-linking (0 links from service pages pre-2026-09-29); linking fixes shipped 2026-09-29 (homepage all-answers section, footer ""Popular answers"", related-answers modules) — Google recrawl pending","docs/seo/31-indexing-audit-2026-09-29.md §3b (2026-09-29 GSC DNI baseline, grouped rows) + live 2026-10-09: HTTP 200, robots=none (indexable), sitemap=Yes, inbound 479/479 crawled pages","No new code needed; monitor recrawl, request indexing for priority answers, keep answer↔service cross-links",HISTORICAL_BASELINE,"DNI attribution from docs/seo/31-indexing-audit-2026-09-29.md §3b (GSC baseline 2026-09-29); that doc's group counts sum above its own ~70 estimate, so per-URL membership is approximate. Live state re-verified 2026-10-09. Current GSC status UNVERIFIED (no export/API)."
/answers/car-service-interval,200,https://ridencare.co.in/answers/car-service-interval,Yes,13 of 479 pages,"Unique question page: H1 = question verbatim, unique title/meta; no duplicate titles/H1s in the 2026-10-09 full-site crawl","Historic under-linking (0 links from service pages pre-2026-09-29); linking fixes shipped 2026-09-29 (homepage all-answers section, footer ""Popular answers"", related-answers modules) — Google recrawl pending","docs/seo/31-indexing-audit-2026-09-29.md §3b (2026-09-29 GSC DNI baseline, grouped rows) + live 2026-10-09: HTTP 200, robots=none (indexable), sitemap=Yes, inbound 13/479 crawled pages","No new code needed; monitor recrawl, request indexing for priority answers, keep answer↔service cross-links",HISTORICAL_BASELINE,"DNI attribution from docs/seo/31-indexing-audit-2026-09-29.md §3b (GSC baseline 2026-09-29); that doc's group counts sum above its own ~70 estimate, so per-URL membership is approximate. Live state re-verified 2026-10-09. Current GSC status UNVERIFIED (no export/API)."
/answers/do-you-work-weekends,200,https://ridencare.co.in/answers/do-you-work-weekends,Yes,90 of 479 pages,"Unique question page: H1 = question verbatim, unique title/meta; no duplicate titles/H1s in the 2026-10-09 full-site crawl","Historic under-linking (0 links from service pages pre-2026-09-29); linking fixes shipped 2026-09-29 (homepage all-answers section, footer ""Popular answers"", related-answers modules) — Google recrawl pending","docs/seo/31-indexing-audit-2026-09-29.md §3b (2026-09-29 GSC DNI baseline, grouped rows) + live 2026-10-09: HTTP 200, robots=none (indexable), sitemap=Yes, inbound 90/479 crawled pages","No new code needed; monitor recrawl, request indexing for priority answers, keep answer↔service cross-links",HISTORICAL_BASELINE,"DNI attribution from docs/seo/31-indexing-audit-2026-09-29.md §3b (GSC baseline 2026-09-29); that doc's group counts sum above its own ~70 estimate, so per-URL membership is approximate. Live state re-verified 2026-10-09. Current GSC status UNVERIFIED (no export/API)."
/answers/doorstep-vs-garage-bike,200,https://ridencare.co.in/answers/doorstep-vs-garage-bike,Yes,10 of 479 pages,"Unique question page: H1 = question verbatim, unique title/meta; no duplicate titles/H1s in the 2026-10-09 full-site crawl","Historic under-linking (0 links from service pages pre-2026-09-29); linking fixes shipped 2026-09-29 (homepage all-answers section, footer ""Popular answers"", related-answers modules) — Google recrawl pending","docs/seo/31-indexing-audit-2026-09-29.md §3b (2026-09-29 GSC DNI baseline, grouped rows) + live 2026-10-09: HTTP 200, robots=none (indexable), sitemap=Yes, inbound 10/479 crawled pages","No new code needed; monitor recrawl, request indexing for priority answers, keep answer↔service cross-links",HISTORICAL_BASELINE,"DNI attribution from docs/seo/31-indexing-audit-2026-09-29.md §3b (GSC baseline 2026-09-29); that doc's group counts sum above its own ~70 estimate, so per-URL membership is approximate. Live state re-verified 2026-10-09. Current GSC status UNVERIFIED (no export/API)."
/answers/doorstep-vs-garage-car,200,https://ridencare.co.in/answers/doorstep-vs-garage-car,Yes,22 of 479 pages,"Unique question page: H1 = question verbatim, unique title/meta; no duplicate titles/H1s in the 2026-10-09 full-site crawl","Historic under-linking (0 links from service pages pre-2026-09-29); linking fixes shipped 2026-09-29 (homepage all-answers section, footer ""Popular answers"", related-answers modules) — Google recrawl pending","docs/seo/31-indexing-audit-2026-09-29.md §3b (2026-09-29 GSC DNI baseline, grouped rows) + live 2026-10-09: HTTP 200, robots=none (indexable), sitemap=Yes, inbound 22/479 crawled pages","No new code needed; monitor recrawl, request indexing for priority answers, keep answer↔service cross-links",HISTORICAL_BASELINE,"DNI attribution from docs/seo/31-indexing-audit-2026-09-29.md §3b (GSC baseline 2026-09-29); that doc's group counts sum above its own ~70 estimate, so per-URL membership is approximate. Live state re-verified 2026-10-09. Current GSC status UNVERIFIED (no export/API)."
/answers/doorstep-vs-workshop-car,200,https://ridencare.co.in/answers/doorstep-vs-workshop-car,Yes,5 of 479 pages,"Unique question page: H1 = question verbatim, unique title/meta; no duplicate titles/H1s in the 2026-10-09 full-site crawl","Historic under-linking (0 links from service pages pre-2026-09-29); linking fixes shipped 2026-09-29 (homepage all-answers section, footer ""Popular answers"", related-answers modules) — Google recrawl pending","docs/seo/31-indexing-audit-2026-09-29.md §3b (2026-09-29 GSC DNI baseline, grouped rows) + live 2026-10-09: HTTP 200, robots=none (indexable), sitemap=Yes, inbound 5/479 crawled pages","No new code needed; monitor recrawl, request indexing for priority answers, keep answer↔service cross-links",HISTORICAL_BASELINE,"DNI attribution from docs/seo/31-indexing-audit-2026-09-29.md §3b (GSC baseline 2026-09-29); that doc's group counts sum above its own ~70 estimate, so per-URL membership is approximate. Live state re-verified 2026-10-09. Current GSC status UNVERIFIED (no export/API)."
/answers/emergency-cost,200,https://ridencare.co.in/answers/emergency-cost,Yes,48 of 479 pages,"Unique question page: H1 = question verbatim, unique title/meta; no duplicate titles/H1s in the 2026-10-09 full-site crawl","Historic under-linking (0 links from service pages pre-2026-09-29); linking fixes shipped 2026-09-29 (homepage all-answers section, footer ""Popular answers"", related-answers modules) — Google recrawl pending","docs/seo/31-indexing-audit-2026-09-29.md §3b (2026-09-29 GSC DNI baseline, grouped rows) + live 2026-10-09: HTTP 200, robots=none (indexable), sitemap=Yes, inbound 48/479 crawled pages","No new code needed; monitor recrawl, request indexing for priority answers, keep answer↔service cross-links",HISTORICAL_BASELINE,"DNI attribution from docs/seo/31-indexing-audit-2026-09-29.md §3b (GSC baseline 2026-09-29); that doc's group counts sum above its own ~70 estimate, so per-URL membership is approximate. Live state re-verified 2026-10-09. Current GSC status UNVERIFIED (no export/API)."
/answers/ev-service-cost,200,https://ridencare.co.in/answers/ev-service-cost,Yes,50 of 479 pages,"Unique question page: H1 = question verbatim, unique title/meta; no duplicate titles/H1s in the 2026-10-09 full-site crawl","Historic under-linking (0 links from service pages pre-2026-09-29); linking fixes shipped 2026-09-29 (homepage all-answers section, footer ""Popular answers"", related-answers modules) — Google recrawl pending","docs/seo/31-indexing-audit-2026-09-29.md §3b (2026-09-29 GSC DNI baseline, grouped rows) + live 2026-10-09: HTTP 200, robots=none (indexable), sitemap=Yes, inbound 50/479 crawled pages","No new code needed; monitor recrawl, request indexing for priority answers, keep answer↔service cross-links",HISTORICAL_BASELINE,"DNI attribution from docs/seo/31-indexing-audit-2026-09-29.md §3b (GSC baseline 2026-09-29); that doc's group counts sum above its own ~70 estimate, so per-URL membership is approximate. Live state re-verified 2026-10-09. Current GSC status UNVERIFIED (no export/API)."
/answers/ev-service-different,200,https://ridencare.co.in/answers/ev-service-different,Yes,8 of 479 pages,"Unique question page: H1 = question verbatim, unique title/meta; no duplicate titles/H1s in the 2026-10-09 full-site crawl","Historic under-linking (0 links from service pages pre-2026-09-29); linking fixes shipped 2026-09-29 (homepage all-answers section, footer ""Popular answers"", related-answers modules) — Google recrawl pending","docs/seo/31-indexing-audit-2026-09-29.md §3b (2026-09-29 GSC DNI baseline, grouped rows) + live 2026-10-09: HTTP 200, robots=none (indexable), sitemap=Yes, inbound 8/479 crawled pages","No new code needed; monitor recrawl, request indexing for priority answers, keep answer↔service cross-links",HISTORICAL_BASELINE,"DNI attribution from docs/seo/31-indexing-audit-2026-09-29.md §3b (GSC baseline 2026-09-29); that doc's group counts sum above its own ~70 estimate, so per-URL membership is approximate. Live state re-verified 2026-10-09. Current GSC status UNVERIFIED (no export/API)."
/answers/ev-what-can-be-serviced,200,https://ridencare.co.in/answers/ev-what-can-be-serviced,Yes,93 of 479 pages,"Unique question page: H1 = question verbatim, unique title/meta; no duplicate titles/H1s in the 2026-10-09 full-site crawl","Historic under-linking (0 links from service pages pre-2026-09-29); linking fixes shipped 2026-09-29 (homepage all-answers section, footer ""Popular answers"", related-answers modules) — Google recrawl pending","docs/seo/31-indexing-audit-2026-09-29.md §3b (2026-09-29 GSC DNI baseline, grouped rows) + live 2026-10-09: HTTP 200, robots=none (indexable), sitemap=Yes, inbound 93/479 crawled pages","No new code needed; monitor recrawl, request indexing for priority answers, keep answer↔service cross-links",HISTORICAL_BASELINE,"DNI attribution from docs/seo/31-indexing-audit-2026-09-29.md §3b (GSC baseline 2026-09-29); that doc's group counts sum above its own ~70 estimate, so per-URL membership is approximate. Live state re-verified 2026-10-09. Current GSC status UNVERIFIED (no export/API)."
/answers/genuine-parts,200,https://ridencare.co.in/answers/genuine-parts,Yes,49 of 479 pages,"Unique question page: H1 = question verbatim, unique title/meta; no duplicate titles/H1s in the 2026-10-09 full-site crawl","Historic under-linking (0 links from service pages pre-2026-09-29); linking fixes shipped 2026-09-29 (homepage all-answers section, footer ""Popular answers"", related-answers modules) — Google recrawl pending","docs/seo/31-indexing-audit-2026-09-29.md §3b (2026-09-29 GSC DNI baseline, grouped rows) + live 2026-10-09: HTTP 200, robots=none (indexable), sitemap=Yes, inbound 49/479 crawled pages","No new code needed; monitor recrawl, request indexing for priority answers, keep answer↔service cross-links",HISTORICAL_BASELINE,"DNI attribution from docs/seo/31-indexing-audit-2026-09-29.md §3b (GSC baseline 2026-09-29); that doc's group counts sum above its own ~70 estimate, so per-URL membership is approximate. Live state re-verified 2026-10-09. Current GSC status UNVERIFIED (no export/API)."
/answers/guarantee,200,https://ridencare.co.in/answers/guarantee,Yes,53 of 479 pages,"Unique question page: H1 = question verbatim, unique title/meta; no duplicate titles/H1s in the 2026-10-09 full-site crawl","Historic under-linking (0 links from service pages pre-2026-09-29); linking fixes shipped 2026-09-29 (homepage all-answers section, footer ""Popular answers"", related-answers modules) — Google recrawl pending","docs/seo/31-indexing-audit-2026-09-29.md §3b (2026-09-29 GSC DNI baseline, grouped rows) + live 2026-10-09: HTTP 200, robots=none (indexable), sitemap=Yes, inbound 53/479 crawled pages","No new code needed; monitor recrawl, request indexing for priority answers, keep answer↔service cross-links",HISTORICAL_BASELINE,"DNI attribution from docs/seo/31-indexing-audit-2026-09-29.md §3b (GSC baseline 2026-09-29); that doc's group counts sum above its own ~70 estimate, so per-URL membership is approximate. Live state re-verified 2026-10-09. Current GSC status UNVERIFIED (no export/API)."
/answers/how-long-bike-service,200,https://ridencare.co.in/answers/how-long-bike-service,Yes,479 of 479 pages,"Unique question page: H1 = question verbatim, unique title/meta; no duplicate titles/H1s in the 2026-10-09 full-site crawl","Historic under-linking (0 links from service pages pre-2026-09-29); linking fixes shipped 2026-09-29 (homepage all-answers section, footer ""Popular answers"", related-answers modules) — Google recrawl pending","docs/seo/31-indexing-audit-2026-09-29.md §3b (2026-09-29 GSC DNI baseline, grouped rows) + live 2026-10-09: HTTP 200, robots=none (indexable), sitemap=Yes, inbound 479/479 crawled pages","No new code needed; monitor recrawl, request indexing for priority answers, keep answer↔service cross-links",HISTORICAL_BASELINE,"DNI attribution from docs/seo/31-indexing-audit-2026-09-29.md §3b (GSC baseline 2026-09-29); that doc's group counts sum above its own ~70 estimate, so per-URL membership is approximate. Live state re-verified 2026-10-09. Current GSC status UNVERIFIED (no export/API)."
/answers/how-long-car-service,200,https://ridencare.co.in/answers/how-long-car-service,Yes,12 of 479 pages,"Unique question page: H1 = question verbatim, unique title/meta; no duplicate titles/H1s in the 2026-10-09 full-site crawl","Historic under-linking (0 links from service pages pre-2026-09-29); linking fixes shipped 2026-09-29 (homepage all-answers section, footer ""Popular answers"", related-answers modules) — Google recrawl pending","docs/seo/31-indexing-audit-2026-09-29.md §3b (2026-09-29 GSC DNI baseline, grouped rows) + live 2026-10-09: HTTP 200, robots=none (indexable), sitemap=Yes, inbound 12/479 crawled pages","No new code needed; monitor recrawl, request indexing for priority answers, keep answer↔service cross-links",HISTORICAL_BASELINE,"DNI attribution from docs/seo/31-indexing-audit-2026-09-29.md §3b (GSC baseline 2026-09-29); that doc's group counts sum above its own ~70 estimate, so per-URL membership is approximate. Live state re-verified 2026-10-09. Current GSC status UNVERIFIED (no export/API)."
/answers/how-to-book,200,https://ridencare.co.in/answers/how-to-book,Yes,52 of 479 pages,"Unique question page: H1 = question verbatim, unique title/meta; no duplicate titles/H1s in the 2026-10-09 full-site crawl","Historic under-linking (0 links from service pages pre-2026-09-29); linking fixes shipped 2026-09-29 (homepage all-answers section, footer ""Popular answers"", related-answers modules) — Google recrawl pending","docs/seo/31-indexing-audit-2026-09-29.md §3b (2026-09-29 GSC DNI baseline, grouped rows) + live 2026-10-09: HTTP 200, robots=none (indexable), sitemap=Yes, inbound 52/479 crawled pages","No new code needed; monitor recrawl, request indexing for priority answers, keep answer↔service cross-links",HISTORICAL_BASELINE,"DNI attribution from docs/seo/31-indexing-audit-2026-09-29.md §3b (GSC baseline 2026-09-29); that doc's group counts sum above its own ~70 estimate, so per-URL membership is approximate. Live state re-verified 2026-10-09. Current GSC status UNVERIFIED (no export/API)."
/answers/how-to-prepare-car-doorstep,200,https://ridencare.co.in/answers/how-to-prepare-car-doorstep,Yes,5 of 479 pages,"Unique question page: H1 = question verbatim, unique title/meta; no duplicate titles/H1s in the 2026-10-09 full-site crawl","Historic under-linking (0 links from service pages pre-2026-09-29); linking fixes shipped 2026-09-29 (homepage all-answers section, footer ""Popular answers"", related-answers modules) — Google recrawl pending","docs/seo/31-indexing-audit-2026-09-29.md §3b (2026-09-29 GSC DNI baseline, grouped rows) + live 2026-10-09: HTTP 200, robots=none (indexable), sitemap=Yes, inbound 5/479 crawled pages","No new code needed; monitor recrawl, request indexing for priority answers, keep answer↔service cross-links",HISTORICAL_BASELINE,"DNI attribution from docs/seo/31-indexing-audit-2026-09-29.md §3b (GSC baseline 2026-09-29); that doc's group counts sum above its own ~70 estimate, so per-URL membership is approximate. Live state re-verified 2026-10-09. Current GSC status UNVERIFIED (no export/API)."
/answers/is-doorstep-service-safe,200,https://ridencare.co.in/answers/is-doorstep-service-safe,Yes,479 of 479 pages,"Unique question page: H1 = question verbatim, unique title/meta; no duplicate titles/H1s in the 2026-10-09 full-site crawl","Historic under-linking (0 links from service pages pre-2026-09-29); linking fixes shipped 2026-09-29 (homepage all-answers section, footer ""Popular answers"", related-answers modules) — Google recrawl pending","docs/seo/31-indexing-audit-2026-09-29.md §3b (2026-09-29 GSC DNI baseline, grouped rows) + live 2026-10-09: HTTP 200, robots=none (indexable), sitemap=Yes, inbound 479/479 crawled pages","No new code needed; monitor recrawl, request indexing for priority answers, keep answer↔service cross-links",HISTORICAL_BASELINE,"DNI attribution from docs/seo/31-indexing-audit-2026-09-29.md §3b (GSC baseline 2026-09-29); that doc's group counts sum above its own ~70 estimate, so per-URL membership is approximate. Live state re-verified 2026-10-09. Current GSC status UNVERIFIED (no export/API)."
/answers/ktm-duke-200-service-cost,200,https://ridencare.co.in/answers/ktm-duke-200-service-cost,Yes,136 of 479 pages,"Unique question page: H1 = question verbatim, unique title/meta; no duplicate titles/H1s in the 2026-10-09 full-site crawl","Historic under-linking (0 links from service pages pre-2026-09-29); linking fixes shipped 2026-09-29 (homepage all-answers section, footer ""Popular answers"", related-answers modules) — Google recrawl pending","docs/seo/31-indexing-audit-2026-09-29.md §3b (2026-09-29 GSC DNI baseline, grouped rows) + live 2026-10-09: HTTP 200, robots=none (indexable), sitemap=Yes, inbound 136/479 crawled pages","No new code needed; monitor recrawl, request indexing for priority answers, keep answer↔service cross-links",HISTORICAL_BASELINE,"DNI attribution from docs/seo/31-indexing-audit-2026-09-29.md §3b (GSC baseline 2026-09-29); that doc's group counts sum above its own ~70 estimate, so per-URL membership is approximate. Live state re-verified 2026-10-09. Current GSC status UNVERIFIED (no export/API)."
/answers/monsoon-bike-care,200,https://ridencare.co.in/answers/monsoon-bike-care,Yes,13 of 479 pages,"Unique question page: H1 = question verbatim, unique title/meta; no duplicate titles/H1s in the 2026-10-09 full-site crawl","Historic under-linking (0 links from service pages pre-2026-09-29); linking fixes shipped 2026-09-29 (homepage all-answers section, footer ""Popular answers"", related-answers modules) — Google recrawl pending","docs/seo/31-indexing-audit-2026-09-29.md §3b (2026-09-29 GSC DNI baseline, grouped rows) + live 2026-10-09: HTTP 200, robots=none (indexable), sitemap=Yes, inbound 13/479 crawled pages","No new code needed; monitor recrawl, request indexing for priority answers, keep answer↔service cross-links",HISTORICAL_BASELINE,"DNI attribution from docs/seo/31-indexing-audit-2026-09-29.md §3b (GSC baseline 2026-09-29); that doc's group counts sum above its own ~70 estimate, so per-URL membership is approximate. Live state re-verified 2026-10-09. Current GSC status UNVERIFIED (no export/API)."
/answers/monsoon-car-care,200,https://ridencare.co.in/answers/monsoon-car-care,Yes,4 of 479 pages,"Unique question page: H1 = question verbatim, unique title/meta; no duplicate titles/H1s in the 2026-10-09 full-site crawl","Historic under-linking (0 links from service pages pre-2026-09-29); linking fixes shipped 2026-09-29 (homepage all-answers section, footer ""Popular answers"", related-answers modules) — Google recrawl pending","docs/seo/31-indexing-audit-2026-09-29.md §3b (2026-09-29 GSC DNI baseline, grouped rows) + live 2026-10-09: HTTP 200, robots=none (indexable), sitemap=Yes, inbound 4/479 crawled pages","No new code needed; monitor recrawl, request indexing for priority answers, keep answer↔service cross-links",HISTORICAL_BASELINE,"DNI attribution from docs/seo/31-indexing-audit-2026-09-29.md §3b (GSC baseline 2026-09-29); that doc's group counts sum above its own ~70 estimate, so per-URL membership is approximate. Live state re-verified 2026-10-09. Current GSC status UNVERIFIED (no export/API)."
/answers/need-to-be-home,200,https://ridencare.co.in/answers/need-to-be-home,Yes,47 of 479 pages,"Unique question page: H1 = question verbatim, unique title/meta; no duplicate titles/H1s in the 2026-10-09 full-site crawl","Historic under-linking (0 links from service pages pre-2026-09-29); linking fixes shipped 2026-09-29 (homepage all-answers section, footer ""Popular answers"", related-answers modules) — Google recrawl pending","docs/seo/31-indexing-audit-2026-09-29.md §3b (2026-09-29 GSC DNI baseline, grouped rows) + live 2026-10-09: HTTP 200, robots=none (indexable), sitemap=Yes, inbound 47/479 crawled pages","No new code needed; monitor recrawl, request indexing for priority answers, keep answer↔service cross-links",HISTORICAL_BASELINE,"DNI attribution from docs/seo/31-indexing-audit-2026-09-29.md §3b (GSC baseline 2026-09-29); that doc's group counts sum above its own ~70 estimate, so per-URL membership is approximate. Live state re-verified 2026-10-09. Current GSC status UNVERIFIED (no export/API)."
/answers/payment-options,200,https://ridencare.co.in/answers/payment-options,Yes,8 of 479 pages,"Unique question page: H1 = question verbatim, unique title/meta; no duplicate titles/H1s in the 2026-10-09 full-site crawl","Historic under-linking (0 links from service pages pre-2026-09-29); linking fixes shipped 2026-09-29 (homepage all-answers section, footer ""Popular answers"", related-answers modules) — Google recrawl pending","docs/seo/31-indexing-audit-2026-09-29.md §3b (2026-09-29 GSC DNI baseline, grouped rows) + live 2026-10-09: HTTP 200, robots=none (indexable), sitemap=Yes, inbound 8/479 crawled pages","No new code needed; monitor recrawl, request indexing for priority answers, keep answer↔service cross-links",HISTORICAL_BASELINE,"DNI attribution from docs/seo/31-indexing-audit-2026-09-29.md §3b (GSC baseline 2026-09-29); that doc's group counts sum above its own ~70 estimate, so per-URL membership is approximate. Live state re-verified 2026-10-09. Current GSC status UNVERIFIED (no export/API)."
/answers/periodic-vs-breakdown,200,https://ridencare.co.in/answers/periodic-vs-breakdown,Yes,7 of 479 pages,"Unique question page: H1 = question verbatim, unique title/meta; no duplicate titles/H1s in the 2026-10-09 full-site crawl","Historic under-linking (0 links from service pages pre-2026-09-29); linking fixes shipped 2026-09-29 (homepage all-answers section, footer ""Popular answers"", related-answers modules) — Google recrawl pending","docs/seo/31-indexing-audit-2026-09-29.md §3b (2026-09-29 GSC DNI baseline, grouped rows) + live 2026-10-09: HTTP 200, robots=none (indexable), sitemap=Yes, inbound 7/479 crawled pages","No new code needed; monitor recrawl, request indexing for priority answers, keep answer↔service cross-links",HISTORICAL_BASELINE,"DNI attribution from docs/seo/31-indexing-audit-2026-09-29.md §3b (GSC baseline 2026-09-29); that doc's group counts sum above its own ~70 estimate, so per-URL membership is approximate. Live state re-verified 2026-10-09. Current GSC status UNVERIFIED (no export/API)."
/answers/recovery-after-breakdown,200,https://ridencare.co.in/answers/recovery-after-breakdown,Yes,9 of 479 pages,"Unique question page: H1 = question verbatim, unique title/meta; no duplicate titles/H1s in the 2026-10-09 full-site crawl","Historic under-linking (0 links from service pages pre-2026-09-29); linking fixes shipped 2026-09-29 (homepage all-answers section, footer ""Popular answers"", related-answers modules) — Google recrawl pending","docs/seo/31-indexing-audit-2026-09-29.md §3b (2026-09-29 GSC DNI baseline, grouped rows) + live 2026-10-09: HTTP 200, robots=none (indexable), sitemap=Yes, inbound 9/479 crawled pages","No new code needed; monitor recrawl, request indexing for priority answers, keep answer↔service cross-links",HISTORICAL_BASELINE,"DNI attribution from docs/seo/31-indexing-audit-2026-09-29.md §3b (GSC baseline 2026-09-29); that doc's group counts sum above its own ~70 estimate, so per-URL membership is approximate. Live state re-verified 2026-10-09. Current GSC status UNVERIFIED (no export/API)."
/answers/roadside-or-garage,200,https://ridencare.co.in/answers/roadside-or-garage,Yes,48 of 479 pages,"Unique question page: H1 = question verbatim, unique title/meta; no duplicate titles/H1s in the 2026-10-09 full-site crawl","Historic under-linking (0 links from service pages pre-2026-09-29); linking fixes shipped 2026-09-29 (homepage all-answers section, footer ""Popular answers"", related-answers modules) — Google recrawl pending","docs/seo/31-indexing-audit-2026-09-29.md §3b (2026-09-29 GSC DNI baseline, grouped rows) + live 2026-10-09: HTTP 200, robots=none (indexable), sitemap=Yes, inbound 48/479 crawled pages","No new code needed; monitor recrawl, request indexing for priority answers, keep answer↔service cross-links",HISTORICAL_BASELINE,"DNI attribution from docs/seo/31-indexing-audit-2026-09-29.md §3b (GSC baseline 2026-09-29); that doc's group counts sum above its own ~70 estimate, so per-URL membership is approximate. Live state re-verified 2026-10-09. Current GSC status UNVERIFIED (no export/API)."
/answers/scooter-service-cost,200,https://ridencare.co.in/answers/scooter-service-cost,Yes,479 of 479 pages,"Unique question page: H1 = question verbatim, unique title/meta; no duplicate titles/H1s in the 2026-10-09 full-site crawl","Historic under-linking (0 links from service pages pre-2026-09-29); linking fixes shipped 2026-09-29 (homepage all-answers section, footer ""Popular answers"", related-answers modules) — Google recrawl pending","docs/seo/31-indexing-audit-2026-09-29.md §3b (2026-09-29 GSC DNI baseline, grouped rows) + live 2026-10-09: HTTP 200, robots=none (indexable), sitemap=Yes, inbound 479/479 crawled pages","No new code needed; monitor recrawl, request indexing for priority answers, keep answer↔service cross-links",HISTORICAL_BASELINE,"DNI attribution from docs/seo/31-indexing-audit-2026-09-29.md §3b (GSC baseline 2026-09-29); that doc's group counts sum above its own ~70 estimate, so per-URL membership is approximate. Live state re-verified 2026-10-09. Current GSC status UNVERIFIED (no export/API)."
/answers/service-interval,200,https://ridencare.co.in/answers/service-interval,Yes,13 of 479 pages,"Unique question page: H1 = question verbatim, unique title/meta; no duplicate titles/H1s in the 2026-10-09 full-site crawl","Historic under-linking (0 links from service pages pre-2026-09-29); linking fixes shipped 2026-09-29 (homepage all-answers section, footer ""Popular answers"", related-answers modules) — Google recrawl pending","docs/seo/31-indexing-audit-2026-09-29.md §3b (2026-09-29 GSC DNI baseline, grouped rows) + live 2026-10-09: HTTP 200, robots=none (indexable), sitemap=Yes, inbound 13/479 crawled pages","No new code needed; monitor recrawl, request indexing for priority answers, keep answer↔service cross-links",HISTORICAL_BASELINE,"DNI attribution from docs/seo/31-indexing-audit-2026-09-29.md §3b (GSC baseline 2026-09-29); that doc's group counts sum above its own ~70 estimate, so per-URL membership is approximate. Live state re-verified 2026-10-09. Current GSC status UNVERIFIED (no export/API)."
/answers/warranty-service,200,https://ridencare.co.in/answers/warranty-service,Yes,5 of 479 pages,"Unique question page: H1 = question verbatim, unique title/meta; no duplicate titles/H1s in the 2026-10-09 full-site crawl","Historic under-linking (0 links from service pages pre-2026-09-29); linking fixes shipped 2026-09-29 (homepage all-answers section, footer ""Popular answers"", related-answers modules) — Google recrawl pending","docs/seo/31-indexing-audit-2026-09-29.md §3b (2026-09-29 GSC DNI baseline, grouped rows) + live 2026-10-09: HTTP 200, robots=none (indexable), sitemap=Yes, inbound 5/479 crawled pages; owner-supplied cross-check URL (recorded as under-linked 1–6)","No new code needed; monitor recrawl, request indexing for priority answers, keep answer↔service cross-links",INFERRED,URL OWNER_SUPPLIED as a DNI example per the prior-stage record ('4 of the supplied DNI URLs are under-linked'); the identification inside that 4-item set was INFERRED from the link-count signature (live-measured 2026-10-09). No export row; current GSC DNI status UNVERIFIED.
/answers/what-included-bike-service,200,https://ridencare.co.in/answers/what-included-bike-service,Yes,479 of 479 pages,"Unique question page: H1 = question verbatim, unique title/meta; no duplicate titles/H1s in the 2026-10-09 full-site crawl","Historic under-linking (0 links from service pages pre-2026-09-29); linking fixes shipped 2026-09-29 (homepage all-answers section, footer ""Popular answers"", related-answers modules) — Google recrawl pending","docs/seo/31-indexing-audit-2026-09-29.md §3b (2026-09-29 GSC DNI baseline, grouped rows) + live 2026-10-09: HTTP 200, robots=none (indexable), sitemap=Yes, inbound 479/479 crawled pages","No new code needed; monitor recrawl, request indexing for priority answers, keep answer↔service cross-links",HISTORICAL_BASELINE,"DNI attribution from docs/seo/31-indexing-audit-2026-09-29.md §3b (GSC baseline 2026-09-29); that doc's group counts sum above its own ~70 estimate, so per-URL membership is approximate. Live state re-verified 2026-10-09. Current GSC status UNVERIFIED (no export/API)."
/answers/what-included-car-service,200,https://ridencare.co.in/answers/what-included-car-service,Yes,17 of 479 pages,"Unique question page: H1 = question verbatim, unique title/meta; no duplicate titles/H1s in the 2026-10-09 full-site crawl","Historic under-linking (0 links from service pages pre-2026-09-29); linking fixes shipped 2026-09-29 (homepage all-answers section, footer ""Popular answers"", related-answers modules) — Google recrawl pending","docs/seo/31-indexing-audit-2026-09-29.md §3b (2026-09-29 GSC DNI baseline, grouped rows) + live 2026-10-09: HTTP 200, robots=none (indexable), sitemap=Yes, inbound 17/479 crawled pages","No new code needed; monitor recrawl, request indexing for priority answers, keep answer↔service cross-links",HISTORICAL_BASELINE,"DNI attribution from docs/seo/31-indexing-audit-2026-09-29.md §3b (GSC baseline 2026-09-29); that doc's group counts sum above its own ~70 estimate, so per-URL membership is approximate. Live state re-verified 2026-10-09. Current GSC status UNVERIFIED (no export/API)."
/answers/what-to-prepare,200,https://ridencare.co.in/answers/what-to-prepare,Yes,8 of 479 pages,"Unique question page: H1 = question verbatim, unique title/meta; no duplicate titles/H1s in the 2026-10-09 full-site crawl","Historic under-linking (0 links from service pages pre-2026-09-29); linking fixes shipped 2026-09-29 (homepage all-answers section, footer ""Popular answers"", related-answers modules) — Google recrawl pending","docs/seo/31-indexing-audit-2026-09-29.md §3b (2026-09-29 GSC DNI baseline, grouped rows) + live 2026-10-09: HTTP 200, robots=none (indexable), sitemap=Yes, inbound 8/479 crawled pages","No new code needed; monitor recrawl, request indexing for priority answers, keep answer↔service cross-links",HISTORICAL_BASELINE,"DNI attribution from docs/seo/31-indexing-audit-2026-09-29.md §3b (GSC baseline 2026-09-29); that doc's group counts sum above its own ~70 estimate, so per-URL membership is approximate. Live state re-verified 2026-10-09. Current GSC status UNVERIFIED (no export/API)."
/answers/which-oil,200,https://ridencare.co.in/answers/which-oil,Yes,51 of 479 pages,"Unique question page: H1 = question verbatim, unique title/meta; no duplicate titles/H1s in the 2026-10-09 full-site crawl","Historic under-linking (0 links from service pages pre-2026-09-29); linking fixes shipped 2026-09-29 (homepage all-answers section, footer ""Popular answers"", related-answers modules) — Google recrawl pending","docs/seo/31-indexing-audit-2026-09-29.md §3b (2026-09-29 GSC DNI baseline, grouped rows) + live 2026-10-09: HTTP 200, robots=none (indexable), sitemap=Yes, inbound 51/479 crawled pages","No new code needed; monitor recrawl, request indexing for priority answers, keep answer↔service cross-links",HISTORICAL_BASELINE,"DNI attribution from docs/seo/31-indexing-audit-2026-09-29.md §3b (GSC baseline 2026-09-29); that doc's group counts sum above its own ~70 estimate, so per-URL membership is approximate. Live state re-verified 2026-10-09. Current GSC status UNVERIFIED (no export/API)."
/answers/written-quote,200,https://ridencare.co.in/answers/written-quote,Yes,10 of 479 pages,"Unique question page: H1 = question verbatim, unique title/meta; no duplicate titles/H1s in the 2026-10-09 full-site crawl","Historic under-linking (0 links from service pages pre-2026-09-29); linking fixes shipped 2026-09-29 (homepage all-answers section, footer ""Popular answers"", related-answers modules) — Google recrawl pending","docs/seo/31-indexing-audit-2026-09-29.md §3b (2026-09-29 GSC DNI baseline, grouped rows) + live 2026-10-09: HTTP 200, robots=none (indexable), sitemap=Yes, inbound 10/479 crawled pages","No new code needed; monitor recrawl, request indexing for priority answers, keep answer↔service cross-links",HISTORICAL_BASELINE,"DNI attribution from docs/seo/31-indexing-audit-2026-09-29.md §3b (GSC baseline 2026-09-29); that doc's group counts sum above its own ~70 estimate, so per-URL membership is approximate. Live state re-verified 2026-10-09. Current GSC status UNVERIFIED (no export/API)."
/areas/varthur,200,https://ridencare.co.in/areas/varthur,No,14 of 479 pages,Basic-tier template copy (generic for unconfirmed locality) — no unique priority guide,Listed under DNI in the 2026-09-29 baseline while also listed in the sitemap; today it serves noindex so GSC classes it Excluded by noindex (intentional content gate),"docs/seo/31-indexing-audit-2026-09-29.md §3b (2026-09-29 GSC DNI baseline, grouped rows) + live 2026-10-09: HTTP 200, robots=noindex, follow, sitemap=No, inbound 14/479 crawled pages; already a row in 03-noindex-audit.csv (noindex∩sitemap = 0 today)",Keep noindex until content uplift + owner confirms priority tier (Q33),HISTORICAL_BASELINE,"DNI attribution from docs/seo/31-indexing-audit-2026-09-29.md §3b (GSC baseline 2026-09-29); that doc's group counts sum above its own ~70 estimate, so per-URL membership is approximate. Live state re-verified 2026-10-09. Current GSC status UNVERIFIED (no export/API)."
/areas/gunjur,200,https://ridencare.co.in/areas/gunjur,No,14 of 479 pages,Basic-tier template copy (generic for unconfirmed locality) — no unique priority guide,Listed under DNI in the 2026-09-29 baseline while also listed in the sitemap; today it serves noindex so GSC classes it Excluded by noindex (intentional content gate),"docs/seo/31-indexing-audit-2026-09-29.md §3b (2026-09-29 GSC DNI baseline, grouped rows) + live 2026-10-09: HTTP 200, robots=noindex, follow, sitemap=No, inbound 14/479 crawled pages; already a row in 03-noindex-audit.csv (noindex∩sitemap = 0 today)",Keep noindex until content uplift + owner confirms priority tier (Q33),HISTORICAL_BASELINE,"DNI attribution from docs/seo/31-indexing-audit-2026-09-29.md §3b (GSC baseline 2026-09-29); that doc's group counts sum above its own ~70 estimate, so per-URL membership is approximate. Live state re-verified 2026-10-09. Current GSC status UNVERIFIED (no export/API)."
/areas/kasavanahalli,200,https://ridencare.co.in/areas/kasavanahalli,No,14 of 479 pages,Basic-tier template copy (generic for unconfirmed locality) — no unique priority guide,Listed under DNI in the 2026-09-29 baseline while also listed in the sitemap; today it serves noindex so GSC classes it Excluded by noindex (intentional content gate),"docs/seo/31-indexing-audit-2026-09-29.md §3b (2026-09-29 GSC DNI baseline, grouped rows) + live 2026-10-09: HTTP 200, robots=noindex, follow, sitemap=No, inbound 14/479 crawled pages; already a row in 03-noindex-audit.csv (noindex∩sitemap = 0 today)",Keep noindex until content uplift + owner confirms priority tier (Q33),HISTORICAL_BASELINE,"DNI attribution from docs/seo/31-indexing-audit-2026-09-29.md §3b (GSC baseline 2026-09-29); that doc's group counts sum above its own ~70 estimate, so per-URL membership is approximate. Live state re-verified 2026-10-09. Current GSC status UNVERIFIED (no export/API)."
/areas/panathur-road,200,https://ridencare.co.in/areas/panathur-road,No,16 of 479 pages,Basic-tier template copy (generic for unconfirmed locality) — no unique priority guide,Listed under DNI in the 2026-09-29 baseline while also listed in the sitemap; today it serves noindex so GSC classes it Excluded by noindex (intentional content gate),"docs/seo/31-indexing-audit-2026-09-29.md §3b (2026-09-29 GSC DNI baseline, grouped rows) + live 2026-10-09: HTTP 200, robots=noindex, follow, sitemap=No, inbound 16/479 crawled pages; already a row in 03-noindex-audit.csv (noindex∩sitemap = 0 today)",Keep noindex until content uplift + owner confirms priority tier (Q33),HISTORICAL_BASELINE,"DNI attribution from docs/seo/31-indexing-audit-2026-09-29.md §3b (GSC baseline 2026-09-29); that doc's group counts sum above its own ~70 estimate, so per-URL membership is approximate. Live state re-verified 2026-10-09. Current GSC status UNVERIFIED (no export/API)."
/areas/kadubeesanahalli,200,https://ridencare.co.in/areas/kadubeesanahalli,No,16 of 479 pages,Basic-tier template copy (generic for unconfirmed locality) — no unique priority guide,Listed under DNI in the 2026-09-29 baseline while also listed in the sitemap; today it serves noindex so GSC classes it Excluded by noindex (intentional content gate),"docs/seo/31-indexing-audit-2026-09-29.md §3b (2026-09-29 GSC DNI baseline, grouped rows) + live 2026-10-09: HTTP 200, robots=noindex, follow, sitemap=No, inbound 16/479 crawled pages; already a row in 03-noindex-audit.csv (noindex∩sitemap = 0 today)",Keep noindex until content uplift + owner confirms priority tier (Q33),HISTORICAL_BASELINE,"DNI attribution from docs/seo/31-indexing-audit-2026-09-29.md §3b (GSC baseline 2026-09-29); that doc's group counts sum above its own ~70 estimate, so per-URL membership is approximate. Live state re-verified 2026-10-09. Current GSC status UNVERIFIED (no export/API)."
/areas/domlur,200,https://ridencare.co.in/areas/domlur,No,16 of 479 pages,Basic-tier template copy (generic for unconfirmed locality) — no unique priority guide,Listed under DNI in the 2026-09-29 baseline while also listed in the sitemap; today it serves noindex so GSC classes it Excluded by noindex (intentional content gate),"docs/seo/31-indexing-audit-2026-09-29.md §3b (2026-09-29 GSC DNI baseline, grouped rows) + live 2026-10-09: HTTP 200, robots=noindex, follow, sitemap=No, inbound 16/479 crawled pages; already a row in 03-noindex-audit.csv (noindex∩sitemap = 0 today)",Keep noindex until content uplift + owner confirms priority tier (Q33),HISTORICAL_BASELINE,"DNI attribution from docs/seo/31-indexing-audit-2026-09-29.md §3b (GSC baseline 2026-09-29); that doc's group counts sum above its own ~70 estimate, so per-URL membership is approximate. Live state re-verified 2026-10-09. Current GSC status UNVERIFIED (no export/API)."
/areas/banashankari,200,https://ridencare.co.in/areas/banashankari,No,20 of 479 pages,Basic-tier template copy (generic for unconfirmed locality) — no unique priority guide,Listed under DNI in the 2026-09-29 baseline while also listed in the sitemap; today it serves noindex so GSC classes it Excluded by noindex (intentional content gate),"docs/seo/31-indexing-audit-2026-09-29.md §3b (2026-09-29 GSC DNI baseline, grouped rows) + live 2026-10-09: HTTP 200, robots=noindex, follow, sitemap=No, inbound 20/479 crawled pages; P0 slug (2026-10-05 plan); already a row in 03-noindex-audit.csv (noindex∩sitemap = 0 today)","Flip to indexable on the P0 deploy (owner-approved plan), then resubmit sitemap",HISTORICAL_BASELINE,"DNI attribution from docs/seo/31-indexing-audit-2026-09-29.md §3b (GSC baseline 2026-09-29); that doc's group counts sum above its own ~70 estimate, so per-URL membership is approximate. Live state re-verified 2026-10-09. Current GSC status UNVERIFIED (no export/API)."
/areas/bannerghatta-road,200,https://ridencare.co.in/areas/bannerghatta-road,No,13 of 479 pages,Basic-tier template copy (generic for unconfirmed locality) — no unique priority guide,Listed under DNI in the 2026-09-29 baseline while also listed in the sitemap; today it serves noindex so GSC classes it Excluded by noindex (intentional content gate),"docs/seo/31-indexing-audit-2026-09-29.md §3b (2026-09-29 GSC DNI baseline, grouped rows) + live 2026-10-09: HTTP 200, robots=noindex, follow, sitemap=No, inbound 13/479 crawled pages; already a row in 03-noindex-audit.csv (noindex∩sitemap = 0 today)",Keep noindex until content uplift + owner confirms priority tier (Q33),HISTORICAL_BASELINE,"DNI attribution from docs/seo/31-indexing-audit-2026-09-29.md §3b (GSC baseline 2026-09-29); that doc's group counts sum above its own ~70 estimate, so per-URL membership is approximate. Live state re-verified 2026-10-09. Current GSC status UNVERIFIED (no export/API)."
/areas/kanakapura-road,200,https://ridencare.co.in/areas/kanakapura-road,No,14 of 479 pages,Basic-tier template copy (generic for unconfirmed locality) — no unique priority guide,Listed under DNI in the 2026-09-29 baseline while also listed in the sitemap; today it serves noindex so GSC classes it Excluded by noindex (intentional content gate),"docs/seo/31-indexing-audit-2026-09-29.md §3b (2026-09-29 GSC DNI baseline, grouped rows) + live 2026-10-09: HTTP 200, robots=noindex, follow, sitemap=No, inbound 14/479 crawled pages; already a row in 03-noindex-audit.csv (noindex∩sitemap = 0 today)",Keep noindex until content uplift + owner confirms priority tier (Q33),HISTORICAL_BASELINE,"DNI attribution from docs/seo/31-indexing-audit-2026-09-29.md §3b (GSC baseline 2026-09-29); that doc's group counts sum above its own ~70 estimate, so per-URL membership is approximate. Live state re-verified 2026-10-09. Current GSC status UNVERIFIED (no export/API)."
/areas/ejipura,200,https://ridencare.co.in/areas/ejipura,No,17 of 479 pages,Basic-tier template copy (generic for unconfirmed locality) — no unique priority guide,Listed under DNI in the 2026-09-29 baseline while also listed in the sitemap; today it serves noindex so GSC classes it Excluded by noindex (intentional content gate),"docs/seo/31-indexing-audit-2026-09-29.md §3b (2026-09-29 GSC DNI baseline, grouped rows) + live 2026-10-09: HTTP 200, robots=noindex, follow, sitemap=No, inbound 17/479 crawled pages; already a row in 03-noindex-audit.csv (noindex∩sitemap = 0 today)",Keep noindex until content uplift + owner confirms priority tier (Q33),HISTORICAL_BASELINE,"DNI attribution from docs/seo/31-indexing-audit-2026-09-29.md §3b (GSC baseline 2026-09-29); that doc's group counts sum above its own ~70 estimate, so per-URL membership is approximate. Live state re-verified 2026-10-09. Current GSC status UNVERIFIED (no export/API)."
/areas/bommanahalli,200,https://ridencare.co.in/areas/bommanahalli,No,17 of 479 pages,Basic-tier template copy (generic for unconfirmed locality) — no unique priority guide,Listed under DNI in the 2026-09-29 baseline while also listed in the sitemap; today it serves noindex so GSC classes it Excluded by noindex (intentional content gate),"docs/seo/31-indexing-audit-2026-09-29.md §3b (2026-09-29 GSC DNI baseline, grouped rows) + live 2026-10-09: HTTP 200, robots=noindex, follow, sitemap=No, inbound 17/479 crawled pages; already a row in 03-noindex-audit.csv (noindex∩sitemap = 0 today)",Keep noindex until content uplift + owner confirms priority tier (Q33),HISTORICAL_BASELINE,"DNI attribution from docs/seo/31-indexing-audit-2026-09-29.md §3b (GSC baseline 2026-09-29); that doc's group counts sum above its own ~70 estimate, so per-URL membership is approximate. Live state re-verified 2026-10-09. Current GSC status UNVERIFIED (no export/API)."
/areas/kudlu-gate,200,https://ridencare.co.in/areas/kudlu-gate,No,15 of 479 pages,Basic-tier template copy (generic for unconfirmed locality) — no unique priority guide,Listed under DNI in the 2026-09-29 baseline while also listed in the sitemap; today it serves noindex so GSC classes it Excluded by noindex (intentional content gate),"docs/seo/31-indexing-audit-2026-09-29.md §3b (2026-09-29 GSC DNI baseline, grouped rows) + live 2026-10-09: HTTP 200, robots=noindex, follow, sitemap=No, inbound 15/479 crawled pages; already a row in 03-noindex-audit.csv (noindex∩sitemap = 0 today)",Keep noindex until content uplift + owner confirms priority tier (Q33),HISTORICAL_BASELINE,"DNI attribution from docs/seo/31-indexing-audit-2026-09-29.md §3b (GSC baseline 2026-09-29); that doc's group counts sum above its own ~70 estimate, so per-URL membership is approximate. Live state re-verified 2026-10-09. Current GSC status UNVERIFIED (no export/API)."
/areas/madiwala,200,https://ridencare.co.in/areas/madiwala,No,18 of 479 pages,Basic-tier template copy (generic for unconfirmed locality) — no unique priority guide,Listed under DNI in the 2026-09-29 baseline while also listed in the sitemap; today it serves noindex so GSC classes it Excluded by noindex (intentional content gate),"docs/seo/31-indexing-audit-2026-09-29.md §3b (2026-09-29 GSC DNI baseline, grouped rows) + live 2026-10-09: HTTP 200, robots=noindex, follow, sitemap=No, inbound 18/479 crawled pages; P0 slug (2026-10-05 plan); already a row in 03-noindex-audit.csv (noindex∩sitemap = 0 today)","Flip to indexable on the P0 deploy (owner-approved plan), then resubmit sitemap",HISTORICAL_BASELINE,"DNI attribution from docs/seo/31-indexing-audit-2026-09-29.md §3b (GSC baseline 2026-09-29); that doc's group counts sum above its own ~70 estimate, so per-URL membership is approximate. Live state re-verified 2026-10-09. Current GSC status UNVERIFIED (no export/API)."
/areas/harlur,200,https://ridencare.co.in/areas/harlur,No,15 of 479 pages,Basic-tier template copy (generic for unconfirmed locality) — no unique priority guide,Listed under DNI in the 2026-09-29 baseline while also listed in the sitemap; today it serves noindex so GSC classes it Excluded by noindex (intentional content gate),"docs/seo/31-indexing-audit-2026-09-29.md §3b (2026-09-29 GSC DNI baseline, grouped rows) + live 2026-10-09: HTTP 200, robots=noindex, follow, sitemap=No, inbound 15/479 crawled pages; already a row in 03-noindex-audit.csv (noindex∩sitemap = 0 today)",Keep noindex until content uplift + owner confirms priority tier (Q33),HISTORICAL_BASELINE,"DNI attribution from docs/seo/31-indexing-audit-2026-09-29.md §3b (GSC baseline 2026-09-29); that doc's group counts sum above its own ~70 estimate, so per-URL membership is approximate. Live state re-verified 2026-10-09. Current GSC status UNVERIFIED (no export/API)."
/areas/singasandra,200,https://ridencare.co.in/areas/singasandra,No,15 of 479 pages,Basic-tier template copy (generic for unconfirmed locality) — no unique priority guide,Listed under DNI in the 2026-09-29 baseline while also listed in the sitemap; today it serves noindex so GSC classes it Excluded by noindex (intentional content gate),"docs/seo/31-indexing-audit-2026-09-29.md §3b (2026-09-29 GSC DNI baseline, grouped rows) + live 2026-10-09: HTTP 200, robots=noindex, follow, sitemap=No, inbound 15/479 crawled pages; already a row in 03-noindex-audit.csv (noindex∩sitemap = 0 today)",Keep noindex until content uplift + owner confirms priority tier (Q33),HISTORICAL_BASELINE,"DNI attribution from docs/seo/31-indexing-audit-2026-09-29.md §3b (GSC baseline 2026-09-29); that doc's group counts sum above its own ~70 estimate, so per-URL membership is approximate. Live state re-verified 2026-10-09. Current GSC status UNVERIFIED (no export/API)."
/areas/parappana-agrahara,200,https://ridencare.co.in/areas/parappana-agrahara,No,14 of 479 pages,Basic-tier template copy (generic for unconfirmed locality) — no unique priority guide,Listed under DNI in the 2026-09-29 baseline while also listed in the sitemap; today it serves noindex so GSC classes it Excluded by noindex (intentional content gate),"docs/seo/31-indexing-audit-2026-09-29.md §3b (2026-09-29 GSC DNI baseline, grouped rows) + live 2026-10-09: HTTP 200, robots=noindex, follow, sitemap=No, inbound 14/479 crawled pages; already a row in 03-noindex-audit.csv (noindex∩sitemap = 0 today)",Keep noindex until content uplift + owner confirms priority tier (Q33),HISTORICAL_BASELINE,"DNI attribution from docs/seo/31-indexing-audit-2026-09-29.md §3b (GSC baseline 2026-09-29); that doc's group counts sum above its own ~70 estimate, so per-URL membership is approximate. Live state re-verified 2026-10-09. Current GSC status UNVERIFIED (no export/API)."
/areas/choodasandra,200,https://ridencare.co.in/areas/choodasandra,No,13 of 479 pages,Basic-tier template copy (generic for unconfirmed locality) — no unique priority guide,Listed under DNI in the 2026-09-29 baseline while also listed in the sitemap; today it serves noindex so GSC classes it Excluded by noindex (intentional content gate),"docs/seo/31-indexing-audit-2026-09-29.md §3b (2026-09-29 GSC DNI baseline, grouped rows) + live 2026-10-09: HTTP 200, robots=noindex, follow, sitemap=No, inbound 13/479 crawled pages; already a row in 03-noindex-audit.csv (noindex∩sitemap = 0 today)",Keep noindex until content uplift + owner confirms priority tier (Q33),HISTORICAL_BASELINE,"DNI attribution from docs/seo/31-indexing-audit-2026-09-29.md §3b (GSC baseline 2026-09-29); that doc's group counts sum above its own ~70 estimate, so per-URL membership is approximate. Live state re-verified 2026-10-09. Current GSC status UNVERIFIED (no export/API)."
/areas/kalyan-nagar,200,https://ridencare.co.in/areas/kalyan-nagar,No,37 of 479 pages,Basic-tier template copy (generic for unconfirmed locality) — no unique priority guide,Listed under DNI in the 2026-09-29 baseline while also listed in the sitemap; today it serves noindex so GSC classes it Excluded by noindex (intentional content gate),"docs/seo/31-indexing-audit-2026-09-29.md §3b (2026-09-29 GSC DNI baseline, grouped rows) + live 2026-10-09: HTTP 200, robots=noindex, follow, sitemap=No, inbound 37/479 crawled pages; already a row in 03-noindex-audit.csv (noindex∩sitemap = 0 today)",Keep noindex until content uplift + owner confirms priority tier (Q33),HISTORICAL_BASELINE,"DNI attribution from docs/seo/31-indexing-audit-2026-09-29.md §3b (GSC baseline 2026-09-29); that doc's group counts sum above its own ~70 estimate, so per-URL membership is approximate. Live state re-verified 2026-10-09. Current GSC status UNVERIFIED (no export/API)."
/areas/mahadevapura,200,https://ridencare.co.in/areas/mahadevapura,No,20 of 479 pages,Basic-tier template copy (generic for unconfirmed locality) — no unique priority guide,Listed under DNI in the 2026-09-29 baseline while also listed in the sitemap; today it serves noindex so GSC classes it Excluded by noindex (intentional content gate),"docs/seo/31-indexing-audit-2026-09-29.md §3b (2026-09-29 GSC DNI baseline, grouped rows) + live 2026-10-09: HTTP 200, robots=noindex, follow, sitemap=No, inbound 20/479 crawled pages; P0 slug (2026-10-05 plan); already a row in 03-noindex-audit.csv (noindex∩sitemap = 0 today)","Flip to indexable on the P0 deploy (owner-approved plan), then resubmit sitemap",HISTORICAL_BASELINE,"DNI attribution from docs/seo/31-indexing-audit-2026-09-29.md §3b (GSC baseline 2026-09-29); that doc's group counts sum above its own ~70 estimate, so per-URL membership is approximate. Live state re-verified 2026-10-09. Current GSC status UNVERIFIED (no export/API)."
/areas/kr-puram,200,https://ridencare.co.in/areas/kr-puram,No,14 of 479 pages,Basic-tier template copy (generic for unconfirmed locality) — no unique priority guide,Listed under DNI in the 2026-09-29 baseline while also listed in the sitemap; today it serves noindex so GSC classes it Excluded by noindex (intentional content gate),"docs/seo/31-indexing-audit-2026-09-29.md §3b (2026-09-29 GSC DNI baseline, grouped rows) + live 2026-10-09: HTTP 200, robots=noindex, follow, sitemap=No, inbound 14/479 crawled pages; P0 slug (2026-10-05 plan); already a row in 03-noindex-audit.csv (noindex∩sitemap = 0 today)","Flip to indexable on the P0 deploy (owner-approved plan), then resubmit sitemap",HISTORICAL_BASELINE,"DNI attribution from docs/seo/31-indexing-audit-2026-09-29.md §3b (GSC baseline 2026-09-29); that doc's group counts sum above its own ~70 estimate, so per-URL membership is approximate. Live state re-verified 2026-10-09. Current GSC status UNVERIFIED (no export/API)."
/areas/hal,200,https://ridencare.co.in/areas/hal,No,14 of 479 pages,Basic-tier template copy (generic for unconfirmed locality) — no unique priority guide,Listed under DNI in the 2026-09-29 baseline while also listed in the sitemap; today it serves noindex so GSC classes it Excluded by noindex (intentional content gate),"docs/seo/31-indexing-audit-2026-09-29.md §3b (2026-09-29 GSC DNI baseline, grouped rows) + live 2026-10-09: HTTP 200, robots=noindex, follow, sitemap=No, inbound 14/479 crawled pages; already a row in 03-noindex-audit.csv (noindex∩sitemap = 0 today)",Keep noindex until content uplift + owner confirms priority tier (Q33),HISTORICAL_BASELINE,"DNI attribution from docs/seo/31-indexing-audit-2026-09-29.md §3b (GSC baseline 2026-09-29); that doc's group counts sum above its own ~70 estimate, so per-URL membership is approximate. Live state re-verified 2026-10-09. Current GSC status UNVERIFIED (no export/API)."
/areas/brookefield,200,https://ridencare.co.in/areas/brookefield,No,14 of 479 pages,Basic-tier template copy (generic for unconfirmed locality) — no unique priority guide,Listed under DNI in the 2026-09-29 baseline while also listed in the sitemap; today it serves noindex so GSC classes it Excluded by noindex (intentional content gate),"docs/seo/31-indexing-audit-2026-09-29.md §3b (2026-09-29 GSC DNI baseline, grouped rows) + live 2026-10-09: HTTP 200, robots=noindex, follow, sitemap=No, inbound 14/479 crawled pages; already a row in 03-noindex-audit.csv (noindex∩sitemap = 0 today)",Keep noindex until content uplift + owner confirms priority tier (Q33),HISTORICAL_BASELINE,"DNI attribution from docs/seo/31-indexing-audit-2026-09-29.md §3b (GSC baseline 2026-09-29); that doc's group counts sum above its own ~70 estimate, so per-URL membership is approximate. Live state re-verified 2026-10-09. Current GSC status UNVERIFIED (no export/API)."
/bike-service/bellandur,200,https://ridencare.co.in/bike-service/bellandur,Yes,21 of 479 pages,"Shared renderer src/routes/$service.$area.tsx: service-level FAQs, body substantially identical across bike/motorcycle/doorstep services for the same area (docs/seo/31 §3c); title/H1/canonical/schema are unique",Discovery without crawl priority: body-level duplication across sibling services lowers perceived value; live uniqueness check found 10/136 priority pairs >60% similar (all involve undeployed P0 pages),"docs/seo/31-indexing-audit-2026-09-29.md §3b (2026-09-29 GSC DNI baseline, grouped rows) + live 2026-10-09: HTTP 200, robots=none (indexable), sitemap=Yes, inbound 21/479 crawled pages",Owner decision: add 2–3 locality FAQs per pair (model: src/lib/car-area-content.ts) before pushing indexing; no canonical changes,HISTORICAL_BASELINE,"DNI attribution from docs/seo/31-indexing-audit-2026-09-29.md §3b (GSC baseline 2026-09-29); that doc's group counts sum above its own ~70 estimate, so per-URL membership is approximate. Live state re-verified 2026-10-09. Current GSC status UNVERIFIED (no export/API)."
/bike-service/btm-layout,200,https://ridencare.co.in/bike-service/btm-layout,Yes,24 of 479 pages,"Shared renderer src/routes/$service.$area.tsx: service-level FAQs, body substantially identical across bike/motorcycle/doorstep services for the same area (docs/seo/31 §3c); title/H1/canonical/schema are unique",Discovery without crawl priority: body-level duplication across sibling services lowers perceived value; live uniqueness check found 10/136 priority pairs >60% similar (all involve undeployed P0 pages),"docs/seo/31-indexing-audit-2026-09-29.md §3b (2026-09-29 GSC DNI baseline, grouped rows) + live 2026-10-09: HTTP 200, robots=none (indexable), sitemap=Yes, inbound 24/479 crawled pages",Owner decision: add 2–3 locality FAQs per pair (model: src/lib/car-area-content.ts) before pushing indexing; no canonical changes,HISTORICAL_BASELINE,"DNI attribution from docs/seo/31-indexing-audit-2026-09-29.md §3b (GSC baseline 2026-09-29); that doc's group counts sum above its own ~70 estimate, so per-URL membership is approximate. Live state re-verified 2026-10-09. Current GSC status UNVERIFIED (no export/API)."
/bike-service/electronic-city,200,https://ridencare.co.in/bike-service/electronic-city,Yes,17 of 479 pages,"Shared renderer src/routes/$service.$area.tsx: service-level FAQs, body substantially identical across bike/motorcycle/doorstep services for the same area (docs/seo/31 §3c); title/H1/canonical/schema are unique",Discovery without crawl priority: body-level duplication across sibling services lowers perceived value; live uniqueness check found 10/136 priority pairs >60% similar (all involve undeployed P0 pages),"docs/seo/31-indexing-audit-2026-09-29.md §3b (2026-09-29 GSC DNI baseline, grouped rows) + live 2026-10-09: HTTP 200, robots=none (indexable), sitemap=Yes, inbound 17/479 crawled pages",Owner decision: add 2–3 locality FAQs per pair (model: src/lib/car-area-content.ts) before pushing indexing; no canonical changes,HISTORICAL_BASELINE,"DNI attribution from docs/seo/31-indexing-audit-2026-09-29.md §3b (GSC baseline 2026-09-29); that doc's group counts sum above its own ~70 estimate, so per-URL membership is approximate. Live state re-verified 2026-10-09. Current GSC status UNVERIFIED (no export/API)."
/bike-service/hebbal,200,https://ridencare.co.in/bike-service/hebbal,Yes,9 of 479 pages,"Shared renderer src/routes/$service.$area.tsx: service-level FAQs, body substantially identical across bike/motorcycle/doorstep services for the same area (docs/seo/31 §3c); title/H1/canonical/schema are unique",Discovery without crawl priority: body-level duplication across sibling services lowers perceived value; live uniqueness check found 10/136 priority pairs >60% similar (all involve undeployed P0 pages),"docs/seo/31-indexing-audit-2026-09-29.md §3b (2026-09-29 GSC DNI baseline, grouped rows) + live 2026-10-09: HTTP 200, robots=none (indexable), sitemap=Yes, inbound 9/479 crawled pages",Owner decision: add 2–3 locality FAQs per pair (model: src/lib/car-area-content.ts) before pushing indexing; no canonical changes,HISTORICAL_BASELINE,"DNI attribution from docs/seo/31-indexing-audit-2026-09-29.md §3b (GSC baseline 2026-09-29); that doc's group counts sum above its own ~70 estimate, so per-URL membership is approximate. Live state re-verified 2026-10-09. Current GSC status UNVERIFIED (no export/API)."
/bike-service/hsr-layout,200,https://ridencare.co.in/bike-service/hsr-layout,Yes,26 of 479 pages,"Shared renderer src/routes/$service.$area.tsx: service-level FAQs, body substantially identical across bike/motorcycle/doorstep services for the same area (docs/seo/31 §3c); title/H1/canonical/schema are unique",Discovery without crawl priority: body-level duplication across sibling services lowers perceived value; live uniqueness check found 10/136 priority pairs >60% similar (all involve undeployed P0 pages),"docs/seo/31-indexing-audit-2026-09-29.md §3b (2026-09-29 GSC DNI baseline, grouped rows) + live 2026-10-09: HTTP 200, robots=none (indexable), sitemap=Yes, inbound 26/479 crawled pages",Owner decision: add 2–3 locality FAQs per pair (model: src/lib/car-area-content.ts) before pushing indexing; no canonical changes,HISTORICAL_BASELINE,"DNI attribution from docs/seo/31-indexing-audit-2026-09-29.md §3b (GSC baseline 2026-09-29); that doc's group counts sum above its own ~70 estimate, so per-URL membership is approximate. Live state re-verified 2026-10-09. Current GSC status UNVERIFIED (no export/API)."
/bike-service/indiranagar,200,https://ridencare.co.in/bike-service/indiranagar,Yes,23 of 479 pages,"Shared renderer src/routes/$service.$area.tsx: service-level FAQs, body substantially identical across bike/motorcycle/doorstep services for the same area (docs/seo/31 §3c); title/H1/canonical/schema are unique",Discovery without crawl priority: body-level duplication across sibling services lowers perceived value; live uniqueness check found 10/136 priority pairs >60% similar (all involve undeployed P0 pages),"docs/seo/31-indexing-audit-2026-09-29.md §3b (2026-09-29 GSC DNI baseline, grouped rows) + live 2026-10-09: HTTP 200, robots=none (indexable), sitemap=Yes, inbound 23/479 crawled pages",Owner decision: add 2–3 locality FAQs per pair (model: src/lib/car-area-content.ts) before pushing indexing; no canonical changes,HISTORICAL_BASELINE,"DNI attribution from docs/seo/31-indexing-audit-2026-09-29.md §3b (GSC baseline 2026-09-29); that doc's group counts sum above its own ~70 estimate, so per-URL membership is approximate. Live state re-verified 2026-10-09. Current GSC status UNVERIFIED (no export/API)."
/bike-service/jayanagar,200,https://ridencare.co.in/bike-service/jayanagar,Yes,20 of 479 pages,"Shared renderer src/routes/$service.$area.tsx: service-level FAQs, body substantially identical across bike/motorcycle/doorstep services for the same area (docs/seo/31 §3c); title/H1/canonical/schema are unique",Discovery without crawl priority: body-level duplication across sibling services lowers perceived value; live uniqueness check found 10/136 priority pairs >60% similar (all involve undeployed P0 pages),"docs/seo/31-indexing-audit-2026-09-29.md §3b (2026-09-29 GSC DNI baseline, grouped rows) + live 2026-10-09: HTTP 200, robots=none (indexable), sitemap=Yes, inbound 20/479 crawled pages",Owner decision: add 2–3 locality FAQs per pair (model: src/lib/car-area-content.ts) before pushing indexing; no canonical changes,HISTORICAL_BASELINE,"DNI attribution from docs/seo/31-indexing-audit-2026-09-29.md §3b (GSC baseline 2026-09-29); that doc's group counts sum above its own ~70 estimate, so per-URL membership is approximate. Live state re-verified 2026-10-09. Current GSC status UNVERIFIED (no export/API)."
/bike-service/jp-nagar,200,https://ridencare.co.in/bike-service/jp-nagar,Yes,18 of 479 pages,"Shared renderer src/routes/$service.$area.tsx: service-level FAQs, body substantially identical across bike/motorcycle/doorstep services for the same area (docs/seo/31 §3c); title/H1/canonical/schema are unique",Discovery without crawl priority: body-level duplication across sibling services lowers perceived value; live uniqueness check found 10/136 priority pairs >60% similar (all involve undeployed P0 pages),"docs/seo/31-indexing-audit-2026-09-29.md §3b (2026-09-29 GSC DNI baseline, grouped rows) + live 2026-10-09: HTTP 200, robots=none (indexable), sitemap=Yes, inbound 18/479 crawled pages",Owner decision: add 2–3 locality FAQs per pair (model: src/lib/car-area-content.ts) before pushing indexing; no canonical changes,HISTORICAL_BASELINE,"DNI attribution from docs/seo/31-indexing-audit-2026-09-29.md §3b (GSC baseline 2026-09-29); that doc's group counts sum above its own ~70 estimate, so per-URL membership is approximate. Live state re-verified 2026-10-09. Current GSC status UNVERIFIED (no export/API)."
/bike-service/koramangala,200,https://ridencare.co.in/bike-service/koramangala,Yes,25 of 479 pages,"Shared renderer src/routes/$service.$area.tsx: service-level FAQs, body substantially identical across bike/motorcycle/doorstep services for the same area (docs/seo/31 §3c); title/H1/canonical/schema are unique",Discovery without crawl priority: body-level duplication across sibling services lowers perceived value; live uniqueness check found 10/136 priority pairs >60% similar (all involve undeployed P0 pages),"docs/seo/31-indexing-audit-2026-09-29.md §3b (2026-09-29 GSC DNI baseline, grouped rows) + live 2026-10-09: HTTP 200, robots=none (indexable), sitemap=Yes, inbound 25/479 crawled pages",Owner decision: add 2–3 locality FAQs per pair (model: src/lib/car-area-content.ts) before pushing indexing; no canonical changes,HISTORICAL_BASELINE,"DNI attribution from docs/seo/31-indexing-audit-2026-09-29.md §3b (GSC baseline 2026-09-29); that doc's group counts sum above its own ~70 estimate, so per-URL membership is approximate. Live state re-verified 2026-10-09. Current GSC status UNVERIFIED (no export/API)."
/bike-service/marathahalli,200,https://ridencare.co.in/bike-service/marathahalli,Yes,21 of 479 pages,"Shared renderer src/routes/$service.$area.tsx: service-level FAQs, body substantially identical across bike/motorcycle/doorstep services for the same area (docs/seo/31 §3c); title/H1/canonical/schema are unique",Discovery without crawl priority: body-level duplication across sibling services lowers perceived value; live uniqueness check found 10/136 priority pairs >60% similar (all involve undeployed P0 pages),"docs/seo/31-indexing-audit-2026-09-29.md §3b (2026-09-29 GSC DNI baseline, grouped rows) + live 2026-10-09: HTTP 200, robots=none (indexable), sitemap=Yes, inbound 21/479 crawled pages",Owner decision: add 2–3 locality FAQs per pair (model: src/lib/car-area-content.ts) before pushing indexing; no canonical changes,HISTORICAL_BASELINE,"DNI attribution from docs/seo/31-indexing-audit-2026-09-29.md §3b (GSC baseline 2026-09-29); that doc's group counts sum above its own ~70 estimate, so per-URL membership is approximate. Live state re-verified 2026-10-09. Current GSC status UNVERIFIED (no export/API)."
/bike-service/sarjapur-road,200,https://ridencare.co.in/bike-service/sarjapur-road,Yes,17 of 479 pages,"Shared renderer src/routes/$service.$area.tsx: service-level FAQs, body substantially identical across bike/motorcycle/doorstep services for the same area (docs/seo/31 §3c); title/H1/canonical/schema are unique",Discovery without crawl priority: body-level duplication across sibling services lowers perceived value; live uniqueness check found 10/136 priority pairs >60% similar (all involve undeployed P0 pages),"docs/seo/31-indexing-audit-2026-09-29.md §3b (2026-09-29 GSC DNI baseline, grouped rows) + live 2026-10-09: HTTP 200, robots=none (indexable), sitemap=Yes, inbound 17/479 crawled pages",Owner decision: add 2–3 locality FAQs per pair (model: src/lib/car-area-content.ts) before pushing indexing; no canonical changes,HISTORICAL_BASELINE,"DNI attribution from docs/seo/31-indexing-audit-2026-09-29.md §3b (GSC baseline 2026-09-29); that doc's group counts sum above its own ~70 estimate, so per-URL membership is approximate. Live state re-verified 2026-10-09. Current GSC status UNVERIFIED (no export/API)."
/bike-service/whitefield,200,https://ridencare.co.in/bike-service/whitefield,Yes,21 of 479 pages,"Shared renderer src/routes/$service.$area.tsx: service-level FAQs, body substantially identical across bike/motorcycle/doorstep services for the same area (docs/seo/31 §3c); title/H1/canonical/schema are unique",Discovery without crawl priority: body-level duplication across sibling services lowers perceived value; live uniqueness check found 10/136 priority pairs >60% similar (all involve undeployed P0 pages),"docs/seo/31-indexing-audit-2026-09-29.md §3b (2026-09-29 GSC DNI baseline, grouped rows) + live 2026-10-09: HTTP 200, robots=none (indexable), sitemap=Yes, inbound 21/479 crawled pages",Owner decision: add 2–3 locality FAQs per pair (model: src/lib/car-area-content.ts) before pushing indexing; no canonical changes,HISTORICAL_BASELINE,"DNI attribution from docs/seo/31-indexing-audit-2026-09-29.md §3b (GSC baseline 2026-09-29); that doc's group counts sum above its own ~70 estimate, so per-URL membership is approximate. Live state re-verified 2026-10-09. Current GSC status UNVERIFIED (no export/API)."
/motorcycle-service/bellandur,200,https://ridencare.co.in/motorcycle-service/bellandur,Yes,19 of 479 pages,"Shared renderer src/routes/$service.$area.tsx: service-level FAQs, body substantially identical across bike/motorcycle/doorstep services for the same area (docs/seo/31 §3c); title/H1/canonical/schema are unique",Discovery without crawl priority: body-level duplication across sibling services lowers perceived value; live uniqueness check found 10/136 priority pairs >60% similar (all involve undeployed P0 pages),"docs/seo/31-indexing-audit-2026-09-29.md §3b (2026-09-29 GSC DNI baseline, grouped rows) + live 2026-10-09: HTTP 200, robots=none (indexable), sitemap=Yes, inbound 19/479 crawled pages",Owner decision: add 2–3 locality FAQs per pair (model: src/lib/car-area-content.ts) before pushing indexing; no canonical changes,HISTORICAL_BASELINE,"DNI attribution from docs/seo/31-indexing-audit-2026-09-29.md §3b (GSC baseline 2026-09-29); that doc's group counts sum above its own ~70 estimate, so per-URL membership is approximate. Live state re-verified 2026-10-09. Current GSC status UNVERIFIED (no export/API)."
/motorcycle-service/btm-layout,200,https://ridencare.co.in/motorcycle-service/btm-layout,Yes,20 of 479 pages,"Shared renderer src/routes/$service.$area.tsx: service-level FAQs, body substantially identical across bike/motorcycle/doorstep services for the same area (docs/seo/31 §3c); title/H1/canonical/schema are unique",Discovery without crawl priority: body-level duplication across sibling services lowers perceived value; live uniqueness check found 10/136 priority pairs >60% similar (all involve undeployed P0 pages),"docs/seo/31-indexing-audit-2026-09-29.md §3b (2026-09-29 GSC DNI baseline, grouped rows) + live 2026-10-09: HTTP 200, robots=none (indexable), sitemap=Yes, inbound 20/479 crawled pages",Owner decision: add 2–3 locality FAQs per pair (model: src/lib/car-area-content.ts) before pushing indexing; no canonical changes,HISTORICAL_BASELINE,"DNI attribution from docs/seo/31-indexing-audit-2026-09-29.md §3b (GSC baseline 2026-09-29); that doc's group counts sum above its own ~70 estimate, so per-URL membership is approximate. Live state re-verified 2026-10-09. Current GSC status UNVERIFIED (no export/API)."
/motorcycle-service/electronic-city,200,https://ridencare.co.in/motorcycle-service/electronic-city,Yes,13 of 479 pages,"Shared renderer src/routes/$service.$area.tsx: service-level FAQs, body substantially identical across bike/motorcycle/doorstep services for the same area (docs/seo/31 §3c); title/H1/canonical/schema are unique",Discovery without crawl priority: body-level duplication across sibling services lowers perceived value; live uniqueness check found 10/136 priority pairs >60% similar (all involve undeployed P0 pages),"docs/seo/31-indexing-audit-2026-09-29.md §3b (2026-09-29 GSC DNI baseline, grouped rows) + live 2026-10-09: HTTP 200, robots=none (indexable), sitemap=Yes, inbound 13/479 crawled pages",Owner decision: add 2–3 locality FAQs per pair (model: src/lib/car-area-content.ts) before pushing indexing; no canonical changes,HISTORICAL_BASELINE,"DNI attribution from docs/seo/31-indexing-audit-2026-09-29.md §3b (GSC baseline 2026-09-29); that doc's group counts sum above its own ~70 estimate, so per-URL membership is approximate. Live state re-verified 2026-10-09. Current GSC status UNVERIFIED (no export/API)."
/motorcycle-service/hebbal,200,https://ridencare.co.in/motorcycle-service/hebbal,Yes,7 of 479 pages,"Shared renderer src/routes/$service.$area.tsx: service-level FAQs, body substantially identical across bike/motorcycle/doorstep services for the same area (docs/seo/31 §3c); title/H1/canonical/schema are unique",Discovery without crawl priority: body-level duplication across sibling services lowers perceived value; live uniqueness check found 10/136 priority pairs >60% similar (all involve undeployed P0 pages),"docs/seo/31-indexing-audit-2026-09-29.md §3b (2026-09-29 GSC DNI baseline, grouped rows) + live 2026-10-09: HTTP 200, robots=none (indexable), sitemap=Yes, inbound 7/479 crawled pages",Owner decision: add 2–3 locality FAQs per pair (model: src/lib/car-area-content.ts) before pushing indexing; no canonical changes,HISTORICAL_BASELINE,"DNI attribution from docs/seo/31-indexing-audit-2026-09-29.md §3b (GSC baseline 2026-09-29); that doc's group counts sum above its own ~70 estimate, so per-URL membership is approximate. Live state re-verified 2026-10-09. Current GSC status UNVERIFIED (no export/API)."
/motorcycle-service/hsr-layout,200,https://ridencare.co.in/motorcycle-service/hsr-layout,Yes,22 of 479 pages,"Shared renderer src/routes/$service.$area.tsx: service-level FAQs, body substantially identical across bike/motorcycle/doorstep services for the same area (docs/seo/31 §3c); title/H1/canonical/schema are unique",Discovery without crawl priority: body-level duplication across sibling services lowers perceived value; live uniqueness check found 10/136 priority pairs >60% similar (all involve undeployed P0 pages),"docs/seo/31-indexing-audit-2026-09-29.md §3b (2026-09-29 GSC DNI baseline, grouped rows) + live 2026-10-09: HTTP 200, robots=none (indexable), sitemap=Yes, inbound 22/479 crawled pages",Owner decision: add 2–3 locality FAQs per pair (model: src/lib/car-area-content.ts) before pushing indexing; no canonical changes,HISTORICAL_BASELINE,"DNI attribution from docs/seo/31-indexing-audit-2026-09-29.md §3b (GSC baseline 2026-09-29); that doc's group counts sum above its own ~70 estimate, so per-URL membership is approximate. Live state re-verified 2026-10-09. Current GSC status UNVERIFIED (no export/API)."
/motorcycle-service/indiranagar,200,https://ridencare.co.in/motorcycle-service/indiranagar,Yes,21 of 479 pages,"Shared renderer src/routes/$service.$area.tsx: service-level FAQs, body substantially identical across bike/motorcycle/doorstep services for the same area (docs/seo/31 §3c); title/H1/canonical/schema are unique",Discovery without crawl priority: body-level duplication across sibling services lowers perceived value; live uniqueness check found 10/136 priority pairs >60% similar (all involve undeployed P0 pages),"docs/seo/31-indexing-audit-2026-09-29.md §3b (2026-09-29 GSC DNI baseline, grouped rows) + live 2026-10-09: HTTP 200, robots=none (indexable), sitemap=Yes, inbound 21/479 crawled pages",Owner decision: add 2–3 locality FAQs per pair (model: src/lib/car-area-content.ts) before pushing indexing; no canonical changes,HISTORICAL_BASELINE,"DNI attribution from docs/seo/31-indexing-audit-2026-09-29.md §3b (GSC baseline 2026-09-29); that doc's group counts sum above its own ~70 estimate, so per-URL membership is approximate. Live state re-verified 2026-10-09. Current GSC status UNVERIFIED (no export/API)."
/motorcycle-service/jayanagar,200,https://ridencare.co.in/motorcycle-service/jayanagar,Yes,16 of 479 pages,"Shared renderer src/routes/$service.$area.tsx: service-level FAQs, body substantially identical across bike/motorcycle/doorstep services for the same area (docs/seo/31 §3c); title/H1/canonical/schema are unique",Discovery without crawl priority: body-level duplication across sibling services lowers perceived value; live uniqueness check found 10/136 priority pairs >60% similar (all involve undeployed P0 pages),"docs/seo/31-indexing-audit-2026-09-29.md §3b (2026-09-29 GSC DNI baseline, grouped rows) + live 2026-10-09: HTTP 200, robots=none (indexable), sitemap=Yes, inbound 16/479 crawled pages",Owner decision: add 2–3 locality FAQs per pair (model: src/lib/car-area-content.ts) before pushing indexing; no canonical changes,HISTORICAL_BASELINE,"DNI attribution from docs/seo/31-indexing-audit-2026-09-29.md §3b (GSC baseline 2026-09-29); that doc's group counts sum above its own ~70 estimate, so per-URL membership is approximate. Live state re-verified 2026-10-09. Current GSC status UNVERIFIED (no export/API)."
/motorcycle-service/jp-nagar,200,https://ridencare.co.in/motorcycle-service/jp-nagar,Yes,14 of 479 pages,"Shared renderer src/routes/$service.$area.tsx: service-level FAQs, body substantially identical across bike/motorcycle/doorstep services for the same area (docs/seo/31 §3c); title/H1/canonical/schema are unique",Discovery without crawl priority: body-level duplication across sibling services lowers perceived value; live uniqueness check found 10/136 priority pairs >60% similar (all involve undeployed P0 pages),"docs/seo/31-indexing-audit-2026-09-29.md §3b (2026-09-29 GSC DNI baseline, grouped rows) + live 2026-10-09: HTTP 200, robots=none (indexable), sitemap=Yes, inbound 14/479 crawled pages",Owner decision: add 2–3 locality FAQs per pair (model: src/lib/car-area-content.ts) before pushing indexing; no canonical changes,HISTORICAL_BASELINE,"DNI attribution from docs/seo/31-indexing-audit-2026-09-29.md §3b (GSC baseline 2026-09-29); that doc's group counts sum above its own ~70 estimate, so per-URL membership is approximate. Live state re-verified 2026-10-09. Current GSC status UNVERIFIED (no export/API)."
/motorcycle-service/koramangala,200,https://ridencare.co.in/motorcycle-service/koramangala,Yes,21 of 479 pages,"Shared renderer src/routes/$service.$area.tsx: service-level FAQs, body substantially identical across bike/motorcycle/doorstep services for the same area (docs/seo/31 §3c); title/H1/canonical/schema are unique",Discovery without crawl priority: body-level duplication across sibling services lowers perceived value; live uniqueness check found 10/136 priority pairs >60% similar (all involve undeployed P0 pages),"docs/seo/31-indexing-audit-2026-09-29.md §3b (2026-09-29 GSC DNI baseline, grouped rows) + live 2026-10-09: HTTP 200, robots=none (indexable), sitemap=Yes, inbound 21/479 crawled pages",Owner decision: add 2–3 locality FAQs per pair (model: src/lib/car-area-content.ts) before pushing indexing; no canonical changes,HISTORICAL_BASELINE,"DNI attribution from docs/seo/31-indexing-audit-2026-09-29.md §3b (GSC baseline 2026-09-29); that doc's group counts sum above its own ~70 estimate, so per-URL membership is approximate. Live state re-verified 2026-10-09. Current GSC status UNVERIFIED (no export/API)."
/motorcycle-service/marathahalli,200,https://ridencare.co.in/motorcycle-service/marathahalli,Yes,19 of 479 pages,"Shared renderer src/routes/$service.$area.tsx: service-level FAQs, body substantially identical across bike/motorcycle/doorstep services for the same area (docs/seo/31 §3c); title/H1/canonical/schema are unique",Discovery without crawl priority: body-level duplication across sibling services lowers perceived value; live uniqueness check found 10/136 priority pairs >60% similar (all involve undeployed P0 pages),"docs/seo/31-indexing-audit-2026-09-29.md §3b (2026-09-29 GSC DNI baseline, grouped rows) + live 2026-10-09: HTTP 200, robots=none (indexable), sitemap=Yes, inbound 19/479 crawled pages",Owner decision: add 2–3 locality FAQs per pair (model: src/lib/car-area-content.ts) before pushing indexing; no canonical changes,HISTORICAL_BASELINE,"DNI attribution from docs/seo/31-indexing-audit-2026-09-29.md §3b (GSC baseline 2026-09-29); that doc's group counts sum above its own ~70 estimate, so per-URL membership is approximate. Live state re-verified 2026-10-09. Current GSC status UNVERIFIED (no export/API)."
/motorcycle-service/sarjapur-road,200,https://ridencare.co.in/motorcycle-service/sarjapur-road,Yes,15 of 479 pages,"Shared renderer src/routes/$service.$area.tsx: service-level FAQs, body substantially identical across bike/motorcycle/doorstep services for the same area (docs/seo/31 §3c); title/H1/canonical/schema are unique",Discovery without crawl priority: body-level duplication across sibling services lowers perceived value; live uniqueness check found 10/136 priority pairs >60% similar (all involve undeployed P0 pages),"docs/seo/31-indexing-audit-2026-09-29.md §3b (2026-09-29 GSC DNI baseline, grouped rows) + live 2026-10-09: HTTP 200, robots=none (indexable), sitemap=Yes, inbound 15/479 crawled pages",Owner decision: add 2–3 locality FAQs per pair (model: src/lib/car-area-content.ts) before pushing indexing; no canonical changes,HISTORICAL_BASELINE,"DNI attribution from docs/seo/31-indexing-audit-2026-09-29.md §3b (GSC baseline 2026-09-29); that doc's group counts sum above its own ~70 estimate, so per-URL membership is approximate. Live state re-verified 2026-10-09. Current GSC status UNVERIFIED (no export/API)."
/motorcycle-service/whitefield,200,https://ridencare.co.in/motorcycle-service/whitefield,Yes,19 of 479 pages,"Shared renderer src/routes/$service.$area.tsx: service-level FAQs, body substantially identical across bike/motorcycle/doorstep services for the same area (docs/seo/31 §3c); title/H1/canonical/schema are unique",Discovery without crawl priority: body-level duplication across sibling services lowers perceived value; live uniqueness check found 10/136 priority pairs >60% similar (all involve undeployed P0 pages),"docs/seo/31-indexing-audit-2026-09-29.md §3b (2026-09-29 GSC DNI baseline, grouped rows) + live 2026-10-09: HTTP 200, robots=none (indexable), sitemap=Yes, inbound 19/479 crawled pages",Owner decision: add 2–3 locality FAQs per pair (model: src/lib/car-area-content.ts) before pushing indexing; no canonical changes,HISTORICAL_BASELINE,"DNI attribution from docs/seo/31-indexing-audit-2026-09-29.md §3b (GSC baseline 2026-09-29); that doc's group counts sum above its own ~70 estimate, so per-URL membership is approximate. Live state re-verified 2026-10-09. Current GSC status UNVERIFIED (no export/API)."
/doorstep-bike-service/bellandur,200,https://ridencare.co.in/doorstep-bike-service/bellandur,Yes,22 of 479 pages,"Shared renderer src/routes/$service.$area.tsx: service-level FAQs, body substantially identical across bike/motorcycle/doorstep services for the same area (docs/seo/31 §3c); title/H1/canonical/schema are unique",Discovery without crawl priority: body-level duplication across sibling services lowers perceived value; live uniqueness check found 10/136 priority pairs >60% similar (all involve undeployed P0 pages),"docs/seo/31-indexing-audit-2026-09-29.md §3b (2026-09-29 GSC DNI baseline, grouped rows) + live 2026-10-09: HTTP 200, robots=none (indexable), sitemap=Yes, inbound 22/479 crawled pages",Owner decision: add 2–3 locality FAQs per pair (model: src/lib/car-area-content.ts) before pushing indexing; no canonical changes,HISTORICAL_BASELINE,"DNI attribution from docs/seo/31-indexing-audit-2026-09-29.md §3b (GSC baseline 2026-09-29); that doc's group counts sum above its own ~70 estimate, so per-URL membership is approximate. Live state re-verified 2026-10-09. Current GSC status UNVERIFIED (no export/API)."
/doorstep-bike-service/btm-layout,200,https://ridencare.co.in/doorstep-bike-service/btm-layout,Yes,24 of 479 pages,"Shared renderer src/routes/$service.$area.tsx: service-level FAQs, body substantially identical across bike/motorcycle/doorstep services for the same area (docs/seo/31 §3c); title/H1/canonical/schema are unique",Discovery without crawl priority: body-level duplication across sibling services lowers perceived value; live uniqueness check found 10/136 priority pairs >60% similar (all involve undeployed P0 pages),"docs/seo/31-indexing-audit-2026-09-29.md §3b (2026-09-29 GSC DNI baseline, grouped rows) + live 2026-10-09: HTTP 200, robots=none (indexable), sitemap=Yes, inbound 24/479 crawled pages",Owner decision: add 2–3 locality FAQs per pair (model: src/lib/car-area-content.ts) before pushing indexing; no canonical changes,HISTORICAL_BASELINE,"DNI attribution from docs/seo/31-indexing-audit-2026-09-29.md §3b (GSC baseline 2026-09-29); that doc's group counts sum above its own ~70 estimate, so per-URL membership is approximate. Live state re-verified 2026-10-09. Current GSC status UNVERIFIED (no export/API)."
/doorstep-bike-service/electronic-city,200,https://ridencare.co.in/doorstep-bike-service/electronic-city,Yes,16 of 479 pages,"Shared renderer src/routes/$service.$area.tsx: service-level FAQs, body substantially identical across bike/motorcycle/doorstep services for the same area (docs/seo/31 §3c); title/H1/canonical/schema are unique",Discovery without crawl priority: body-level duplication across sibling services lowers perceived value; live uniqueness check found 10/136 priority pairs >60% similar (all involve undeployed P0 pages),"docs/seo/31-indexing-audit-2026-09-29.md §3b (2026-09-29 GSC DNI baseline, grouped rows) + live 2026-10-09: HTTP 200, robots=none (indexable), sitemap=Yes, inbound 16/479 crawled pages",Owner decision: add 2–3 locality FAQs per pair (model: src/lib/car-area-content.ts) before pushing indexing; no canonical changes,HISTORICAL_BASELINE,"DNI attribution from docs/seo/31-indexing-audit-2026-09-29.md §3b (GSC baseline 2026-09-29); that doc's group counts sum above its own ~70 estimate, so per-URL membership is approximate. Live state re-verified 2026-10-09. Current GSC status UNVERIFIED (no export/API)."
/doorstep-bike-service/hebbal,200,https://ridencare.co.in/doorstep-bike-service/hebbal,Yes,10 of 479 pages,"Shared renderer src/routes/$service.$area.tsx: service-level FAQs, body substantially identical across bike/motorcycle/doorstep services for the same area (docs/seo/31 §3c); title/H1/canonical/schema are unique",Discovery without crawl priority: body-level duplication across sibling services lowers perceived value; live uniqueness check found 10/136 priority pairs >60% similar (all involve undeployed P0 pages),"docs/seo/31-indexing-audit-2026-09-29.md §3b (2026-09-29 GSC DNI baseline, grouped rows) + live 2026-10-09: HTTP 200, robots=none (indexable), sitemap=Yes, inbound 10/479 crawled pages",Owner decision: add 2–3 locality FAQs per pair (model: src/lib/car-area-content.ts) before pushing indexing; no canonical changes,HISTORICAL_BASELINE,"DNI attribution from docs/seo/31-indexing-audit-2026-09-29.md §3b (GSC baseline 2026-09-29); that doc's group counts sum above its own ~70 estimate, so per-URL membership is approximate. Live state re-verified 2026-10-09. Current GSC status UNVERIFIED (no export/API)."
/doorstep-bike-service/hsr-layout,200,https://ridencare.co.in/doorstep-bike-service/hsr-layout,Yes,25 of 479 pages,"Shared renderer src/routes/$service.$area.tsx: service-level FAQs, body substantially identical across bike/motorcycle/doorstep services for the same area (docs/seo/31 §3c); title/H1/canonical/schema are unique",Discovery without crawl priority: body-level duplication across sibling services lowers perceived value; live uniqueness check found 10/136 priority pairs >60% similar (all involve undeployed P0 pages),"docs/seo/31-indexing-audit-2026-09-29.md §3b (2026-09-29 GSC DNI baseline, grouped rows) + live 2026-10-09: HTTP 200, robots=none (indexable), sitemap=Yes, inbound 25/479 crawled pages",Owner decision: add 2–3 locality FAQs per pair (model: src/lib/car-area-content.ts) before pushing indexing; no canonical changes,HISTORICAL_BASELINE,"DNI attribution from docs/seo/31-indexing-audit-2026-09-29.md §3b (GSC baseline 2026-09-29); that doc's group counts sum above its own ~70 estimate, so per-URL membership is approximate. Live state re-verified 2026-10-09. Current GSC status UNVERIFIED (no export/API)."
/doorstep-bike-service/indiranagar,200,https://ridencare.co.in/doorstep-bike-service/indiranagar,Yes,24 of 479 pages,"Shared renderer src/routes/$service.$area.tsx: service-level FAQs, body substantially identical across bike/motorcycle/doorstep services for the same area (docs/seo/31 §3c); title/H1/canonical/schema are unique",Discovery without crawl priority: body-level duplication across sibling services lowers perceived value; live uniqueness check found 10/136 priority pairs >60% similar (all involve undeployed P0 pages),"docs/seo/31-indexing-audit-2026-09-29.md §3b (2026-09-29 GSC DNI baseline, grouped rows) + live 2026-10-09: HTTP 200, robots=none (indexable), sitemap=Yes, inbound 24/479 crawled pages",Owner decision: add 2–3 locality FAQs per pair (model: src/lib/car-area-content.ts) before pushing indexing; no canonical changes,HISTORICAL_BASELINE,"DNI attribution from docs/seo/31-indexing-audit-2026-09-29.md §3b (GSC baseline 2026-09-29); that doc's group counts sum above its own ~70 estimate, so per-URL membership is approximate. Live state re-verified 2026-10-09. Current GSC status UNVERIFIED (no export/API)."
/doorstep-bike-service/jayanagar,200,https://ridencare.co.in/doorstep-bike-service/jayanagar,Yes,19 of 479 pages,"Shared renderer src/routes/$service.$area.tsx: service-level FAQs, body substantially identical across bike/motorcycle/doorstep services for the same area (docs/seo/31 §3c); title/H1/canonical/schema are unique",Discovery without crawl priority: body-level duplication across sibling services lowers perceived value; live uniqueness check found 10/136 priority pairs >60% similar (all involve undeployed P0 pages),"docs/seo/31-indexing-audit-2026-09-29.md §3b (2026-09-29 GSC DNI baseline, grouped rows) + live 2026-10-09: HTTP 200, robots=none (indexable), sitemap=Yes, inbound 19/479 crawled pages",Owner decision: add 2–3 locality FAQs per pair (model: src/lib/car-area-content.ts) before pushing indexing; no canonical changes,HISTORICAL_BASELINE,"DNI attribution from docs/seo/31-indexing-audit-2026-09-29.md §3b (GSC baseline 2026-09-29); that doc's group counts sum above its own ~70 estimate, so per-URL membership is approximate. Live state re-verified 2026-10-09. Current GSC status UNVERIFIED (no export/API)."
/doorstep-bike-service/jp-nagar,200,https://ridencare.co.in/doorstep-bike-service/jp-nagar,Yes,18 of 479 pages,"Shared renderer src/routes/$service.$area.tsx: service-level FAQs, body substantially identical across bike/motorcycle/doorstep services for the same area (docs/seo/31 §3c); title/H1/canonical/schema are unique",Discovery without crawl priority: body-level duplication across sibling services lowers perceived value; live uniqueness check found 10/136 priority pairs >60% similar (all involve undeployed P0 pages),"docs/seo/31-indexing-audit-2026-09-29.md §3b (2026-09-29 GSC DNI baseline, grouped rows) + live 2026-10-09: HTTP 200, robots=none (indexable), sitemap=Yes, inbound 18/479 crawled pages",Owner decision: add 2–3 locality FAQs per pair (model: src/lib/car-area-content.ts) before pushing indexing; no canonical changes,HISTORICAL_BASELINE,"DNI attribution from docs/seo/31-indexing-audit-2026-09-29.md §3b (GSC baseline 2026-09-29); that doc's group counts sum above its own ~70 estimate, so per-URL membership is approximate. Live state re-verified 2026-10-09. Current GSC status UNVERIFIED (no export/API)."
/doorstep-bike-service/koramangala,200,https://ridencare.co.in/doorstep-bike-service/koramangala,Yes,24 of 479 pages,"Shared renderer src/routes/$service.$area.tsx: service-level FAQs, body substantially identical across bike/motorcycle/doorstep services for the same area (docs/seo/31 §3c); title/H1/canonical/schema are unique",Discovery without crawl priority: body-level duplication across sibling services lowers perceived value; live uniqueness check found 10/136 priority pairs >60% similar (all involve undeployed P0 pages),"docs/seo/31-indexing-audit-2026-09-29.md §3b (2026-09-29 GSC DNI baseline, grouped rows) + live 2026-10-09: HTTP 200, robots=none (indexable), sitemap=Yes, inbound 24/479 crawled pages",Owner decision: add 2–3 locality FAQs per pair (model: src/lib/car-area-content.ts) before pushing indexing; no canonical changes,HISTORICAL_BASELINE,"DNI attribution from docs/seo/31-indexing-audit-2026-09-29.md §3b (GSC baseline 2026-09-29); that doc's group counts sum above its own ~70 estimate, so per-URL membership is approximate. Live state re-verified 2026-10-09. Current GSC status UNVERIFIED (no export/API)."
/doorstep-bike-service/marathahalli,200,https://ridencare.co.in/doorstep-bike-service/marathahalli,Yes,22 of 479 pages,"Shared renderer src/routes/$service.$area.tsx: service-level FAQs, body substantially identical across bike/motorcycle/doorstep services for the same area (docs/seo/31 §3c); title/H1/canonical/schema are unique",Discovery without crawl priority: body-level duplication across sibling services lowers perceived value; live uniqueness check found 10/136 priority pairs >60% similar (all involve undeployed P0 pages),"docs/seo/31-indexing-audit-2026-09-29.md §3b (2026-09-29 GSC DNI baseline, grouped rows) + live 2026-10-09: HTTP 200, robots=none (indexable), sitemap=Yes, inbound 22/479 crawled pages",Owner decision: add 2–3 locality FAQs per pair (model: src/lib/car-area-content.ts) before pushing indexing; no canonical changes,HISTORICAL_BASELINE,"DNI attribution from docs/seo/31-indexing-audit-2026-09-29.md §3b (GSC baseline 2026-09-29); that doc's group counts sum above its own ~70 estimate, so per-URL membership is approximate. Live state re-verified 2026-10-09. Current GSC status UNVERIFIED (no export/API)."
/doorstep-bike-service/sarjapur-road,200,https://ridencare.co.in/doorstep-bike-service/sarjapur-road,Yes,18 of 479 pages,"Shared renderer src/routes/$service.$area.tsx: service-level FAQs, body substantially identical across bike/motorcycle/doorstep services for the same area (docs/seo/31 §3c); title/H1/canonical/schema are unique",Discovery without crawl priority: body-level duplication across sibling services lowers perceived value; live uniqueness check found 10/136 priority pairs >60% similar (all involve undeployed P0 pages),"docs/seo/31-indexing-audit-2026-09-29.md §3b (2026-09-29 GSC DNI baseline, grouped rows) + live 2026-10-09: HTTP 200, robots=none (indexable), sitemap=Yes, inbound 18/479 crawled pages",Owner decision: add 2–3 locality FAQs per pair (model: src/lib/car-area-content.ts) before pushing indexing; no canonical changes,HISTORICAL_BASELINE,"DNI attribution from docs/seo/31-indexing-audit-2026-09-29.md §3b (GSC baseline 2026-09-29); that doc's group counts sum above its own ~70 estimate, so per-URL membership is approximate. Live state re-verified 2026-10-09. Current GSC status UNVERIFIED (no export/API)."
/doorstep-bike-service/whitefield,200,https://ridencare.co.in/doorstep-bike-service/whitefield,Yes,22 of 479 pages,"Shared renderer src/routes/$service.$area.tsx: service-level FAQs, body substantially identical across bike/motorcycle/doorstep services for the same area (docs/seo/31 §3c); title/H1/canonical/schema are unique",Discovery without crawl priority: body-level duplication across sibling services lowers perceived value; live uniqueness check found 10/136 priority pairs >60% similar (all involve undeployed P0 pages),"docs/seo/31-indexing-audit-2026-09-29.md §3b (2026-09-29 GSC DNI baseline, grouped rows) + live 2026-10-09: HTTP 200, robots=none (indexable), sitemap=Yes, inbound 22/479 crawled pages",Owner decision: add 2–3 locality FAQs per pair (model: src/lib/car-area-content.ts) before pushing indexing; no canonical changes,HISTORICAL_BASELINE,"DNI attribution from docs/seo/31-indexing-audit-2026-09-29.md §3b (GSC baseline 2026-09-29); that doc's group counts sum above its own ~70 estimate, so per-URL membership is approximate. Live state re-verified 2026-10-09. Current GSC status UNVERIFIED (no export/API)."
/car-ac-service,200,https://ridencare.co.in/car-ac-service,Yes,479 of 479 pages,"Unique Part-5 template page (unique title/H1/summary, unique FAQ set)",Newer pages with modest internal-link mass; discovery lags the older bike cluster,"docs/seo/31-indexing-audit-2026-09-29.md §3b (2026-09-29 GSC DNI baseline, grouped rows) + live 2026-10-09: HTTP 200, robots=none (indexable), sitemap=Yes, inbound 479/479 crawled pages; doc listed 9 top-level car pages at 2026-09-29; live sitemap now lists the current set",Keep; links already flow from the /cars hub + footer; monitor recrawl,HISTORICAL_BASELINE,"DNI attribution from docs/seo/31-indexing-audit-2026-09-29.md §3b (GSC baseline 2026-09-29); that doc's group counts sum above its own ~70 estimate, so per-URL membership is approximate. Live state re-verified 2026-10-09. Current GSC status UNVERIFIED (no export/API)."
/car-battery-service,200,https://ridencare.co.in/car-battery-service,Yes,479 of 479 pages,"Unique Part-5 template page (unique title/H1/summary, unique FAQ set)",Newer pages with modest internal-link mass; discovery lags the older bike cluster,"docs/seo/31-indexing-audit-2026-09-29.md §3b (2026-09-29 GSC DNI baseline, grouped rows) + live 2026-10-09: HTTP 200, robots=none (indexable), sitemap=Yes, inbound 479/479 crawled pages; doc listed 9 top-level car pages at 2026-09-29; live sitemap now lists the current set",Keep; links already flow from the /cars hub + footer; monitor recrawl,HISTORICAL_BASELINE,"DNI attribution from docs/seo/31-indexing-audit-2026-09-29.md §3b (GSC baseline 2026-09-29); that doc's group counts sum above its own ~70 estimate, so per-URL membership is approximate. Live state re-verified 2026-10-09. Current GSC status UNVERIFIED (no export/API)."
/car-brake-service,200,https://ridencare.co.in/car-brake-service,Yes,479 of 479 pages,"Unique Part-5 template page (unique title/H1/summary, unique FAQ set)",Newer pages with modest internal-link mass; discovery lags the older bike cluster,"docs/seo/31-indexing-audit-2026-09-29.md §3b (2026-09-29 GSC DNI baseline, grouped rows) + live 2026-10-09: HTTP 200, robots=none (indexable), sitemap=Yes, inbound 479/479 crawled pages; doc listed 9 top-level car pages at 2026-09-29; live sitemap now lists the current set",Keep; links already flow from the /cars hub + footer; monitor recrawl,HISTORICAL_BASELINE,"DNI attribution from docs/seo/31-indexing-audit-2026-09-29.md §3b (GSC baseline 2026-09-29); that doc's group counts sum above its own ~70 estimate, so per-URL membership is approximate. Live state re-verified 2026-10-09. Current GSC status UNVERIFIED (no export/API)."
/car-breakdown-assistance,200,https://ridencare.co.in/car-breakdown-assistance,Yes,2 of 479 pages,"Unique Part-5 template page (unique title/H1/summary, unique FAQ set)",Newer pages with modest internal-link mass; discovery lags the older bike cluster,"docs/seo/31-indexing-audit-2026-09-29.md §3b (2026-09-29 GSC DNI baseline, grouped rows) + live 2026-10-09: HTTP 200, robots=none (indexable), sitemap=Yes, inbound 2/479 crawled pages; doc listed 9 top-level car pages at 2026-09-29; live sitemap now lists the current set",Keep; links already flow from the /cars hub + footer; monitor recrawl,HISTORICAL_BASELINE,"DNI attribution from docs/seo/31-indexing-audit-2026-09-29.md §3b (GSC baseline 2026-09-29); that doc's group counts sum above its own ~70 estimate, so per-URL membership is approximate. Live state re-verified 2026-10-09. Current GSC status UNVERIFIED (no export/API)."
/car-electrical-repair,200,https://ridencare.co.in/car-electrical-repair,Yes,479 of 479 pages,"Unique Part-5 template page (unique title/H1/summary, unique FAQ set)",Newer pages with modest internal-link mass; discovery lags the older bike cluster,"docs/seo/31-indexing-audit-2026-09-29.md §3b (2026-09-29 GSC DNI baseline, grouped rows) + live 2026-10-09: HTTP 200, robots=none (indexable), sitemap=Yes, inbound 479/479 crawled pages; doc listed 9 top-level car pages at 2026-09-29; live sitemap now lists the current set",Keep; links already flow from the /cars hub + footer; monitor recrawl,HISTORICAL_BASELINE,"DNI attribution from docs/seo/31-indexing-audit-2026-09-29.md §3b (GSC baseline 2026-09-29); that doc's group counts sum above its own ~70 estimate, so per-URL membership is approximate. Live state re-verified 2026-10-09. Current GSC status UNVERIFIED (no export/API)."
/car-inspection,200,https://ridencare.co.in/car-inspection,Yes,479 of 479 pages,"Unique Part-5 template page (unique title/H1/summary, unique FAQ set)",Newer pages with modest internal-link mass; discovery lags the older bike cluster,"docs/seo/31-indexing-audit-2026-09-29.md §3b (2026-09-29 GSC DNI baseline, grouped rows) + live 2026-10-09: HTTP 200, robots=none (indexable), sitemap=Yes, inbound 479/479 crawled pages; doc listed 9 top-level car pages at 2026-09-29; live sitemap now lists the current set",Keep; links already flow from the /cars hub + footer; monitor recrawl,HISTORICAL_BASELINE,"DNI attribution from docs/seo/31-indexing-audit-2026-09-29.md §3b (GSC baseline 2026-09-29); that doc's group counts sum above its own ~70 estimate, so per-URL membership is approximate. Live state re-verified 2026-10-09. Current GSC status UNVERIFIED (no export/API)."
/car-jump-start,200,https://ridencare.co.in/car-jump-start,Yes,479 of 479 pages,"Unique Part-5 template page (unique title/H1/summary, unique FAQ set)",Newer pages with modest internal-link mass; discovery lags the older bike cluster,"docs/seo/31-indexing-audit-2026-09-29.md §3b (2026-09-29 GSC DNI baseline, grouped rows) + live 2026-10-09: HTTP 200, robots=none (indexable), sitemap=Yes, inbound 479/479 crawled pages; doc listed 9 top-level car pages at 2026-09-29; live sitemap now lists the current set",Keep; links already flow from the /cars hub + footer; monitor recrawl,HISTORICAL_BASELINE,"DNI attribution from docs/seo/31-indexing-audit-2026-09-29.md §3b (GSC baseline 2026-09-29); that doc's group counts sum above its own ~70 estimate, so per-URL membership is approximate. Live state re-verified 2026-10-09. Current GSC status UNVERIFIED (no export/API)."
/car-oil-change,200,https://ridencare.co.in/car-oil-change,Yes,479 of 479 pages,"Unique Part-5 template page (unique title/H1/summary, unique FAQ set)",Newer pages with modest internal-link mass; discovery lags the older bike cluster,"docs/seo/31-indexing-audit-2026-09-29.md §3b (2026-09-29 GSC DNI baseline, grouped rows) + live 2026-10-09: HTTP 200, robots=none (indexable), sitemap=Yes, inbound 479/479 crawled pages; doc listed 9 top-level car pages at 2026-09-29; live sitemap now lists the current set",Keep; links already flow from the /cars hub + footer; monitor recrawl,HISTORICAL_BASELINE,"DNI attribution from docs/seo/31-indexing-audit-2026-09-29.md §3b (GSC baseline 2026-09-29); that doc's group counts sum above its own ~70 estimate, so per-URL membership is approximate. Live state re-verified 2026-10-09. Current GSC status UNVERIFIED (no export/API)."
/car-periodic-service,200,https://ridencare.co.in/car-periodic-service,Yes,479 of 479 pages,"Unique Part-5 template page (unique title/H1/summary, unique FAQ set)",Newer pages with modest internal-link mass; discovery lags the older bike cluster,"docs/seo/31-indexing-audit-2026-09-29.md §3b (2026-09-29 GSC DNI baseline, grouped rows) + live 2026-10-09: HTTP 200, robots=none (indexable), sitemap=Yes, inbound 479/479 crawled pages; doc listed 9 top-level car pages at 2026-09-29; live sitemap now lists the current set",Keep; links already flow from the /cars hub + footer; monitor recrawl,HISTORICAL_BASELINE,"DNI attribution from docs/seo/31-indexing-audit-2026-09-29.md §3b (GSC baseline 2026-09-29); that doc's group counts sum above its own ~70 estimate, so per-URL membership is approximate. Live state re-verified 2026-10-09. Current GSC status UNVERIFIED (no export/API)."
/car-repair,200,https://ridencare.co.in/car-repair,Yes,479 of 479 pages,"Unique Part-5 template page (unique title/H1/summary, unique FAQ set)",Newer pages with modest internal-link mass; discovery lags the older bike cluster,"docs/seo/31-indexing-audit-2026-09-29.md §3b (2026-09-29 GSC DNI baseline, grouped rows) + live 2026-10-09: HTTP 200, robots=none (indexable), sitemap=Yes, inbound 479/479 crawled pages; doc listed 9 top-level car pages at 2026-09-29; live sitemap now lists the current set",Keep; links already flow from the /cars hub + footer; monitor recrawl,HISTORICAL_BASELINE,"DNI attribution from docs/seo/31-indexing-audit-2026-09-29.md §3b (GSC baseline 2026-09-29); that doc's group counts sum above its own ~70 estimate, so per-URL membership is approximate. Live state re-verified 2026-10-09. Current GSC status UNVERIFIED (no export/API)."
/car-ac-service/bellandur,200,https://ridencare.co.in/car-ac-service/bellandur,Yes,17 of 479 pages,"Gated registry copy (src/lib/car-area-content.ts) — unique per service×area pair, quality-scored before publish",Wave-1 pages published late (2026-09-27); low age/links — classic new-page DNI,"docs/seo/31-indexing-audit-2026-09-29.md §3b (2026-09-29 GSC DNI baseline, grouped rows) + live 2026-10-09: HTTP 200, robots=none (indexable), sitemap=Yes, inbound 17/479 crawled pages; doc counted 20 published pairs at 2026-09-29; live sitemap now lists the current published set",No change; wait ~4 weeks of data (docs/seo/car-area-performance-review.md review 2026-10-25),HISTORICAL_BASELINE,"DNI attribution from docs/seo/31-indexing-audit-2026-09-29.md §3b (GSC baseline 2026-09-29); that doc's group counts sum above its own ~70 estimate, so per-URL membership is approximate. Live state re-verified 2026-10-09. Current GSC status UNVERIFIED (no export/API)."
/car-ac-service/btm-layout,200,https://ridencare.co.in/car-ac-service/btm-layout,Yes,18 of 479 pages,"Gated registry copy (src/lib/car-area-content.ts) — unique per service×area pair, quality-scored before publish",Wave-1 pages published late (2026-09-27); low age/links — classic new-page DNI,"docs/seo/31-indexing-audit-2026-09-29.md §3b (2026-09-29 GSC DNI baseline, grouped rows) + live 2026-10-09: HTTP 200, robots=none (indexable), sitemap=Yes, inbound 18/479 crawled pages; doc counted 20 published pairs at 2026-09-29; live sitemap now lists the current published set",No change; wait ~4 weeks of data (docs/seo/car-area-performance-review.md review 2026-10-25),HISTORICAL_BASELINE,"DNI attribution from docs/seo/31-indexing-audit-2026-09-29.md §3b (GSC baseline 2026-09-29); that doc's group counts sum above its own ~70 estimate, so per-URL membership is approximate. Live state re-verified 2026-10-09. Current GSC status UNVERIFIED (no export/API)."
/car-ac-service/electronic-city,200,https://ridencare.co.in/car-ac-service/electronic-city,Yes,17 of 479 pages,"Gated registry copy (src/lib/car-area-content.ts) — unique per service×area pair, quality-scored before publish",Wave-1 pages published late (2026-09-27); low age/links — classic new-page DNI,"docs/seo/31-indexing-audit-2026-09-29.md §3b (2026-09-29 GSC DNI baseline, grouped rows) + live 2026-10-09: HTTP 200, robots=none (indexable), sitemap=Yes, inbound 17/479 crawled pages; doc counted 20 published pairs at 2026-09-29; live sitemap now lists the current published set",No change; wait ~4 weeks of data (docs/seo/car-area-performance-review.md review 2026-10-25),HISTORICAL_BASELINE,"DNI attribution from docs/seo/31-indexing-audit-2026-09-29.md §3b (GSC baseline 2026-09-29); that doc's group counts sum above its own ~70 estimate, so per-URL membership is approximate. Live state re-verified 2026-10-09. Current GSC status UNVERIFIED (no export/API)."
/car-ac-service/indiranagar,200,https://ridencare.co.in/car-ac-service/indiranagar,Yes,17 of 479 pages,"Gated registry copy (src/lib/car-area-content.ts) — unique per service×area pair, quality-scored before publish",Wave-1 pages published late (2026-09-27); low age/links — classic new-page DNI,"docs/seo/31-indexing-audit-2026-09-29.md §3b (2026-09-29 GSC DNI baseline, grouped rows) + live 2026-10-09: HTTP 200, robots=none (indexable), sitemap=Yes, inbound 17/479 crawled pages; doc counted 20 published pairs at 2026-09-29; live sitemap now lists the current published set",No change; wait ~4 weeks of data (docs/seo/car-area-performance-review.md review 2026-10-25),HISTORICAL_BASELINE,"DNI attribution from docs/seo/31-indexing-audit-2026-09-29.md §3b (GSC baseline 2026-09-29); that doc's group counts sum above its own ~70 estimate, so per-URL membership is approximate. Live state re-verified 2026-10-09. Current GSC status UNVERIFIED (no export/API)."
/car-ac-service/jayanagar,200,https://ridencare.co.in/car-ac-service/jayanagar,Yes,14 of 479 pages,"Gated registry copy (src/lib/car-area-content.ts) — unique per service×area pair, quality-scored before publish",Wave-1 pages published late (2026-09-27); low age/links — classic new-page DNI,"docs/seo/31-indexing-audit-2026-09-29.md §3b (2026-09-29 GSC DNI baseline, grouped rows) + live 2026-10-09: HTTP 200, robots=none (indexable), sitemap=Yes, inbound 14/479 crawled pages; doc counted 20 published pairs at 2026-09-29; live sitemap now lists the current published set",No change; wait ~4 weeks of data (docs/seo/car-area-performance-review.md review 2026-10-25),HISTORICAL_BASELINE,"DNI attribution from docs/seo/31-indexing-audit-2026-09-29.md §3b (GSC baseline 2026-09-29); that doc's group counts sum above its own ~70 estimate, so per-URL membership is approximate. Live state re-verified 2026-10-09. Current GSC status UNVERIFIED (no export/API)."
/car-ac-service/koramangala,200,https://ridencare.co.in/car-ac-service/koramangala,Yes,17 of 479 pages,"Gated registry copy (src/lib/car-area-content.ts) — unique per service×area pair, quality-scored before publish",Wave-1 pages published late (2026-09-27); low age/links — classic new-page DNI,"docs/seo/31-indexing-audit-2026-09-29.md §3b (2026-09-29 GSC DNI baseline, grouped rows) + live 2026-10-09: HTTP 200, robots=none (indexable), sitemap=Yes, inbound 17/479 crawled pages; doc counted 20 published pairs at 2026-09-29; live sitemap now lists the current published set",No change; wait ~4 weeks of data (docs/seo/car-area-performance-review.md review 2026-10-25),HISTORICAL_BASELINE,"DNI attribution from docs/seo/31-indexing-audit-2026-09-29.md §3b (GSC baseline 2026-09-29); that doc's group counts sum above its own ~70 estimate, so per-URL membership is approximate. Live state re-verified 2026-10-09. Current GSC status UNVERIFIED (no export/API)."
/car-battery-service/bellandur,200,https://ridencare.co.in/car-battery-service/bellandur,Yes,17 of 479 pages,"Gated registry copy (src/lib/car-area-content.ts) — unique per service×area pair, quality-scored before publish",Wave-1 pages published late (2026-09-27); low age/links — classic new-page DNI,"docs/seo/31-indexing-audit-2026-09-29.md §3b (2026-09-29 GSC DNI baseline, grouped rows) + live 2026-10-09: HTTP 200, robots=none (indexable), sitemap=Yes, inbound 17/479 crawled pages; doc counted 20 published pairs at 2026-09-29; live sitemap now lists the current published set",No change; wait ~4 weeks of data (docs/seo/car-area-performance-review.md review 2026-10-25),HISTORICAL_BASELINE,"DNI attribution from docs/seo/31-indexing-audit-2026-09-29.md §3b (GSC baseline 2026-09-29); that doc's group counts sum above its own ~70 estimate, so per-URL membership is approximate. Live state re-verified 2026-10-09. Current GSC status UNVERIFIED (no export/API)."
/car-battery-service/btm-layout,200,https://ridencare.co.in/car-battery-service/btm-layout,Yes,18 of 479 pages,"Gated registry copy (src/lib/car-area-content.ts) — unique per service×area pair, quality-scored before publish",Wave-1 pages published late (2026-09-27); low age/links — classic new-page DNI,"docs/seo/31-indexing-audit-2026-09-29.md §3b (2026-09-29 GSC DNI baseline, grouped rows) + live 2026-10-09: HTTP 200, robots=none (indexable), sitemap=Yes, inbound 18/479 crawled pages; doc counted 20 published pairs at 2026-09-29; live sitemap now lists the current published set",No change; wait ~4 weeks of data (docs/seo/car-area-performance-review.md review 2026-10-25),HISTORICAL_BASELINE,"DNI attribution from docs/seo/31-indexing-audit-2026-09-29.md §3b (GSC baseline 2026-09-29); that doc's group counts sum above its own ~70 estimate, so per-URL membership is approximate. Live state re-verified 2026-10-09. Current GSC status UNVERIFIED (no export/API)."
/car-battery-service/electronic-city,200,https://ridencare.co.in/car-battery-service/electronic-city,Yes,17 of 479 pages,"Gated registry copy (src/lib/car-area-content.ts) — unique per service×area pair, quality-scored before publish",Wave-1 pages published late (2026-09-27); low age/links — classic new-page DNI,"docs/seo/31-indexing-audit-2026-09-29.md §3b (2026-09-29 GSC DNI baseline, grouped rows) + live 2026-10-09: HTTP 200, robots=none (indexable), sitemap=Yes, inbound 17/479 crawled pages; doc counted 20 published pairs at 2026-09-29; live sitemap now lists the current published set",No change; wait ~4 weeks of data (docs/seo/car-area-performance-review.md review 2026-10-25),HISTORICAL_BASELINE,"DNI attribution from docs/seo/31-indexing-audit-2026-09-29.md §3b (GSC baseline 2026-09-29); that doc's group counts sum above its own ~70 estimate, so per-URL membership is approximate. Live state re-verified 2026-10-09. Current GSC status UNVERIFIED (no export/API)."
/car-battery-service/indiranagar,200,https://ridencare.co.in/car-battery-service/indiranagar,Yes,17 of 479 pages,"Gated registry copy (src/lib/car-area-content.ts) — unique per service×area pair, quality-scored before publish",Wave-1 pages published late (2026-09-27); low age/links — classic new-page DNI,"docs/seo/31-indexing-audit-2026-09-29.md §3b (2026-09-29 GSC DNI baseline, grouped rows) + live 2026-10-09: HTTP 200, robots=none (indexable), sitemap=Yes, inbound 17/479 crawled pages; doc counted 20 published pairs at 2026-09-29; live sitemap now lists the current published set",No change; wait ~4 weeks of data (docs/seo/car-area-performance-review.md review 2026-10-25),HISTORICAL_BASELINE,"DNI attribution from docs/seo/31-indexing-audit-2026-09-29.md §3b (GSC baseline 2026-09-29); that doc's group counts sum above its own ~70 estimate, so per-URL membership is approximate. Live state re-verified 2026-10-09. Current GSC status UNVERIFIED (no export/API)."
/car-battery-service/jp-nagar,200,https://ridencare.co.in/car-battery-service/jp-nagar,Yes,15 of 479 pages,"Gated registry copy (src/lib/car-area-content.ts) — unique per service×area pair, quality-scored before publish",Wave-1 pages published late (2026-09-27); low age/links — classic new-page DNI,"docs/seo/31-indexing-audit-2026-09-29.md §3b (2026-09-29 GSC DNI baseline, grouped rows) + live 2026-10-09: HTTP 200, robots=none (indexable), sitemap=Yes, inbound 15/479 crawled pages; doc counted 20 published pairs at 2026-09-29; live sitemap now lists the current published set",No change; wait ~4 weeks of data (docs/seo/car-area-performance-review.md review 2026-10-25),HISTORICAL_BASELINE,"DNI attribution from docs/seo/31-indexing-audit-2026-09-29.md §3b (GSC baseline 2026-09-29); that doc's group counts sum above its own ~70 estimate, so per-URL membership is approximate. Live state re-verified 2026-10-09. Current GSC status UNVERIFIED (no export/API)."
/car-battery-service/koramangala,200,https://ridencare.co.in/car-battery-service/koramangala,Yes,17 of 479 pages,"Gated registry copy (src/lib/car-area-content.ts) — unique per service×area pair, quality-scored before publish",Wave-1 pages published late (2026-09-27); low age/links — classic new-page DNI,"docs/seo/31-indexing-audit-2026-09-29.md §3b (2026-09-29 GSC DNI baseline, grouped rows) + live 2026-10-09: HTTP 200, robots=none (indexable), sitemap=Yes, inbound 17/479 crawled pages; doc counted 20 published pairs at 2026-09-29; live sitemap now lists the current published set",No change; wait ~4 weeks of data (docs/seo/car-area-performance-review.md review 2026-10-25),HISTORICAL_BASELINE,"DNI attribution from docs/seo/31-indexing-audit-2026-09-29.md §3b (GSC baseline 2026-09-29); that doc's group counts sum above its own ~70 estimate, so per-URL membership is approximate. Live state re-verified 2026-10-09. Current GSC status UNVERIFIED (no export/API)."
/car-brake-service/bellandur,200,https://ridencare.co.in/car-brake-service/bellandur,Yes,17 of 479 pages,"Gated registry copy (src/lib/car-area-content.ts) — unique per service×area pair, quality-scored before publish",Wave-1 pages published late (2026-09-27); low age/links — classic new-page DNI,"docs/seo/31-indexing-audit-2026-09-29.md §3b (2026-09-29 GSC DNI baseline, grouped rows) + live 2026-10-09: HTTP 200, robots=none (indexable), sitemap=Yes, inbound 17/479 crawled pages; doc counted 20 published pairs at 2026-09-29; live sitemap now lists the current published set",No change; wait ~4 weeks of data (docs/seo/car-area-performance-review.md review 2026-10-25),HISTORICAL_BASELINE,"DNI attribution from docs/seo/31-indexing-audit-2026-09-29.md §3b (GSC baseline 2026-09-29); that doc's group counts sum above its own ~70 estimate, so per-URL membership is approximate. Live state re-verified 2026-10-09. Current GSC status UNVERIFIED (no export/API)."
/car-brake-service/btm-layout,200,https://ridencare.co.in/car-brake-service/btm-layout,Yes,18 of 479 pages,"Gated registry copy (src/lib/car-area-content.ts) — unique per service×area pair, quality-scored before publish",Wave-1 pages published late (2026-09-27); low age/links — classic new-page DNI,"docs/seo/31-indexing-audit-2026-09-29.md §3b (2026-09-29 GSC DNI baseline, grouped rows) + live 2026-10-09: HTTP 200, robots=none (indexable), sitemap=Yes, inbound 18/479 crawled pages; doc counted 20 published pairs at 2026-09-29; live sitemap now lists the current published set",No change; wait ~4 weeks of data (docs/seo/car-area-performance-review.md review 2026-10-25),HISTORICAL_BASELINE,"DNI attribution from docs/seo/31-indexing-audit-2026-09-29.md §3b (GSC baseline 2026-09-29); that doc's group counts sum above its own ~70 estimate, so per-URL membership is approximate. Live state re-verified 2026-10-09. Current GSC status UNVERIFIED (no export/API)."
/car-brake-service/electronic-city,200,https://ridencare.co.in/car-brake-service/electronic-city,Yes,17 of 479 pages,"Gated registry copy (src/lib/car-area-content.ts) — unique per service×area pair, quality-scored before publish",Wave-1 pages published late (2026-09-27); low age/links — classic new-page DNI,"docs/seo/31-indexing-audit-2026-09-29.md §3b (2026-09-29 GSC DNI baseline, grouped rows) + live 2026-10-09: HTTP 200, robots=none (indexable), sitemap=Yes, inbound 17/479 crawled pages; doc counted 20 published pairs at 2026-09-29; live sitemap now lists the current published set",No change; wait ~4 weeks of data (docs/seo/car-area-performance-review.md review 2026-10-25),HISTORICAL_BASELINE,"DNI attribution from docs/seo/31-indexing-audit-2026-09-29.md §3b (GSC baseline 2026-09-29); that doc's group counts sum above its own ~70 estimate, so per-URL membership is approximate. Live state re-verified 2026-10-09. Current GSC status UNVERIFIED (no export/API)."
/car-brake-service/indiranagar,200,https://ridencare.co.in/car-brake-service/indiranagar,Yes,17 of 479 pages,"Gated registry copy (src/lib/car-area-content.ts) — unique per service×area pair, quality-scored before publish",Wave-1 pages published late (2026-09-27); low age/links — classic new-page DNI,"docs/seo/31-indexing-audit-2026-09-29.md §3b (2026-09-29 GSC DNI baseline, grouped rows) + live 2026-10-09: HTTP 200, robots=none (indexable), sitemap=Yes, inbound 17/479 crawled pages; doc counted 20 published pairs at 2026-09-29; live sitemap now lists the current published set",No change; wait ~4 weeks of data (docs/seo/car-area-performance-review.md review 2026-10-25),HISTORICAL_BASELINE,"DNI attribution from docs/seo/31-indexing-audit-2026-09-29.md §3b (GSC baseline 2026-09-29); that doc's group counts sum above its own ~70 estimate, so per-URL membership is approximate. Live state re-verified 2026-10-09. Current GSC status UNVERIFIED (no export/API)."
/car-brake-service/koramangala,200,https://ridencare.co.in/car-brake-service/koramangala,Yes,17 of 479 pages,"Gated registry copy (src/lib/car-area-content.ts) — unique per service×area pair, quality-scored before publish",Wave-1 pages published late (2026-09-27); low age/links — classic new-page DNI,"docs/seo/31-indexing-audit-2026-09-29.md §3b (2026-09-29 GSC DNI baseline, grouped rows) + live 2026-10-09: HTTP 200, robots=none (indexable), sitemap=Yes, inbound 17/479 crawled pages; doc counted 20 published pairs at 2026-09-29; live sitemap now lists the current published set",No change; wait ~4 weeks of data (docs/seo/car-area-performance-review.md review 2026-10-25),HISTORICAL_BASELINE,"DNI attribution from docs/seo/31-indexing-audit-2026-09-29.md §3b (GSC baseline 2026-09-29); that doc's group counts sum above its own ~70 estimate, so per-URL membership is approximate. Live state re-verified 2026-10-09. Current GSC status UNVERIFIED (no export/API)."
/car-brake-service/marathahalli,200,https://ridencare.co.in/car-brake-service/marathahalli,Yes,14 of 479 pages,"Gated registry copy (src/lib/car-area-content.ts) — unique per service×area pair, quality-scored before publish",Wave-1 pages published late (2026-09-27); low age/links — classic new-page DNI,"docs/seo/31-indexing-audit-2026-09-29.md §3b (2026-09-29 GSC DNI baseline, grouped rows) + live 2026-10-09: HTTP 200, robots=none (indexable), sitemap=Yes, inbound 14/479 crawled pages; doc counted 20 published pairs at 2026-09-29; live sitemap now lists the current published set",No change; wait ~4 weeks of data (docs/seo/car-area-performance-review.md review 2026-10-25),HISTORICAL_BASELINE,"DNI attribution from docs/seo/31-indexing-audit-2026-09-29.md §3b (GSC baseline 2026-09-29); that doc's group counts sum above its own ~70 estimate, so per-URL membership is approximate. Live state re-verified 2026-10-09. Current GSC status UNVERIFIED (no export/API)."
/car-periodic-service/bellandur,200,https://ridencare.co.in/car-periodic-service/bellandur,Yes,17 of 479 pages,"Gated registry copy (src/lib/car-area-content.ts) — unique per service×area pair, quality-scored before publish",Wave-1 pages published late (2026-09-27); low age/links — classic new-page DNI,"docs/seo/31-indexing-audit-2026-09-29.md §3b (2026-09-29 GSC DNI baseline, grouped rows) + live 2026-10-09: HTTP 200, robots=none (indexable), sitemap=Yes, inbound 17/479 crawled pages; doc counted 20 published pairs at 2026-09-29; live sitemap now lists the current published set",No change; wait ~4 weeks of data (docs/seo/car-area-performance-review.md review 2026-10-25),HISTORICAL_BASELINE,"DNI attribution from docs/seo/31-indexing-audit-2026-09-29.md §3b (GSC baseline 2026-09-29); that doc's group counts sum above its own ~70 estimate, so per-URL membership is approximate. Live state re-verified 2026-10-09. Current GSC status UNVERIFIED (no export/API)."
/car-periodic-service/btm-layout,200,https://ridencare.co.in/car-periodic-service/btm-layout,Yes,18 of 479 pages,"Gated registry copy (src/lib/car-area-content.ts) — unique per service×area pair, quality-scored before publish",Wave-1 pages published late (2026-09-27); low age/links — classic new-page DNI,"docs/seo/31-indexing-audit-2026-09-29.md §3b (2026-09-29 GSC DNI baseline, grouped rows) + live 2026-10-09: HTTP 200, robots=none (indexable), sitemap=Yes, inbound 18/479 crawled pages; doc counted 20 published pairs at 2026-09-29; live sitemap now lists the current published set",No change; wait ~4 weeks of data (docs/seo/car-area-performance-review.md review 2026-10-25),HISTORICAL_BASELINE,"DNI attribution from docs/seo/31-indexing-audit-2026-09-29.md §3b (GSC baseline 2026-09-29); that doc's group counts sum above its own ~70 estimate, so per-URL membership is approximate. Live state re-verified 2026-10-09. Current GSC status UNVERIFIED (no export/API)."
/car-periodic-service/electronic-city,200,https://ridencare.co.in/car-periodic-service/electronic-city,Yes,17 of 479 pages,"Gated registry copy (src/lib/car-area-content.ts) — unique per service×area pair, quality-scored before publish",Wave-1 pages published late (2026-09-27); low age/links — classic new-page DNI,"docs/seo/31-indexing-audit-2026-09-29.md §3b (2026-09-29 GSC DNI baseline, grouped rows) + live 2026-10-09: HTTP 200, robots=none (indexable), sitemap=Yes, inbound 17/479 crawled pages; doc counted 20 published pairs at 2026-09-29; live sitemap now lists the current published set",No change; wait ~4 weeks of data (docs/seo/car-area-performance-review.md review 2026-10-25),HISTORICAL_BASELINE,"DNI attribution from docs/seo/31-indexing-audit-2026-09-29.md §3b (GSC baseline 2026-09-29); that doc's group counts sum above its own ~70 estimate, so per-URL membership is approximate. Live state re-verified 2026-10-09. Current GSC status UNVERIFIED (no export/API)."
/car-periodic-service/hsr-layout,200,https://ridencare.co.in/car-periodic-service/hsr-layout,Yes,14 of 479 pages,"Gated registry copy (src/lib/car-area-content.ts) — unique per service×area pair, quality-scored before publish",Wave-1 pages published late (2026-09-27); low age/links — classic new-page DNI,"docs/seo/31-indexing-audit-2026-09-29.md §3b (2026-09-29 GSC DNI baseline, grouped rows) + live 2026-10-09: HTTP 200, robots=none (indexable), sitemap=Yes, inbound 14/479 crawled pages; doc counted 20 published pairs at 2026-09-29; live sitemap now lists the current published set",No change; wait ~4 weeks of data (docs/seo/car-area-performance-review.md review 2026-10-25),HISTORICAL_BASELINE,"DNI attribution from docs/seo/31-indexing-audit-2026-09-29.md §3b (GSC baseline 2026-09-29); that doc's group counts sum above its own ~70 estimate, so per-URL membership is approximate. Live state re-verified 2026-10-09. Current GSC status UNVERIFIED (no export/API)."
/car-periodic-service/indiranagar,200,https://ridencare.co.in/car-periodic-service/indiranagar,Yes,17 of 479 pages,"Gated registry copy (src/lib/car-area-content.ts) — unique per service×area pair, quality-scored before publish",Wave-1 pages published late (2026-09-27); low age/links — classic new-page DNI,"docs/seo/31-indexing-audit-2026-09-29.md §3b (2026-09-29 GSC DNI baseline, grouped rows) + live 2026-10-09: HTTP 200, robots=none (indexable), sitemap=Yes, inbound 17/479 crawled pages; doc counted 20 published pairs at 2026-09-29; live sitemap now lists the current published set",No change; wait ~4 weeks of data (docs/seo/car-area-performance-review.md review 2026-10-25),HISTORICAL_BASELINE,"DNI attribution from docs/seo/31-indexing-audit-2026-09-29.md §3b (GSC baseline 2026-09-29); that doc's group counts sum above its own ~70 estimate, so per-URL membership is approximate. Live state re-verified 2026-10-09. Current GSC status UNVERIFIED (no export/API)."
/car-periodic-service/koramangala,200,https://ridencare.co.in/car-periodic-service/koramangala,Yes,17 of 479 pages,"Gated registry copy (src/lib/car-area-content.ts) — unique per service×area pair, quality-scored before publish",Wave-1 pages published late (2026-09-27); low age/links — classic new-page DNI,"docs/seo/31-indexing-audit-2026-09-29.md §3b (2026-09-29 GSC DNI baseline, grouped rows) + live 2026-10-09: HTTP 200, robots=none (indexable), sitemap=Yes, inbound 17/479 crawled pages; doc counted 20 published pairs at 2026-09-29; live sitemap now lists the current published set",No change; wait ~4 weeks of data (docs/seo/car-area-performance-review.md review 2026-10-25),HISTORICAL_BASELINE,"DNI attribution from docs/seo/31-indexing-audit-2026-09-29.md §3b (GSC baseline 2026-09-29); that doc's group counts sum above its own ~70 estimate, so per-URL membership is approximate. Live state re-verified 2026-10-09. Current GSC status UNVERIFIED (no export/API)."
/blog/bike-service-checklist-bangalore,200,https://ridencare.co.in/blog/bike-service-checklist-bangalore,Yes,3 of 479 pages,DB-driven post with unique title/H1; legacy content,Sitemap-driven discovery only; posts are 1–2 hops deep behind the /blog hub,"docs/seo/31-indexing-audit-2026-09-29.md §3b (2026-09-29 GSC DNI baseline, grouped rows) + live 2026-10-09: HTTP 200, robots=none (indexable), sitemap=Yes, inbound 3/479 crawled pages",Keep hub links; 2 newer posts still await the Supabase migration (docs/seo/31 §3b),HISTORICAL_BASELINE,"DNI attribution from docs/seo/31-indexing-audit-2026-09-29.md §3b (GSC baseline 2026-09-29); that doc's group counts sum above its own ~70 estimate, so per-URL membership is approximate. Live state re-verified 2026-10-09. Current GSC status UNVERIFIED (no export/API)."
/blog/car-ac-not-cooling-bangalore,200,https://ridencare.co.in/blog/car-ac-not-cooling-bangalore,Yes,4 of 479 pages,DB-driven post with unique title/H1; legacy content,Sitemap-driven discovery only; posts are 1–2 hops deep behind the /blog hub,"docs/seo/31-indexing-audit-2026-09-29.md §3b (2026-09-29 GSC DNI baseline, grouped rows) + live 2026-10-09: HTTP 200, robots=none (indexable), sitemap=Yes, inbound 4/479 crawled pages; owner-supplied cross-check URL (recorded as under-linked 1–6)",Keep hub links; 2 newer posts still await the Supabase migration (docs/seo/31 §3b),INFERRED,URL OWNER_SUPPLIED as a DNI example per the prior-stage record ('4 of the supplied DNI URLs are under-linked'); the identification inside that 4-item set was INFERRED from the link-count signature (live-measured 2026-10-09). No export row; current GSC DNI status UNVERIFIED.
/blog/car-battery-life-bangalore,200,https://ridencare.co.in/blog/car-battery-life-bangalore,Yes,12 of 479 pages,DB-driven post with unique title/H1; legacy content,Sitemap-driven discovery only; posts are 1–2 hops deep behind the /blog hub,"docs/seo/31-indexing-audit-2026-09-29.md §3b (2026-09-29 GSC DNI baseline, grouped rows) + live 2026-10-09: HTTP 200, robots=none (indexable), sitemap=Yes, inbound 12/479 crawled pages",Keep hub links; 2 newer posts still await the Supabase migration (docs/seo/31 §3b),HISTORICAL_BASELINE,"DNI attribution from docs/seo/31-indexing-audit-2026-09-29.md §3b (GSC baseline 2026-09-29); that doc's group counts sum above its own ~70 estimate, so per-URL membership is approximate. Live state re-verified 2026-10-09. Current GSC status UNVERIFIED (no export/API)."
/blog/car-service-cost-bangalore-2026,200,https://ridencare.co.in/blog/car-service-cost-bangalore-2026,Yes,3 of 479 pages,DB-driven post with unique title/H1; legacy content,Sitemap-driven discovery only; posts are 1–2 hops deep behind the /blog hub,"docs/seo/31-indexing-audit-2026-09-29.md §3b (2026-09-29 GSC DNI baseline, grouped rows) + live 2026-10-09: HTTP 200, robots=none (indexable), sitemap=Yes, inbound 3/479 crawled pages",Keep hub links; 2 newer posts still await the Supabase migration (docs/seo/31 §3b),HISTORICAL_BASELINE,"DNI attribution from docs/seo/31-indexing-audit-2026-09-29.md §3b (GSC baseline 2026-09-29); that doc's group counts sum above its own ~70 estimate, so per-URL membership is approximate. Live state re-verified 2026-10-09. Current GSC status UNVERIFIED (no export/API)."
/blog/doorstep-vs-garage-service,200,https://ridencare.co.in/blog/doorstep-vs-garage-service,Yes,3 of 479 pages,DB-driven post with unique title/H1; legacy content,Sitemap-driven discovery only; posts are 1–2 hops deep behind the /blog hub,"docs/seo/31-indexing-audit-2026-09-29.md §3b (2026-09-29 GSC DNI baseline, grouped rows) + live 2026-10-09: HTTP 200, robots=none (indexable), sitemap=Yes, inbound 3/479 crawled pages",Keep hub links; 2 newer posts still await the Supabase migration (docs/seo/31 §3b),HISTORICAL_BASELINE,"DNI attribution from docs/seo/31-indexing-audit-2026-09-29.md §3b (GSC baseline 2026-09-29); that doc's group counts sum above its own ~70 estimate, so per-URL membership is approximate. Live state re-verified 2026-10-09. Current GSC status UNVERIFIED (no export/API)."
/blog/engine-oil-guide-bangalore,200,https://ridencare.co.in/blog/engine-oil-guide-bangalore,Yes,3 of 479 pages,DB-driven post with unique title/H1; legacy content,Sitemap-driven discovery only; posts are 1–2 hops deep behind the /blog hub,"docs/seo/31-indexing-audit-2026-09-29.md §3b (2026-09-29 GSC DNI baseline, grouped rows) + live 2026-10-09: HTTP 200, robots=none (indexable), sitemap=Yes, inbound 3/479 crawled pages",Keep hub links; 2 newer posts still await the Supabase migration (docs/seo/31 §3b),HISTORICAL_BASELINE,"DNI attribution from docs/seo/31-indexing-audit-2026-09-29.md §3b (GSC baseline 2026-09-29); that doc's group counts sum above its own ~70 estimate, so per-URL membership is approximate. Live state re-verified 2026-10-09. Current GSC status UNVERIFIED (no export/API)."
/blog/monsoon-bike-care-bangalore,200,https://ridencare.co.in/blog/monsoon-bike-care-bangalore,Yes,12 of 479 pages,DB-driven post with unique title/H1; legacy content,Sitemap-driven discovery only; posts are 1–2 hops deep behind the /blog hub,"docs/seo/31-indexing-audit-2026-09-29.md §3b (2026-09-29 GSC DNI baseline, grouped rows) + live 2026-10-09: HTTP 200, robots=none (indexable), sitemap=Yes, inbound 12/479 crawled pages",Keep hub links; 2 newer posts still await the Supabase migration (docs/seo/31 §3b),HISTORICAL_BASELINE,"DNI attribution from docs/seo/31-indexing-audit-2026-09-29.md §3b (GSC baseline 2026-09-29); that doc's group counts sum above its own ~70 estimate, so per-URL membership is approximate. Live state re-verified 2026-10-09. Current GSC status UNVERIFIED (no export/API)."
/blog/top-bangalore-areas-doorstep-service,200,https://ridencare.co.in/blog/top-bangalore-areas-doorstep-service,Yes,6 of 479 pages,DB-driven post with unique title/H1; legacy content,Sitemap-driven discovery only; posts are 1–2 hops deep behind the /blog hub,"docs/seo/31-indexing-audit-2026-09-29.md §3b (2026-09-29 GSC DNI baseline, grouped rows) + live 2026-10-09: HTTP 200, robots=none (indexable), sitemap=Yes, inbound 6/479 crawled pages",Keep hub links; 2 newer posts still await the Supabase migration (docs/seo/31 §3b),HISTORICAL_BASELINE,"DNI attribution from docs/seo/31-indexing-audit-2026-09-29.md §3b (GSC baseline 2026-09-29); that doc's group counts sum above its own ~70 estimate, so per-URL membership is approximate. Live state re-verified 2026-10-09. Current GSC status UNVERIFIED (no export/API)."
/guides/bike-breakdown-troubleshooting-guide,200,https://ridencare.co.in/guides/bike-breakdown-troubleshooting-guide,Yes,479 of 479 pages,"Unique long-form guide, unique title/H1, linked from home + footer","Healthy content; DNI at 2026-09-29 was a discovery-lag signal, not a defect","docs/seo/31-indexing-audit-2026-09-29.md §3b (2026-09-29 GSC DNI baseline, grouped rows) + live 2026-10-09: HTTP 200, robots=none (indexable), sitemap=Yes, inbound 479/479 crawled pages",No change; monitor,HISTORICAL_BASELINE,"DNI attribution from docs/seo/31-indexing-audit-2026-09-29.md §3b (GSC baseline 2026-09-29); that doc's group counts sum above its own ~70 estimate, so per-URL membership is approximate. Live state re-verified 2026-10-09. Current GSC status UNVERIFIED (no export/API)."
/guides/bike-service-guide-bangalore,200,https://ridencare.co.in/guides/bike-service-guide-bangalore,Yes,479 of 479 pages,"Unique long-form guide, unique title/H1, linked from home + footer","Healthy content; DNI at 2026-09-29 was a discovery-lag signal, not a defect","docs/seo/31-indexing-audit-2026-09-29.md §3b (2026-09-29 GSC DNI baseline, grouped rows) + live 2026-10-09: HTTP 200, robots=none (indexable), sitemap=Yes, inbound 479/479 crawled pages",No change; monitor,HISTORICAL_BASELINE,"DNI attribution from docs/seo/31-indexing-audit-2026-09-29.md §3b (GSC baseline 2026-09-29); that doc's group counts sum above its own ~70 estimate, so per-URL membership is approximate. Live state re-verified 2026-10-09. Current GSC status UNVERIFIED (no export/API)."
/guides/common-bike-problems-and-solutions,200,https://ridencare.co.in/guides/common-bike-problems-and-solutions,Yes,21 of 479 pages,"Unique long-form guide, unique title/H1, linked from home + footer","Healthy content; DNI at 2026-09-29 was a discovery-lag signal, not a defect","docs/seo/31-indexing-audit-2026-09-29.md §3b (2026-09-29 GSC DNI baseline, grouped rows) + live 2026-10-09: HTTP 200, robots=none (indexable), sitemap=Yes, inbound 21/479 crawled pages",No change; monitor,HISTORICAL_BASELINE,"DNI attribution from docs/seo/31-indexing-audit-2026-09-29.md §3b (GSC baseline 2026-09-29); that doc's group counts sum above its own ~70 estimate, so per-URL membership is approximate. Live state re-verified 2026-10-09. Current GSC status UNVERIFIED (no export/API)."
/guides/complete-bike-maintenance-guide,200,https://ridencare.co.in/guides/complete-bike-maintenance-guide,Yes,479 of 479 pages,"Unique long-form guide, unique title/H1, linked from home + footer","Healthy content; DNI at 2026-09-29 was a discovery-lag signal, not a defect","docs/seo/31-indexing-audit-2026-09-29.md §3b (2026-09-29 GSC DNI baseline, grouped rows) + live 2026-10-09: HTTP 200, robots=none (indexable), sitemap=Yes, inbound 479/479 crawled pages",No change; monitor,HISTORICAL_BASELINE,"DNI attribution from docs/seo/31-indexing-audit-2026-09-29.md §3b (GSC baseline 2026-09-29); that doc's group counts sum above its own ~70 estimate, so per-URL membership is approximate. Live state re-verified 2026-10-09. Current GSC status UNVERIFIED (no export/API)."
/guides/doorstep-bike-service-guide,200,https://ridencare.co.in/guides/doorstep-bike-service-guide,Yes,9 of 479 pages,"Unique long-form guide, unique title/H1, linked from home + footer","Healthy content; DNI at 2026-09-29 was a discovery-lag signal, not a defect","docs/seo/31-indexing-audit-2026-09-29.md §3b (2026-09-29 GSC DNI baseline, grouped rows) + live 2026-10-09: HTTP 200, robots=none (indexable), sitemap=Yes, inbound 9/479 crawled pages",No change; monitor,HISTORICAL_BASELINE,"DNI attribution from docs/seo/31-indexing-audit-2026-09-29.md §3b (GSC baseline 2026-09-29); that doc's group counts sum above its own ~70 estimate, so per-URL membership is approximate. Live state re-verified 2026-10-09. Current GSC status UNVERIFIED (no export/API)."
/guides/motorcycle-vs-scooter-maintenance,200,https://ridencare.co.in/guides/motorcycle-vs-scooter-maintenance,Yes,7 of 479 pages,"Unique long-form guide, unique title/H1, linked from home + footer","Healthy content; DNI at 2026-09-29 was a discovery-lag signal, not a defect","docs/seo/31-indexing-audit-2026-09-29.md §3b (2026-09-29 GSC DNI baseline, grouped rows) + live 2026-10-09: HTTP 200, robots=none (indexable), sitemap=Yes, inbound 7/479 crawled pages",No change; monitor,HISTORICAL_BASELINE,"DNI attribution from docs/seo/31-indexing-audit-2026-09-29.md §3b (GSC baseline 2026-09-29); that doc's group counts sum above its own ~70 estimate, so per-URL membership is approximate. Live state re-verified 2026-10-09. Current GSC status UNVERIFIED (no export/API)."
/guides/when-to-service-your-bike,200,https://ridencare.co.in/guides/when-to-service-your-bike,Yes,18 of 479 pages,"Unique long-form guide, unique title/H1, linked from home + footer","Healthy content; DNI at 2026-09-29 was a discovery-lag signal, not a defect","docs/seo/31-indexing-audit-2026-09-29.md §3b (2026-09-29 GSC DNI baseline, grouped rows) + live 2026-10-09: HTTP 200, robots=none (indexable), sitemap=Yes, inbound 18/479 crawled pages",No change; monitor,HISTORICAL_BASELINE,"DNI attribution from docs/seo/31-indexing-audit-2026-09-29.md §3b (GSC baseline 2026-09-29); that doc's group counts sum above its own ~70 estimate, so per-URL membership is approximate. Live state re-verified 2026-10-09. Current GSC status UNVERIFIED (no export/API)."
/doorstep-bike-repair,200,https://ridencare.co.in/doorstep-bike-repair,Yes,479 of 479 pages,Unique repair-at-door intent vs /bike-repair; unique title/H1,Listed in the DNI group at 2026-09-29 as healthy/new-ish — discovery lag,"docs/seo/31-indexing-audit-2026-09-29.md §3b (2026-09-29 GSC DNI baseline, grouped rows) + live 2026-10-09: HTTP 200, robots=none (indexable), sitemap=Yes, inbound 479/479 crawled pages; named individually in §3b",No change; monitor,HISTORICAL_BASELINE,"DNI attribution from docs/seo/31-indexing-audit-2026-09-29.md §3b (GSC baseline 2026-09-29); that doc's group counts sum above its own ~70 estimate, so per-URL membership is approximate. Live state re-verified 2026-10-09. Current GSC status UNVERIFIED (no export/API)."
/scooter-service,200,https://ridencare.co.in/scooter-service,Yes,479 of 479 pages,Unique EV/scooter service vertical page,Discovery lag at 2026-09-29,"docs/seo/31-indexing-audit-2026-09-29.md §3b (2026-09-29 GSC DNI baseline, grouped rows) + live 2026-10-09: HTTP 200, robots=none (indexable), sitemap=Yes, inbound 479/479 crawled pages; named individually in §3b",No change,HISTORICAL_BASELINE,"DNI attribution from docs/seo/31-indexing-audit-2026-09-29.md §3b (GSC baseline 2026-09-29); that doc's group counts sum above its own ~70 estimate, so per-URL membership is approximate. Live state re-verified 2026-10-09. Current GSC status UNVERIFIED (no export/API)."
/bikes,200,https://ridencare.co.in/bikes,Yes,479 of 479 pages,Brand/pricing hub — primary money page,Listed in the DNI group at 2026-09-29; a nav-linked hub should be crawled — re-check,"docs/seo/31-indexing-audit-2026-09-29.md §3b (2026-09-29 GSC DNI baseline, grouped rows) + live 2026-10-09: HTTP 200, robots=none (indexable), sitemap=Yes, inbound 479/479 crawled pages; named individually in §3b",URL-inspect in GSC once API/export available,HISTORICAL_BASELINE,"DNI attribution from docs/seo/31-indexing-audit-2026-09-29.md §3b (GSC baseline 2026-09-29); that doc's group counts sum above its own ~70 estimate, so per-URL membership is approximate. Live state re-verified 2026-10-09. Current GSC status UNVERIFIED (no export/API)."
/cars,200,https://ridencare.co.in/cars,Yes,479 of 479 pages,Car hub — primary money page,Same as /bikes,"docs/seo/31-indexing-audit-2026-09-29.md §3b (2026-09-29 GSC DNI baseline, grouped rows) + live 2026-10-09: HTTP 200, robots=none (indexable), sitemap=Yes, inbound 479/479 crawled pages; named individually in §3b",URL-inspect in GSC once API/export available,HISTORICAL_BASELINE,"DNI attribution from docs/seo/31-indexing-audit-2026-09-29.md §3b (GSC baseline 2026-09-29); that doc's group counts sum above its own ~70 estimate, so per-URL membership is approximate. Live state re-verified 2026-10-09. Current GSC status UNVERIFIED (no export/API)."
/franchise,200,https://ridencare.co.in/franchise,Yes,479 of 479 pages,"Lead-gen utility page, distinct from service pages",Listed as category D (marginal) in §3b; indexable but low priority,"docs/seo/31-indexing-audit-2026-09-29.md §3b (2026-09-29 GSC DNI baseline, grouped rows) + live 2026-10-09: HTTP 200, robots=none (indexable), sitemap=Yes, inbound 479/479 crawled pages; named individually in §3b",Leave as-is (owner may demote later),HISTORICAL_BASELINE,"DNI attribution from docs/seo/31-indexing-audit-2026-09-29.md §3b (GSC baseline 2026-09-29); that doc's group counts sum above its own ~70 estimate, so per-URL membership is approximate. Live state re-verified 2026-10-09. Current GSC status UNVERIFIED (no export/API)."
/emergency-bike-repair/btm-layout,200,https://ridencare.co.in/emergency-bike-repair/btm-layout,Yes,21 of 479 pages,Service×area pair (shared renderer),Discovery lag,"docs/seo/31-indexing-audit-2026-09-29.md §3b (2026-09-29 GSC DNI baseline, grouped rows) + live 2026-10-09: HTTP 200, robots=none (indexable), sitemap=Yes, inbound 21/479 crawled pages; named individually in §3b (""+ siblings"" not enumerated by the doc)",Same as other pairs,HISTORICAL_BASELINE,"DNI attribution from docs/seo/31-indexing-audit-2026-09-29.md §3b (GSC baseline 2026-09-29); that doc's group counts sum above its own ~70 estimate, so per-URL membership is approximate. Live state re-verified 2026-10-09. Current GSC status UNVERIFIED (no export/API)."
/scooter-service/koramangala,200,https://ridencare.co.in/scooter-service/koramangala,Yes,21 of 479 pages,Service×area pair (shared renderer),Discovery lag,"docs/seo/31-indexing-audit-2026-09-29.md §3b (2026-09-29 GSC DNI baseline, grouped rows) + live 2026-10-09: HTTP 200, robots=none (indexable), sitemap=Yes, inbound 21/479 crawled pages; named individually in §3b (""+ siblings"" not enumerated by the doc)",Same as other pairs,HISTORICAL_BASELINE,"DNI attribution from docs/seo/31-indexing-audit-2026-09-29.md §3b (GSC baseline 2026-09-29); that doc's group counts sum above its own ~70 estimate, so per-URL membership is approximate. Live state re-verified 2026-10-09. Current GSC status UNVERIFIED (no export/API)."
/map,200,https://ridencare.co.in/map,No,1 of 479 pages,Map-only utility page (no content beyond the embed),"Listed in the §3b DNI group, but live serves noindex,follow → GSC classes it Excluded by noindex, not DNI","docs/seo/31-indexing-audit-2026-09-29.md §3b (2026-09-29 GSC DNI baseline, grouped rows) + live 2026-10-09: HTTP 200, robots=noindex, follow, sitemap=No, inbound 1/479",No change (utility page stays noindex),HISTORICAL_BASELINE,"DNI attribution from docs/seo/31-indexing-audit-2026-09-29.md §3b (GSC baseline 2026-09-29); that doc's group counts sum above its own ~70 estimate, so per-URL membership is approximate. Live state re-verified 2026-10-09. Current GSC status UNVERIFIED (no export/API)."
