Original URL,Normalized comparison URL,Claimed GSC category (from existing audit),Actual exported GSC category,Exported row present?,Claim source,Claim evidence classification,Live HTTP status,Redirect destination,Canonical,Robots/noindex,Sitemap membership,Internal links,Indexing intent,Evidence classification,Recommended action,Confidence,Risk,Owner approval required
https://www.ridencare.co.in/,/,Canonical host redirect | ALSO CLAIMED (INFERRED): 'Page with redirect' (redirect observed live 2026-10-09; GSC row not confirmed — no export) | ALSO CLAIMED (INFERRED): Canonical scheme redirect,UNVERIFIED — no GSC export supplied (see 08-original-export-inventory.csv); GSC API not connected,No — export row not supplied,docs/seo/gsc-audit/05-redirects-and-soft404.csv,INFERRED,301,301 → https://ridencare.co.in/ (path+query preserved) → https://ridencare.co.in/ [rechecked 2026-10-10],https://ridencare.co.in/,n/a — redirect response (no page body),n/a — redirect source URL,n/a — redirect source URL,n/a — redirect source (no page body),LIVE_HTTP_VERIFIED; SOURCE_CODE_VERIFIED; INFERRED (live state observed 2026-10-09; redirects rechecked 2026-10-10),Re-verify this claimed category in GSC once the export/API exists; until then treat the category as claimed-not-confirmed. Technical action: No change — correct scheme 301 (http → https),High for live technical facts; GSC category claim inferred,Low if GSC claim is stale — acting on an outdated category wastes effort; medium for noindex/P0 rows where deployment sequencing matters,No
/answers,/answers,UNVERIFIED — owner-supplied cross-check URL; GSC issue row unavailable (export file not found),UNVERIFIED — no GSC export supplied (see 08-original-export-inventory.csv); GSC API not connected,No — export row not supplied,docs/seo/gsc-audit/02-url-by-url-audit.csv (owner-supplied cross-check list),UNVERIFIED,200,n/a — page serves 200,https://ridencare.co.in/answers,none (no meta robots — indexable),Yes,479 of 479 pages,Indexable — published for indexing (in sitemap),LIVE_HTTP_VERIFIED; SOURCE_CODE_VERIFIED (live state observed 2026-10-09; redirects rechecked 2026-10-10),"Re-verify this claimed category in GSC once the export/API exists; until then treat the category as claimed-not-confirmed. Technical action: No change — technically eligible; actual Google indexing status UNVERIFIED, confirm via GSC URL Inspection (do not assume indexed)",High for live technical facts; GSC category claim unverified,Low if GSC claim is stale — acting on an outdated category wastes effort; medium for noindex/P0 rows where deployment sequencing matters,No
/answers/apartment-basement,/answers/apartment-basement,"'Discovered — currently not indexed' (docs/seo/31 §3b groups, 2026-09-29)",UNVERIFIED — no GSC export supplied (see 08-original-export-inventory.csv); GSC API not connected,No — export row not supplied,docs/seo/gsc-audit/url-classification.csv (carried from stage 1),HISTORICAL_BASELINE,200,n/a — page serves 200,https://ridencare.co.in/answers/apartment-basement,none (no meta robots — indexable),Yes,89 of 479 pages,Indexable — published for indexing (in sitemap),LIVE_HTTP_VERIFIED; SOURCE_CODE_VERIFIED; HISTORICAL_BASELINE (live state observed 2026-10-09; redirects rechecked 2026-10-10),"Re-verify this claimed category in GSC once the export/API exists; until then treat the category as claimed-not-confirmed. Technical action: No change — technically eligible; actual Google indexing status UNVERIFIED, confirm via GSC URL Inspection (do not assume indexed)",High for live technical facts; GSC category claim historical,Low if GSC claim is stale — acting on an outdated category wastes effort; medium for noindex/P0 rows where deployment sequencing matters,No
/answers/are-mechanics-verified,/answers/are-mechanics-verified,"'Crawled — currently not indexed' (docs/seo/31 §3a, 2026-09-29; also listed in §3b DNI groups)",UNVERIFIED — no GSC export supplied (see 08-original-export-inventory.csv); GSC API not connected,No — export row not supplied,docs/seo/gsc-audit/url-classification.csv (carried from stage 1),HISTORICAL_BASELINE,200,n/a — page serves 200,https://ridencare.co.in/answers/are-mechanics-verified,none (no meta robots — indexable),Yes,4 of 479 pages,Indexable — published for indexing (in sitemap),LIVE_HTTP_VERIFIED; SOURCE_CODE_VERIFIED; HISTORICAL_BASELINE (live state observed 2026-10-09; redirects rechecked 2026-10-10),"Re-verify this claimed category in GSC once the export/API exists; until then treat the category as claimed-not-confirmed. Technical action: No change — technically eligible; actual Google indexing status UNVERIFIED, confirm via GSC URL Inspection (do not assume indexed)",High for live technical facts; GSC category claim historical,Low if GSC claim is stale — acting on an outdated category wastes effort; medium for noindex/P0 rows where deployment sequencing matters,No
/answers/areas-covered,/answers/areas-covered,"'Discovered — currently not indexed' (docs/seo/31 §3b groups, 2026-09-29) | ALSO CLAIMED (UNVERIFIED): UNVERIFIED — owner-supplied cross-check URL; GSC issue row unavailable (export file not found)",UNVERIFIED — no GSC export supplied (see 08-original-export-inventory.csv); GSC API not connected,No — export row not supplied,docs/seo/gsc-audit/url-classification.csv (carried from stage 1),HISTORICAL_BASELINE,200,n/a — page serves 200,https://ridencare.co.in/answers/areas-covered,none (no meta robots — indexable),Yes,479 of 479 pages,Indexable — published for indexing (in sitemap),LIVE_HTTP_VERIFIED; SOURCE_CODE_VERIFIED; HISTORICAL_BASELINE (live state observed 2026-10-09; redirects rechecked 2026-10-10),"Re-verify this claimed category in GSC once the export/API exists; until then treat the category as claimed-not-confirmed. Technical action: No change — technically eligible; actual Google indexing status UNVERIFIED, confirm via GSC URL Inspection (do not assume indexed)",High for live technical facts; GSC category claim historical,Low if GSC claim is stale — acting on an outdated category wastes effort; medium for noindex/P0 rows where deployment sequencing matters,No
/answers/battery-jump-start-cost,/answers/battery-jump-start-cost,"'Crawled — currently not indexed' (docs/seo/31 §3a, 2026-09-29; also listed in §3b DNI groups)",UNVERIFIED — no GSC export supplied (see 08-original-export-inventory.csv); GSC API not connected,No — export row not supplied,docs/seo/gsc-audit/url-classification.csv (carried from stage 1),HISTORICAL_BASELINE,200,n/a — page serves 200,https://ridencare.co.in/answers/battery-jump-start-cost,none (no meta robots — indexable),Yes,52 of 479 pages,Indexable — published for indexing (in sitemap),LIVE_HTTP_VERIFIED; SOURCE_CODE_VERIFIED; HISTORICAL_BASELINE (live state observed 2026-10-09; redirects rechecked 2026-10-10),"Re-verify this claimed category in GSC once the export/API exists; until then treat the category as claimed-not-confirmed. Technical action: No change — technically eligible; actual Google indexing status UNVERIFIED, confirm via GSC URL Inspection (do not assume indexed)",High for live technical facts; GSC category claim historical,Low if GSC claim is stale — acting on an outdated category wastes effort; medium for noindex/P0 rows where deployment sequencing matters,No
/answers/bike-repair-cost,/answers/bike-repair-cost,"'Crawled — currently not indexed' (docs/seo/31 §3a, 2026-09-29; also listed in §3b DNI groups)",UNVERIFIED — no GSC export supplied (see 08-original-export-inventory.csv); GSC API not connected,No — export row not supplied,docs/seo/gsc-audit/url-classification.csv (carried from stage 1),HISTORICAL_BASELINE,200,n/a — page serves 200,https://ridencare.co.in/answers/bike-repair-cost,none (no meta robots — indexable),Yes,479 of 479 pages,Indexable — published for indexing (in sitemap),LIVE_HTTP_VERIFIED; SOURCE_CODE_VERIFIED; HISTORICAL_BASELINE (live state observed 2026-10-09; redirects rechecked 2026-10-10),"Re-verify this claimed category in GSC once the export/API exists; until then treat the category as claimed-not-confirmed. Technical action: No change — technically eligible; actual Google indexing status UNVERIFIED, confirm via GSC URL Inspection (do not assume indexed)",High for live technical facts; GSC category claim historical,Low if GSC claim is stale — acting on an outdated category wastes effort; medium for noindex/P0 rows where deployment sequencing matters,No
/answers/bike-service-cost-bangalore,/answers/bike-service-cost-bangalore,"'Discovered — currently not indexed' (docs/seo/31 §3b groups, 2026-09-29)",UNVERIFIED — no GSC export supplied (see 08-original-export-inventory.csv); GSC API not connected,No — export row not supplied,docs/seo/gsc-audit/url-classification.csv (carried from stage 1),HISTORICAL_BASELINE,200,n/a — page serves 200,https://ridencare.co.in/answers/bike-service-cost-bangalore,none (no meta robots — indexable),Yes,479 of 479 pages,Indexable — published for indexing (in sitemap),LIVE_HTTP_VERIFIED; SOURCE_CODE_VERIFIED; HISTORICAL_BASELINE (live state observed 2026-10-09; redirects rechecked 2026-10-10),"Re-verify this claimed category in GSC once the export/API exists; until then treat the category as claimed-not-confirmed. Technical action: No change — technically eligible; actual Google indexing status UNVERIFIED, confirm via GSC URL Inspection (do not assume indexed)",High for live technical facts; GSC category claim historical,Low if GSC claim is stale — acting on an outdated category wastes effort; medium for noindex/P0 rows where deployment sequencing matters,No
/answers/bike-stalled-in-water,/answers/bike-stalled-in-water,"'Crawled — currently not indexed' (docs/seo/31 §3a, 2026-09-29; also listed in §3b DNI groups)",UNVERIFIED — no GSC export supplied (see 08-original-export-inventory.csv); GSC API not connected,No — export row not supplied,docs/seo/gsc-audit/url-classification.csv (carried from stage 1),HISTORICAL_BASELINE,200,n/a — page serves 200,https://ridencare.co.in/answers/bike-stalled-in-water,none (no meta robots — indexable),Yes,48 of 479 pages,Indexable — published for indexing (in sitemap),LIVE_HTTP_VERIFIED; SOURCE_CODE_VERIFIED; HISTORICAL_BASELINE (live state observed 2026-10-09; redirects rechecked 2026-10-10),"Re-verify this claimed category in GSC once the export/API exists; until then treat the category as claimed-not-confirmed. Technical action: No change — technically eligible; actual Google indexing status UNVERIFIED, confirm via GSC URL Inspection (do not assume indexed)",High for live technical facts; GSC category claim historical,Low if GSC claim is stale — acting on an outdated category wastes effort; medium for noindex/P0 rows where deployment sequencing matters,No
/answers/bike-vs-scooter-maintenance,/answers/bike-vs-scooter-maintenance,"'Discovered — currently not indexed' (docs/seo/31 §3b groups, 2026-09-29)",UNVERIFIED — no GSC export supplied (see 08-original-export-inventory.csv); GSC API not connected,No — export row not supplied,docs/seo/gsc-audit/url-classification.csv (carried from stage 1),HISTORICAL_BASELINE,200,n/a — page serves 200,https://ridencare.co.in/answers/bike-vs-scooter-maintenance,none (no meta robots — indexable),Yes,48 of 479 pages,Indexable — published for indexing (in sitemap),LIVE_HTTP_VERIFIED; SOURCE_CODE_VERIFIED; HISTORICAL_BASELINE (live state observed 2026-10-09; redirects rechecked 2026-10-10),"Re-verify this claimed category in GSC once the export/API exists; until then treat the category as claimed-not-confirmed. Technical action: No change — technically eligible; actual Google indexing status UNVERIFIED, confirm via GSC URL Inspection (do not assume indexed)",High for live technical facts; GSC category claim historical,Low if GSC claim is stale — acting on an outdated category wastes effort; medium for noindex/P0 rows where deployment sequencing matters,No
/answers/bike-wont-start,/answers/bike-wont-start,"'Crawled — currently not indexed' (docs/seo/31 §3a, 2026-09-29; also listed in §3b DNI groups)",UNVERIFIED — no GSC export supplied (see 08-original-export-inventory.csv); GSC API not connected,No — export row not supplied,docs/seo/gsc-audit/url-classification.csv (carried from stage 1),HISTORICAL_BASELINE,200,n/a — page serves 200,https://ridencare.co.in/answers/bike-wont-start,none (no meta robots — indexable),Yes,92 of 479 pages,Indexable — published for indexing (in sitemap),LIVE_HTTP_VERIFIED; SOURCE_CODE_VERIFIED; HISTORICAL_BASELINE (live state observed 2026-10-09; redirects rechecked 2026-10-10),"Re-verify this claimed category in GSC once the export/API exists; until then treat the category as claimed-not-confirmed. Technical action: No change — technically eligible; actual Google indexing status UNVERIFIED, confirm via GSC URL Inspection (do not assume indexed)",High for live technical facts; GSC category claim historical,Low if GSC claim is stale — acting on an outdated category wastes effort; medium for noindex/P0 rows where deployment sequencing matters,No
/answers/brake-warning-signs-bike,/answers/brake-warning-signs-bike,"'Discovered — currently not indexed' (docs/seo/31 §3b groups, 2026-09-29)",UNVERIFIED — no GSC export supplied (see 08-original-export-inventory.csv); GSC API not connected,No — export row not supplied,docs/seo/gsc-audit/url-classification.csv (carried from stage 1),HISTORICAL_BASELINE,200,n/a — page serves 200,https://ridencare.co.in/answers/brake-warning-signs-bike,none (no meta robots — indexable),Yes,52 of 479 pages,Indexable — published for indexing (in sitemap),LIVE_HTTP_VERIFIED; SOURCE_CODE_VERIFIED; HISTORICAL_BASELINE (live state observed 2026-10-09; redirects rechecked 2026-10-10),"Re-verify this claimed category in GSC once the export/API exists; until then treat the category as claimed-not-confirmed. Technical action: No change — technically eligible; actual Google indexing status UNVERIFIED, confirm via GSC URL Inspection (do not assume indexed)",High for live technical facts; GSC category claim historical,Low if GSC claim is stale — acting on an outdated category wastes effort; medium for noindex/P0 rows where deployment sequencing matters,No
/answers/can-every-car-job-home,/answers/can-every-car-job-home,"'Discovered — currently not indexed' (docs/seo/31 §3b groups, 2026-09-29)",UNVERIFIED — no GSC export supplied (see 08-original-export-inventory.csv); GSC API not connected,No — export row not supplied,docs/seo/gsc-audit/url-classification.csv (carried from stage 1),HISTORICAL_BASELINE,200,n/a — page serves 200,https://ridencare.co.in/answers/can-every-car-job-home,none (no meta robots — indexable),Yes,4 of 479 pages,Indexable — published for indexing (in sitemap),LIVE_HTTP_VERIFIED; SOURCE_CODE_VERIFIED; HISTORICAL_BASELINE (live state observed 2026-10-09; redirects rechecked 2026-10-10),"Re-verify this claimed category in GSC once the export/API exists; until then treat the category as claimed-not-confirmed. Technical action: No change — technically eligible; actual Google indexing status UNVERIFIED, confirm via GSC URL Inspection (do not assume indexed)",High for live technical facts; GSC category claim historical,Low if GSC claim is stale — acting on an outdated category wastes effort; medium for noindex/P0 rows where deployment sequencing matters,No
/answers/car-ac-gas-refill,/answers/car-ac-gas-refill,"'Discovered — currently not indexed' (docs/seo/31 §3b groups, 2026-09-29)",UNVERIFIED — no GSC export supplied (see 08-original-export-inventory.csv); GSC API not connected,No — export row not supplied,docs/seo/gsc-audit/url-classification.csv (carried from stage 1),HISTORICAL_BASELINE,200,n/a — page serves 200,https://ridencare.co.in/answers/car-ac-gas-refill,none (no meta robots — indexable),Yes,5 of 479 pages,Indexable — published for indexing (in sitemap),LIVE_HTTP_VERIFIED; SOURCE_CODE_VERIFIED; HISTORICAL_BASELINE (live state observed 2026-10-09; redirects rechecked 2026-10-10),"Re-verify this claimed category in GSC once the export/API exists; until then treat the category as claimed-not-confirmed. Technical action: No change — technically eligible; actual Google indexing status UNVERIFIED, confirm via GSC URL Inspection (do not assume indexed)",High for live technical facts; GSC category claim historical,Low if GSC claim is stale — acting on an outdated category wastes effort; medium for noindex/P0 rows where deployment sequencing matters,No
/answers/car-ac-not-cooling,/answers/car-ac-not-cooling,"'Discovered — currently not indexed' (docs/seo/31 §3b groups, 2026-09-29)",UNVERIFIED — no GSC export supplied (see 08-original-export-inventory.csv); GSC API not connected,No — export row not supplied,docs/seo/gsc-audit/url-classification.csv (carried from stage 1),HISTORICAL_BASELINE,200,n/a — page serves 200,https://ridencare.co.in/answers/car-ac-not-cooling,none (no meta robots — indexable),Yes,14 of 479 pages,Indexable — published for indexing (in sitemap),LIVE_HTTP_VERIFIED; SOURCE_CODE_VERIFIED; HISTORICAL_BASELINE (live state observed 2026-10-09; redirects rechecked 2026-10-10),"Re-verify this claimed category in GSC once the export/API exists; until then treat the category as claimed-not-confirmed. Technical action: No change — technically eligible; actual Google indexing status UNVERIFIED, confirm via GSC URL Inspection (do not assume indexed)",High for live technical facts; GSC category claim historical,Low if GSC claim is stale — acting on an outdated category wastes effort; medium for noindex/P0 rows where deployment sequencing matters,No
/answers/car-ac-service-includes,/answers/car-ac-service-includes,"'Discovered — currently not indexed' (docs/seo/31 §3b groups, 2026-09-29)",UNVERIFIED — no GSC export supplied (see 08-original-export-inventory.csv); GSC API not connected,No — export row not supplied,docs/seo/gsc-audit/url-classification.csv (carried from stage 1),HISTORICAL_BASELINE,200,n/a — page serves 200,https://ridencare.co.in/answers/car-ac-service-includes,none (no meta robots — indexable),Yes,14 of 479 pages,Indexable — published for indexing (in sitemap),LIVE_HTTP_VERIFIED; SOURCE_CODE_VERIFIED; HISTORICAL_BASELINE (live state observed 2026-10-09; redirects rechecked 2026-10-10),"Re-verify this claimed category in GSC once the export/API exists; until then treat the category as claimed-not-confirmed. Technical action: No change — technically eligible; actual Google indexing status UNVERIFIED, confirm via GSC URL Inspection (do not assume indexed)",High for live technical facts; GSC category claim historical,Low if GSC claim is stale — acting on an outdated category wastes effort; medium for noindex/P0 rows where deployment sequencing matters,No
/answers/car-battery-replacement-when,/answers/car-battery-replacement-when,"'Discovered — currently not indexed' (docs/seo/31 §3b groups, 2026-09-29)",UNVERIFIED — no GSC export supplied (see 08-original-export-inventory.csv); GSC API not connected,No — export row not supplied,docs/seo/gsc-audit/url-classification.csv (carried from stage 1),HISTORICAL_BASELINE,200,n/a — page serves 200,https://ridencare.co.in/answers/car-battery-replacement-when,none (no meta robots — indexable),Yes,11 of 479 pages,Indexable — published for indexing (in sitemap),LIVE_HTTP_VERIFIED; SOURCE_CODE_VERIFIED; HISTORICAL_BASELINE (live state observed 2026-10-09; redirects rechecked 2026-10-10),"Re-verify this claimed category in GSC once the export/API exists; until then treat the category as claimed-not-confirmed. Technical action: No change — technically eligible; actual Google indexing status UNVERIFIED, confirm via GSC URL Inspection (do not assume indexed)",High for live technical facts; GSC category claim historical,Low if GSC claim is stale — acting on an outdated category wastes effort; medium for noindex/P0 rows where deployment sequencing matters,No
/answers/car-battery-warning-signs,/answers/car-battery-warning-signs,"'Discovered — currently not indexed' (docs/seo/31 §3b groups, 2026-09-29)",UNVERIFIED — no GSC export supplied (see 08-original-export-inventory.csv); GSC API not connected,No — export row not supplied,docs/seo/gsc-audit/url-classification.csv (carried from stage 1),HISTORICAL_BASELINE,200,n/a — page serves 200,https://ridencare.co.in/answers/car-battery-warning-signs,none (no meta robots — indexable),Yes,12 of 479 pages,Indexable — published for indexing (in sitemap),LIVE_HTTP_VERIFIED; SOURCE_CODE_VERIFIED; HISTORICAL_BASELINE (live state observed 2026-10-09; redirects rechecked 2026-10-10),"Re-verify this claimed category in GSC once the export/API exists; until then treat the category as claimed-not-confirmed. Technical action: No change — technically eligible; actual Google indexing status UNVERIFIED, confirm via GSC URL Inspection (do not assume indexed)",High for live technical facts; GSC category claim historical,Low if GSC claim is stale — acting on an outdated category wastes effort; medium for noindex/P0 rows where deployment sequencing matters,No
/answers/car-brake-noise-causes,/answers/car-brake-noise-causes,"'Discovered — currently not indexed' (docs/seo/31 §3b groups, 2026-09-29)",UNVERIFIED — no GSC export supplied (see 08-original-export-inventory.csv); GSC API not connected,No — export row not supplied,docs/seo/gsc-audit/url-classification.csv (carried from stage 1),HISTORICAL_BASELINE,200,n/a — page serves 200,https://ridencare.co.in/answers/car-brake-noise-causes,none (no meta robots — indexable),Yes,12 of 479 pages,Indexable — published for indexing (in sitemap),LIVE_HTTP_VERIFIED; SOURCE_CODE_VERIFIED; HISTORICAL_BASELINE (live state observed 2026-10-09; redirects rechecked 2026-10-10),"Re-verify this claimed category in GSC once the export/API exists; until then treat the category as claimed-not-confirmed. Technical action: No change — technically eligible; actual Google indexing status UNVERIFIED, confirm via GSC URL Inspection (do not assume indexed)",High for live technical facts; GSC category claim historical,Low if GSC claim is stale — acting on an outdated category wastes effort; medium for noindex/P0 rows where deployment sequencing matters,No
/answers/car-brake-pads-when,/answers/car-brake-pads-when,"'Discovered — currently not indexed' (docs/seo/31 §3b groups, 2026-09-29)",UNVERIFIED — no GSC export supplied (see 08-original-export-inventory.csv); GSC API not connected,No — export row not supplied,docs/seo/gsc-audit/url-classification.csv (carried from stage 1),HISTORICAL_BASELINE,200,n/a — page serves 200,https://ridencare.co.in/answers/car-brake-pads-when,none (no meta robots — indexable),Yes,11 of 479 pages,Indexable — published for indexing (in sitemap),LIVE_HTTP_VERIFIED; SOURCE_CODE_VERIFIED; HISTORICAL_BASELINE (live state observed 2026-10-09; redirects rechecked 2026-10-10),"Re-verify this claimed category in GSC once the export/API exists; until then treat the category as claimed-not-confirmed. Technical action: No change — technically eligible; actual Google indexing status UNVERIFIED, confirm via GSC URL Inspection (do not assume indexed)",High for live technical facts; GSC category claim historical,Low if GSC claim is stale — acting on an outdated category wastes effort; medium for noindex/P0 rows where deployment sequencing matters,No
/answers/car-breakdown-rain,/answers/car-breakdown-rain,"'Discovered — currently not indexed' (docs/seo/31 §3b groups, 2026-09-29)",UNVERIFIED — no GSC export supplied (see 08-original-export-inventory.csv); GSC API not connected,No — export row not supplied,docs/seo/gsc-audit/url-classification.csv (carried from stage 1),HISTORICAL_BASELINE,200,n/a — page serves 200,https://ridencare.co.in/answers/car-breakdown-rain,none (no meta robots — indexable),Yes,5 of 479 pages,Indexable — published for indexing (in sitemap),LIVE_HTTP_VERIFIED; SOURCE_CODE_VERIFIED; HISTORICAL_BASELINE (live state observed 2026-10-09; redirects rechecked 2026-10-10),"Re-verify this claimed category in GSC once the export/API exists; until then treat the category as claimed-not-confirmed. Technical action: No change — technically eligible; actual Google indexing status UNVERIFIED, confirm via GSC URL Inspection (do not assume indexed)",High for live technical facts; GSC category claim historical,Low if GSC claim is stale — acting on an outdated category wastes effort; medium for noindex/P0 rows where deployment sequencing matters,No
/answers/car-service-cost-bangalore,/answers/car-service-cost-bangalore,"'Discovered — currently not indexed' (docs/seo/31 §3b groups, 2026-09-29)",UNVERIFIED — no GSC export supplied (see 08-original-export-inventory.csv); GSC API not connected,No — export row not supplied,docs/seo/gsc-audit/url-classification.csv (carried from stage 1),HISTORICAL_BASELINE,200,n/a — page serves 200,https://ridencare.co.in/answers/car-service-cost-bangalore,none (no meta robots — indexable),Yes,479 of 479 pages,Indexable — published for indexing (in sitemap),LIVE_HTTP_VERIFIED; SOURCE_CODE_VERIFIED; HISTORICAL_BASELINE (live state observed 2026-10-09; redirects rechecked 2026-10-10),"Re-verify this claimed category in GSC once the export/API exists; until then treat the category as claimed-not-confirmed. Technical action: No change — technically eligible; actual Google indexing status UNVERIFIED, confirm via GSC URL Inspection (do not assume indexed)",High for live technical facts; GSC category claim historical,Low if GSC claim is stale — acting on an outdated category wastes effort; medium for noindex/P0 rows where deployment sequencing matters,No
/answers/car-service-interval,/answers/car-service-interval,"'Discovered — currently not indexed' (docs/seo/31 §3b groups, 2026-09-29)",UNVERIFIED — no GSC export supplied (see 08-original-export-inventory.csv); GSC API not connected,No — export row not supplied,docs/seo/gsc-audit/url-classification.csv (carried from stage 1),HISTORICAL_BASELINE,200,n/a — page serves 200,https://ridencare.co.in/answers/car-service-interval,none (no meta robots — indexable),Yes,13 of 479 pages,Indexable — published for indexing (in sitemap),LIVE_HTTP_VERIFIED; SOURCE_CODE_VERIFIED; HISTORICAL_BASELINE (live state observed 2026-10-09; redirects rechecked 2026-10-10),"Re-verify this claimed category in GSC once the export/API exists; until then treat the category as claimed-not-confirmed. Technical action: No change — technically eligible; actual Google indexing status UNVERIFIED, confirm via GSC URL Inspection (do not assume indexed)",High for live technical facts; GSC category claim historical,Low if GSC claim is stale — acting on an outdated category wastes effort; medium for noindex/P0 rows where deployment sequencing matters,No
/answers/do-you-work-weekends,/answers/do-you-work-weekends,"'Discovered — currently not indexed' (docs/seo/31 §3b groups, 2026-09-29)",UNVERIFIED — no GSC export supplied (see 08-original-export-inventory.csv); GSC API not connected,No — export row not supplied,docs/seo/gsc-audit/url-classification.csv (carried from stage 1),HISTORICAL_BASELINE,200,n/a — page serves 200,https://ridencare.co.in/answers/do-you-work-weekends,none (no meta robots — indexable),Yes,90 of 479 pages,Indexable — published for indexing (in sitemap),LIVE_HTTP_VERIFIED; SOURCE_CODE_VERIFIED; HISTORICAL_BASELINE (live state observed 2026-10-09; redirects rechecked 2026-10-10),"Re-verify this claimed category in GSC once the export/API exists; until then treat the category as claimed-not-confirmed. Technical action: No change — technically eligible; actual Google indexing status UNVERIFIED, confirm via GSC URL Inspection (do not assume indexed)",High for live technical facts; GSC category claim historical,Low if GSC claim is stale — acting on an outdated category wastes effort; medium for noindex/P0 rows where deployment sequencing matters,No
/answers/doorstep-vs-garage-bike,/answers/doorstep-vs-garage-bike,"'Discovered — currently not indexed' (docs/seo/31 §3b groups, 2026-09-29)",UNVERIFIED — no GSC export supplied (see 08-original-export-inventory.csv); GSC API not connected,No — export row not supplied,docs/seo/gsc-audit/url-classification.csv (carried from stage 1),HISTORICAL_BASELINE,200,n/a — page serves 200,https://ridencare.co.in/answers/doorstep-vs-garage-bike,none (no meta robots — indexable),Yes,10 of 479 pages,Indexable — published for indexing (in sitemap),LIVE_HTTP_VERIFIED; SOURCE_CODE_VERIFIED; HISTORICAL_BASELINE (live state observed 2026-10-09; redirects rechecked 2026-10-10),"Re-verify this claimed category in GSC once the export/API exists; until then treat the category as claimed-not-confirmed. Technical action: No change — technically eligible; actual Google indexing status UNVERIFIED, confirm via GSC URL Inspection (do not assume indexed)",High for live technical facts; GSC category claim historical,Low if GSC claim is stale — acting on an outdated category wastes effort; medium for noindex/P0 rows where deployment sequencing matters,No
/answers/doorstep-vs-garage-car,/answers/doorstep-vs-garage-car,"'Discovered — currently not indexed' (docs/seo/31 §3b groups, 2026-09-29)",UNVERIFIED — no GSC export supplied (see 08-original-export-inventory.csv); GSC API not connected,No — export row not supplied,docs/seo/gsc-audit/url-classification.csv (carried from stage 1),HISTORICAL_BASELINE,200,n/a — page serves 200,https://ridencare.co.in/answers/doorstep-vs-garage-car,none (no meta robots — indexable),Yes,22 of 479 pages,Indexable — published for indexing (in sitemap),LIVE_HTTP_VERIFIED; SOURCE_CODE_VERIFIED; HISTORICAL_BASELINE (live state observed 2026-10-09; redirects rechecked 2026-10-10),"Re-verify this claimed category in GSC once the export/API exists; until then treat the category as claimed-not-confirmed. Technical action: No change — technically eligible; actual Google indexing status UNVERIFIED, confirm via GSC URL Inspection (do not assume indexed)",High for live technical facts; GSC category claim historical,Low if GSC claim is stale — acting on an outdated category wastes effort; medium for noindex/P0 rows where deployment sequencing matters,No
/answers/doorstep-vs-workshop-car,/answers/doorstep-vs-workshop-car,"'Discovered — currently not indexed' (docs/seo/31 §3b groups, 2026-09-29)",UNVERIFIED — no GSC export supplied (see 08-original-export-inventory.csv); GSC API not connected,No — export row not supplied,docs/seo/gsc-audit/url-classification.csv (carried from stage 1),HISTORICAL_BASELINE,200,n/a — page serves 200,https://ridencare.co.in/answers/doorstep-vs-workshop-car,none (no meta robots — indexable),Yes,5 of 479 pages,Indexable — published for indexing (in sitemap),LIVE_HTTP_VERIFIED; SOURCE_CODE_VERIFIED; HISTORICAL_BASELINE (live state observed 2026-10-09; redirects rechecked 2026-10-10),"Re-verify this claimed category in GSC once the export/API exists; until then treat the category as claimed-not-confirmed. Technical action: No change — technically eligible; actual Google indexing status UNVERIFIED, confirm via GSC URL Inspection (do not assume indexed)",High for live technical facts; GSC category claim historical,Low if GSC claim is stale — acting on an outdated category wastes effort; medium for noindex/P0 rows where deployment sequencing matters,No
/answers/emergency-cost,/answers/emergency-cost,"'Discovered — currently not indexed' (docs/seo/31 §3b groups, 2026-09-29)",UNVERIFIED — no GSC export supplied (see 08-original-export-inventory.csv); GSC API not connected,No — export row not supplied,docs/seo/gsc-audit/url-classification.csv (carried from stage 1),HISTORICAL_BASELINE,200,n/a — page serves 200,https://ridencare.co.in/answers/emergency-cost,none (no meta robots — indexable),Yes,48 of 479 pages,Indexable — published for indexing (in sitemap),LIVE_HTTP_VERIFIED; SOURCE_CODE_VERIFIED; HISTORICAL_BASELINE (live state observed 2026-10-09; redirects rechecked 2026-10-10),"Re-verify this claimed category in GSC once the export/API exists; until then treat the category as claimed-not-confirmed. Technical action: No change — technically eligible; actual Google indexing status UNVERIFIED, confirm via GSC URL Inspection (do not assume indexed)",High for live technical facts; GSC category claim historical,Low if GSC claim is stale — acting on an outdated category wastes effort; medium for noindex/P0 rows where deployment sequencing matters,No
/answers/ev-service-cost,/answers/ev-service-cost,"'Discovered — currently not indexed' (docs/seo/31 §3b groups, 2026-09-29)",UNVERIFIED — no GSC export supplied (see 08-original-export-inventory.csv); GSC API not connected,No — export row not supplied,docs/seo/gsc-audit/url-classification.csv (carried from stage 1),HISTORICAL_BASELINE,200,n/a — page serves 200,https://ridencare.co.in/answers/ev-service-cost,none (no meta robots — indexable),Yes,50 of 479 pages,Indexable — published for indexing (in sitemap),LIVE_HTTP_VERIFIED; SOURCE_CODE_VERIFIED; HISTORICAL_BASELINE (live state observed 2026-10-09; redirects rechecked 2026-10-10),"Re-verify this claimed category in GSC once the export/API exists; until then treat the category as claimed-not-confirmed. Technical action: No change — technically eligible; actual Google indexing status UNVERIFIED, confirm via GSC URL Inspection (do not assume indexed)",High for live technical facts; GSC category claim historical,Low if GSC claim is stale — acting on an outdated category wastes effort; medium for noindex/P0 rows where deployment sequencing matters,No
/answers/ev-service-different,/answers/ev-service-different,"'Discovered — currently not indexed' (docs/seo/31 §3b groups, 2026-09-29)",UNVERIFIED — no GSC export supplied (see 08-original-export-inventory.csv); GSC API not connected,No — export row not supplied,docs/seo/gsc-audit/url-classification.csv (carried from stage 1),HISTORICAL_BASELINE,200,n/a — page serves 200,https://ridencare.co.in/answers/ev-service-different,none (no meta robots — indexable),Yes,8 of 479 pages,Indexable — published for indexing (in sitemap),LIVE_HTTP_VERIFIED; SOURCE_CODE_VERIFIED; HISTORICAL_BASELINE (live state observed 2026-10-09; redirects rechecked 2026-10-10),"Re-verify this claimed category in GSC once the export/API exists; until then treat the category as claimed-not-confirmed. Technical action: No change — technically eligible; actual Google indexing status UNVERIFIED, confirm via GSC URL Inspection (do not assume indexed)",High for live technical facts; GSC category claim historical,Low if GSC claim is stale — acting on an outdated category wastes effort; medium for noindex/P0 rows where deployment sequencing matters,No
/answers/ev-what-can-be-serviced,/answers/ev-what-can-be-serviced,"'Discovered — currently not indexed' (docs/seo/31 §3b groups, 2026-09-29)",UNVERIFIED — no GSC export supplied (see 08-original-export-inventory.csv); GSC API not connected,No — export row not supplied,docs/seo/gsc-audit/url-classification.csv (carried from stage 1),HISTORICAL_BASELINE,200,n/a — page serves 200,https://ridencare.co.in/answers/ev-what-can-be-serviced,none (no meta robots — indexable),Yes,93 of 479 pages,Indexable — published for indexing (in sitemap),LIVE_HTTP_VERIFIED; SOURCE_CODE_VERIFIED; HISTORICAL_BASELINE (live state observed 2026-10-09; redirects rechecked 2026-10-10),"Re-verify this claimed category in GSC once the export/API exists; until then treat the category as claimed-not-confirmed. Technical action: No change — technically eligible; actual Google indexing status UNVERIFIED, confirm via GSC URL Inspection (do not assume indexed)",High for live technical facts; GSC category claim historical,Low if GSC claim is stale — acting on an outdated category wastes effort; medium for noindex/P0 rows where deployment sequencing matters,No
/answers/genuine-parts,/answers/genuine-parts,"'Discovered — currently not indexed' (docs/seo/31 §3b groups, 2026-09-29) | ALSO CLAIMED (UNVERIFIED): UNVERIFIED — owner-supplied cross-check URL; GSC issue row unavailable (export file not found)",UNVERIFIED — no GSC export supplied (see 08-original-export-inventory.csv); GSC API not connected,No — export row not supplied,docs/seo/gsc-audit/url-classification.csv (carried from stage 1),HISTORICAL_BASELINE,200,n/a — page serves 200,https://ridencare.co.in/answers/genuine-parts,none (no meta robots — indexable),Yes,49 of 479 pages,Indexable — published for indexing (in sitemap),LIVE_HTTP_VERIFIED; SOURCE_CODE_VERIFIED; HISTORICAL_BASELINE (live state observed 2026-10-09; redirects rechecked 2026-10-10),"Re-verify this claimed category in GSC once the export/API exists; until then treat the category as claimed-not-confirmed. Technical action: No change — technically eligible; actual Google indexing status UNVERIFIED, confirm via GSC URL Inspection (do not assume indexed)",High for live technical facts; GSC category claim historical,Low if GSC claim is stale — acting on an outdated category wastes effort; medium for noindex/P0 rows where deployment sequencing matters,No
/answers/guarantee,/answers/guarantee,"'Discovered — currently not indexed' (docs/seo/31 §3b groups, 2026-09-29)",UNVERIFIED — no GSC export supplied (see 08-original-export-inventory.csv); GSC API not connected,No — export row not supplied,docs/seo/gsc-audit/url-classification.csv (carried from stage 1),HISTORICAL_BASELINE,200,n/a — page serves 200,https://ridencare.co.in/answers/guarantee,none (no meta robots — indexable),Yes,53 of 479 pages,Indexable — published for indexing (in sitemap),LIVE_HTTP_VERIFIED; SOURCE_CODE_VERIFIED; HISTORICAL_BASELINE (live state observed 2026-10-09; redirects rechecked 2026-10-10),"Re-verify this claimed category in GSC once the export/API exists; until then treat the category as claimed-not-confirmed. Technical action: No change — technically eligible; actual Google indexing status UNVERIFIED, confirm via GSC URL Inspection (do not assume indexed)",High for live technical facts; GSC category claim historical,Low if GSC claim is stale — acting on an outdated category wastes effort; medium for noindex/P0 rows where deployment sequencing matters,No
/answers/how-long-bike-service,/answers/how-long-bike-service,"'Crawled — currently not indexed' (docs/seo/31 §3a, 2026-09-29; also listed in §3b DNI groups)",UNVERIFIED — no GSC export supplied (see 08-original-export-inventory.csv); GSC API not connected,No — export row not supplied,docs/seo/gsc-audit/url-classification.csv (carried from stage 1),HISTORICAL_BASELINE,200,n/a — page serves 200,https://ridencare.co.in/answers/how-long-bike-service,none (no meta robots — indexable),Yes,479 of 479 pages,Indexable — published for indexing (in sitemap),LIVE_HTTP_VERIFIED; SOURCE_CODE_VERIFIED; HISTORICAL_BASELINE (live state observed 2026-10-09; redirects rechecked 2026-10-10),"Re-verify this claimed category in GSC once the export/API exists; until then treat the category as claimed-not-confirmed. Technical action: No change — technically eligible; actual Google indexing status UNVERIFIED, confirm via GSC URL Inspection (do not assume indexed)",High for live technical facts; GSC category claim historical,Low if GSC claim is stale — acting on an outdated category wastes effort; medium for noindex/P0 rows where deployment sequencing matters,No
/answers/how-long-car-service,/answers/how-long-car-service,"'Crawled — currently not indexed' (docs/seo/31 §3a, 2026-09-29; also listed in §3b DNI groups)",UNVERIFIED — no GSC export supplied (see 08-original-export-inventory.csv); GSC API not connected,No — export row not supplied,docs/seo/gsc-audit/url-classification.csv (carried from stage 1),HISTORICAL_BASELINE,200,n/a — page serves 200,https://ridencare.co.in/answers/how-long-car-service,none (no meta robots — indexable),Yes,12 of 479 pages,Indexable — published for indexing (in sitemap),LIVE_HTTP_VERIFIED; SOURCE_CODE_VERIFIED; HISTORICAL_BASELINE (live state observed 2026-10-09; redirects rechecked 2026-10-10),"Re-verify this claimed category in GSC once the export/API exists; until then treat the category as claimed-not-confirmed. Technical action: No change — technically eligible; actual Google indexing status UNVERIFIED, confirm via GSC URL Inspection (do not assume indexed)",High for live technical facts; GSC category claim historical,Low if GSC claim is stale — acting on an outdated category wastes effort; medium for noindex/P0 rows where deployment sequencing matters,No
https://ridencare.co.in/answers/how-often-car-service,/answers/how-often-car-service,Cannibalisation consolidation redirect | ALSO CLAIMED (INFERRED): 'Page with redirect' (redirect observed live 2026-10-09; GSC row not confirmed — no export),UNVERIFIED — no GSC export supplied (see 08-original-export-inventory.csv); GSC API not connected,No — export row not supplied,docs/seo/gsc-audit/05-redirects-and-soft404.csv,INFERRED,301,301 → https://ridencare.co.in/answers/car-service-interval (1 hop) → https://ridencare.co.in/answers/car-service-interval [rechecked 2026-10-10],https://ridencare.co.in/answers/car-service-interval,n/a — redirect response (no page body),n/a — redirect source URL,n/a — redirect source URL,n/a — redirect source (no page body),LIVE_HTTP_VERIFIED; SOURCE_CODE_VERIFIED; INFERRED (live state observed 2026-10-09; redirects rechecked 2026-10-10),"Re-verify this claimed category in GSC once the export/API exists; until then treat the category as claimed-not-confirmed. Technical action: No change — intentional Batch-4 consolidation 301 (one intent, one URL)",High for live technical facts; GSC category claim inferred,Low if GSC claim is stale — acting on an outdated category wastes effort; medium for noindex/P0 rows where deployment sequencing matters,No
/answers/how-to-book,/answers/how-to-book,"'Discovered — currently not indexed' (docs/seo/31 §3b groups, 2026-09-29)",UNVERIFIED — no GSC export supplied (see 08-original-export-inventory.csv); GSC API not connected,No — export row not supplied,docs/seo/gsc-audit/url-classification.csv (carried from stage 1),HISTORICAL_BASELINE,200,n/a — page serves 200,https://ridencare.co.in/answers/how-to-book,none (no meta robots — indexable),Yes,52 of 479 pages,Indexable — published for indexing (in sitemap),LIVE_HTTP_VERIFIED; SOURCE_CODE_VERIFIED; HISTORICAL_BASELINE (live state observed 2026-10-09; redirects rechecked 2026-10-10),"Re-verify this claimed category in GSC once the export/API exists; until then treat the category as claimed-not-confirmed. Technical action: No change — technically eligible; actual Google indexing status UNVERIFIED, confirm via GSC URL Inspection (do not assume indexed)",High for live technical facts; GSC category claim historical,Low if GSC claim is stale — acting on an outdated category wastes effort; medium for noindex/P0 rows where deployment sequencing matters,No
/answers/how-to-prepare-car-doorstep,/answers/how-to-prepare-car-doorstep,"'Discovered — currently not indexed' (docs/seo/31 §3b groups, 2026-09-29)",UNVERIFIED — no GSC export supplied (see 08-original-export-inventory.csv); GSC API not connected,No — export row not supplied,docs/seo/gsc-audit/url-classification.csv (carried from stage 1),HISTORICAL_BASELINE,200,n/a — page serves 200,https://ridencare.co.in/answers/how-to-prepare-car-doorstep,none (no meta robots — indexable),Yes,5 of 479 pages,Indexable — published for indexing (in sitemap),LIVE_HTTP_VERIFIED; SOURCE_CODE_VERIFIED; HISTORICAL_BASELINE (live state observed 2026-10-09; redirects rechecked 2026-10-10),"Re-verify this claimed category in GSC once the export/API exists; until then treat the category as claimed-not-confirmed. Technical action: No change — technically eligible; actual Google indexing status UNVERIFIED, confirm via GSC URL Inspection (do not assume indexed)",High for live technical facts; GSC category claim historical,Low if GSC claim is stale — acting on an outdated category wastes effort; medium for noindex/P0 rows where deployment sequencing matters,No
/answers/is-doorstep-service-safe,/answers/is-doorstep-service-safe,"'Crawled — currently not indexed' (docs/seo/31 §3a, 2026-09-29; also listed in §3b DNI groups)",UNVERIFIED — no GSC export supplied (see 08-original-export-inventory.csv); GSC API not connected,No — export row not supplied,docs/seo/gsc-audit/url-classification.csv (carried from stage 1),HISTORICAL_BASELINE,200,n/a — page serves 200,https://ridencare.co.in/answers/is-doorstep-service-safe,none (no meta robots — indexable),Yes,479 of 479 pages,Indexable — published for indexing (in sitemap),LIVE_HTTP_VERIFIED; SOURCE_CODE_VERIFIED; HISTORICAL_BASELINE (live state observed 2026-10-09; redirects rechecked 2026-10-10),"Re-verify this claimed category in GSC once the export/API exists; until then treat the category as claimed-not-confirmed. Technical action: No change — technically eligible; actual Google indexing status UNVERIFIED, confirm via GSC URL Inspection (do not assume indexed)",High for live technical facts; GSC category claim historical,Low if GSC claim is stale — acting on an outdated category wastes effort; medium for noindex/P0 rows where deployment sequencing matters,No
/answers/ktm-duke-200-service-cost,/answers/ktm-duke-200-service-cost,"'Discovered — currently not indexed' (docs/seo/31 §3b groups, 2026-09-29)",UNVERIFIED — no GSC export supplied (see 08-original-export-inventory.csv); GSC API not connected,No — export row not supplied,docs/seo/gsc-audit/url-classification.csv (carried from stage 1),HISTORICAL_BASELINE,200,n/a — page serves 200,https://ridencare.co.in/answers/ktm-duke-200-service-cost,none (no meta robots — indexable),Yes,136 of 479 pages,Indexable — published for indexing (in sitemap),LIVE_HTTP_VERIFIED; SOURCE_CODE_VERIFIED; HISTORICAL_BASELINE (live state observed 2026-10-09; redirects rechecked 2026-10-10),"Re-verify this claimed category in GSC once the export/API exists; until then treat the category as claimed-not-confirmed. Technical action: No change — technically eligible; actual Google indexing status UNVERIFIED, confirm via GSC URL Inspection (do not assume indexed)",High for live technical facts; GSC category claim historical,Low if GSC claim is stale — acting on an outdated category wastes effort; medium for noindex/P0 rows where deployment sequencing matters,No
/answers/monsoon-bike-care,/answers/monsoon-bike-care,"'Discovered — currently not indexed' (docs/seo/31 §3b groups, 2026-09-29)",UNVERIFIED — no GSC export supplied (see 08-original-export-inventory.csv); GSC API not connected,No — export row not supplied,docs/seo/gsc-audit/url-classification.csv (carried from stage 1),HISTORICAL_BASELINE,200,n/a — page serves 200,https://ridencare.co.in/answers/monsoon-bike-care,none (no meta robots — indexable),Yes,13 of 479 pages,Indexable — published for indexing (in sitemap),LIVE_HTTP_VERIFIED; SOURCE_CODE_VERIFIED; HISTORICAL_BASELINE (live state observed 2026-10-09; redirects rechecked 2026-10-10),"Re-verify this claimed category in GSC once the export/API exists; until then treat the category as claimed-not-confirmed. Technical action: No change — technically eligible; actual Google indexing status UNVERIFIED, confirm via GSC URL Inspection (do not assume indexed)",High for live technical facts; GSC category claim historical,Low if GSC claim is stale — acting on an outdated category wastes effort; medium for noindex/P0 rows where deployment sequencing matters,No
/answers/monsoon-car-care,/answers/monsoon-car-care,"'Discovered — currently not indexed' (docs/seo/31 §3b groups, 2026-09-29)",UNVERIFIED — no GSC export supplied (see 08-original-export-inventory.csv); GSC API not connected,No — export row not supplied,docs/seo/gsc-audit/url-classification.csv (carried from stage 1),HISTORICAL_BASELINE,200,n/a — page serves 200,https://ridencare.co.in/answers/monsoon-car-care,none (no meta robots — indexable),Yes,4 of 479 pages,Indexable — published for indexing (in sitemap),LIVE_HTTP_VERIFIED; SOURCE_CODE_VERIFIED; HISTORICAL_BASELINE (live state observed 2026-10-09; redirects rechecked 2026-10-10),"Re-verify this claimed category in GSC once the export/API exists; until then treat the category as claimed-not-confirmed. Technical action: No change — technically eligible; actual Google indexing status UNVERIFIED, confirm via GSC URL Inspection (do not assume indexed)",High for live technical facts; GSC category claim historical,Low if GSC claim is stale — acting on an outdated category wastes effort; medium for noindex/P0 rows where deployment sequencing matters,No
/answers/need-to-be-home,/answers/need-to-be-home,"'Crawled — currently not indexed' (docs/seo/31 §3a, 2026-09-29; also listed in §3b DNI groups)",UNVERIFIED — no GSC export supplied (see 08-original-export-inventory.csv); GSC API not connected,No — export row not supplied,docs/seo/gsc-audit/url-classification.csv (carried from stage 1),HISTORICAL_BASELINE,200,n/a — page serves 200,https://ridencare.co.in/answers/need-to-be-home,none (no meta robots — indexable),Yes,47 of 479 pages,Indexable — published for indexing (in sitemap),LIVE_HTTP_VERIFIED; SOURCE_CODE_VERIFIED; HISTORICAL_BASELINE (live state observed 2026-10-09; redirects rechecked 2026-10-10),"Re-verify this claimed category in GSC once the export/API exists; until then treat the category as claimed-not-confirmed. Technical action: No change — technically eligible; actual Google indexing status UNVERIFIED, confirm via GSC URL Inspection (do not assume indexed)",High for live technical facts; GSC category claim historical,Low if GSC claim is stale — acting on an outdated category wastes effort; medium for noindex/P0 rows where deployment sequencing matters,No
/answers/payment-options,/answers/payment-options,"'Discovered — currently not indexed' (docs/seo/31 §3b groups, 2026-09-29) | ALSO CLAIMED (UNVERIFIED): UNVERIFIED — owner-supplied cross-check URL; GSC issue row unavailable (export file not found)",UNVERIFIED — no GSC export supplied (see 08-original-export-inventory.csv); GSC API not connected,No — export row not supplied,docs/seo/gsc-audit/url-classification.csv (carried from stage 1),HISTORICAL_BASELINE,200,n/a — page serves 200,https://ridencare.co.in/answers/payment-options,none (no meta robots — indexable),Yes,8 of 479 pages,Indexable — published for indexing (in sitemap),LIVE_HTTP_VERIFIED; SOURCE_CODE_VERIFIED; HISTORICAL_BASELINE (live state observed 2026-10-09; redirects rechecked 2026-10-10),"Re-verify this claimed category in GSC once the export/API exists; until then treat the category as claimed-not-confirmed. Technical action: No change — technically eligible; actual Google indexing status UNVERIFIED, confirm via GSC URL Inspection (do not assume indexed)",High for live technical facts; GSC category claim historical,Low if GSC claim is stale — acting on an outdated category wastes effort; medium for noindex/P0 rows where deployment sequencing matters,No
/answers/periodic-vs-breakdown,/answers/periodic-vs-breakdown,"'Crawled — currently not indexed' (docs/seo/31 §3a, 2026-09-29; also listed in §3b DNI groups)",UNVERIFIED — no GSC export supplied (see 08-original-export-inventory.csv); GSC API not connected,No — export row not supplied,docs/seo/gsc-audit/url-classification.csv (carried from stage 1),HISTORICAL_BASELINE,200,n/a — page serves 200,https://ridencare.co.in/answers/periodic-vs-breakdown,none (no meta robots — indexable),Yes,7 of 479 pages,Indexable — published for indexing (in sitemap),LIVE_HTTP_VERIFIED; SOURCE_CODE_VERIFIED; HISTORICAL_BASELINE (live state observed 2026-10-09; redirects rechecked 2026-10-10),"Re-verify this claimed category in GSC once the export/API exists; until then treat the category as claimed-not-confirmed. Technical action: No change — technically eligible; actual Google indexing status UNVERIFIED, confirm via GSC URL Inspection (do not assume indexed)",High for live technical facts; GSC category claim historical,Low if GSC claim is stale — acting on an outdated category wastes effort; medium for noindex/P0 rows where deployment sequencing matters,No
/answers/recovery-after-breakdown,/answers/recovery-after-breakdown,"'Discovered — currently not indexed' (docs/seo/31 §3b groups, 2026-09-29)",UNVERIFIED — no GSC export supplied (see 08-original-export-inventory.csv); GSC API not connected,No — export row not supplied,docs/seo/gsc-audit/url-classification.csv (carried from stage 1),HISTORICAL_BASELINE,200,n/a — page serves 200,https://ridencare.co.in/answers/recovery-after-breakdown,none (no meta robots — indexable),Yes,9 of 479 pages,Indexable — published for indexing (in sitemap),LIVE_HTTP_VERIFIED; SOURCE_CODE_VERIFIED; HISTORICAL_BASELINE (live state observed 2026-10-09; redirects rechecked 2026-10-10),"Re-verify this claimed category in GSC once the export/API exists; until then treat the category as claimed-not-confirmed. Technical action: No change — technically eligible; actual Google indexing status UNVERIFIED, confirm via GSC URL Inspection (do not assume indexed)",High for live technical facts; GSC category claim historical,Low if GSC claim is stale — acting on an outdated category wastes effort; medium for noindex/P0 rows where deployment sequencing matters,No
/answers/roadside-or-garage,/answers/roadside-or-garage,"'Discovered — currently not indexed' (docs/seo/31 §3b groups, 2026-09-29)",UNVERIFIED — no GSC export supplied (see 08-original-export-inventory.csv); GSC API not connected,No — export row not supplied,docs/seo/gsc-audit/url-classification.csv (carried from stage 1),HISTORICAL_BASELINE,200,n/a — page serves 200,https://ridencare.co.in/answers/roadside-or-garage,none (no meta robots — indexable),Yes,48 of 479 pages,Indexable — published for indexing (in sitemap),LIVE_HTTP_VERIFIED; SOURCE_CODE_VERIFIED; HISTORICAL_BASELINE (live state observed 2026-10-09; redirects rechecked 2026-10-10),"Re-verify this claimed category in GSC once the export/API exists; until then treat the category as claimed-not-confirmed. Technical action: No change — technically eligible; actual Google indexing status UNVERIFIED, confirm via GSC URL Inspection (do not assume indexed)",High for live technical facts; GSC category claim historical,Low if GSC claim is stale — acting on an outdated category wastes effort; medium for noindex/P0 rows where deployment sequencing matters,No
/answers/scooter-service-cost,/answers/scooter-service-cost,"'Crawled — currently not indexed' (docs/seo/31 §3a, 2026-09-29; also listed in §3b DNI groups)",UNVERIFIED — no GSC export supplied (see 08-original-export-inventory.csv); GSC API not connected,No — export row not supplied,docs/seo/gsc-audit/url-classification.csv (carried from stage 1),HISTORICAL_BASELINE,200,n/a — page serves 200,https://ridencare.co.in/answers/scooter-service-cost,none (no meta robots — indexable),Yes,479 of 479 pages,Indexable — published for indexing (in sitemap),LIVE_HTTP_VERIFIED; SOURCE_CODE_VERIFIED; HISTORICAL_BASELINE (live state observed 2026-10-09; redirects rechecked 2026-10-10),"Re-verify this claimed category in GSC once the export/API exists; until then treat the category as claimed-not-confirmed. Technical action: No change — technically eligible; actual Google indexing status UNVERIFIED, confirm via GSC URL Inspection (do not assume indexed)",High for live technical facts; GSC category claim historical,Low if GSC claim is stale — acting on an outdated category wastes effort; medium for noindex/P0 rows where deployment sequencing matters,No
/answers/service-interval,/answers/service-interval,"'Discovered — currently not indexed' (docs/seo/31 §3b groups, 2026-09-29)",UNVERIFIED — no GSC export supplied (see 08-original-export-inventory.csv); GSC API not connected,No — export row not supplied,docs/seo/gsc-audit/url-classification.csv (carried from stage 1),HISTORICAL_BASELINE,200,n/a — page serves 200,https://ridencare.co.in/answers/service-interval,none (no meta robots — indexable),Yes,13 of 479 pages,Indexable — published for indexing (in sitemap),LIVE_HTTP_VERIFIED; SOURCE_CODE_VERIFIED; HISTORICAL_BASELINE (live state observed 2026-10-09; redirects rechecked 2026-10-10),"Re-verify this claimed category in GSC once the export/API exists; until then treat the category as claimed-not-confirmed. Technical action: No change — technically eligible; actual Google indexing status UNVERIFIED, confirm via GSC URL Inspection (do not assume indexed)",High for live technical facts; GSC category claim historical,Low if GSC claim is stale — acting on an outdated category wastes effort; medium for noindex/P0 rows where deployment sequencing matters,No
/answers/warranty-service,/answers/warranty-service,Discovered — currently not indexed (owner-supplied cross-check) | ALSO CLAIMED (INFERRED): 'Discovered — currently not indexed' (owner-supplied cross-check; also in §3b groups; no export row),UNVERIFIED — no GSC export supplied (see 08-original-export-inventory.csv); GSC API not connected,No — export row not supplied,docs/seo/gsc-audit/02-url-by-url-audit.csv (owner-supplied cross-check list),OWNER_SUPPLIED,200,n/a — page serves 200,https://ridencare.co.in/answers/warranty-service,none (no meta robots — indexable),Yes,5 of 479 pages,Indexable — published for indexing (in sitemap),LIVE_HTTP_VERIFIED; SOURCE_CODE_VERIFIED; OWNER_SUPPLIED (live state observed 2026-10-09; redirects rechecked 2026-10-10),"Re-verify this claimed category in GSC once the export/API exists; until then treat the category as claimed-not-confirmed. Technical action: No change — technically eligible; actual Google indexing status UNVERIFIED, confirm via GSC URL Inspection (do not assume indexed)",High for live technical facts; GSC category claim owner-supplied,Low if GSC claim is stale — acting on an outdated category wastes effort; medium for noindex/P0 rows where deployment sequencing matters,No
/answers/what-included-bike-service,/answers/what-included-bike-service,"'Crawled — currently not indexed' (docs/seo/31 §3a, 2026-09-29; also listed in §3b DNI groups)",UNVERIFIED — no GSC export supplied (see 08-original-export-inventory.csv); GSC API not connected,No — export row not supplied,docs/seo/gsc-audit/url-classification.csv (carried from stage 1),HISTORICAL_BASELINE,200,n/a — page serves 200,https://ridencare.co.in/answers/what-included-bike-service,none (no meta robots — indexable),Yes,479 of 479 pages,Indexable — published for indexing (in sitemap),LIVE_HTTP_VERIFIED; SOURCE_CODE_VERIFIED; HISTORICAL_BASELINE (live state observed 2026-10-09; redirects rechecked 2026-10-10),"Re-verify this claimed category in GSC once the export/API exists; until then treat the category as claimed-not-confirmed. Technical action: No change — technically eligible; actual Google indexing status UNVERIFIED, confirm via GSC URL Inspection (do not assume indexed)",High for live technical facts; GSC category claim historical,Low if GSC claim is stale — acting on an outdated category wastes effort; medium for noindex/P0 rows where deployment sequencing matters,No
/answers/what-included-car-service,/answers/what-included-car-service,"'Crawled — currently not indexed' (docs/seo/31 §3a, 2026-09-29; also listed in §3b DNI groups)",UNVERIFIED — no GSC export supplied (see 08-original-export-inventory.csv); GSC API not connected,No — export row not supplied,docs/seo/gsc-audit/url-classification.csv (carried from stage 1),HISTORICAL_BASELINE,200,n/a — page serves 200,https://ridencare.co.in/answers/what-included-car-service,none (no meta robots — indexable),Yes,17 of 479 pages,Indexable — published for indexing (in sitemap),LIVE_HTTP_VERIFIED; SOURCE_CODE_VERIFIED; HISTORICAL_BASELINE (live state observed 2026-10-09; redirects rechecked 2026-10-10),"Re-verify this claimed category in GSC once the export/API exists; until then treat the category as claimed-not-confirmed. Technical action: No change — technically eligible; actual Google indexing status UNVERIFIED, confirm via GSC URL Inspection (do not assume indexed)",High for live technical facts; GSC category claim historical,Low if GSC claim is stale — acting on an outdated category wastes effort; medium for noindex/P0 rows where deployment sequencing matters,No
/answers/what-to-prepare,/answers/what-to-prepare,"'Discovered — currently not indexed' (docs/seo/31 §3b groups, 2026-09-29)",UNVERIFIED — no GSC export supplied (see 08-original-export-inventory.csv); GSC API not connected,No — export row not supplied,docs/seo/gsc-audit/url-classification.csv (carried from stage 1),HISTORICAL_BASELINE,200,n/a — page serves 200,https://ridencare.co.in/answers/what-to-prepare,none (no meta robots — indexable),Yes,8 of 479 pages,Indexable — published for indexing (in sitemap),LIVE_HTTP_VERIFIED; SOURCE_CODE_VERIFIED; HISTORICAL_BASELINE (live state observed 2026-10-09; redirects rechecked 2026-10-10),"Re-verify this claimed category in GSC once the export/API exists; until then treat the category as claimed-not-confirmed. Technical action: No change — technically eligible; actual Google indexing status UNVERIFIED, confirm via GSC URL Inspection (do not assume indexed)",High for live technical facts; GSC category claim historical,Low if GSC claim is stale — acting on an outdated category wastes effort; medium for noindex/P0 rows where deployment sequencing matters,No
/answers/which-oil,/answers/which-oil,"'Discovered — currently not indexed' (docs/seo/31 §3b groups, 2026-09-29)",UNVERIFIED — no GSC export supplied (see 08-original-export-inventory.csv); GSC API not connected,No — export row not supplied,docs/seo/gsc-audit/url-classification.csv (carried from stage 1),HISTORICAL_BASELINE,200,n/a — page serves 200,https://ridencare.co.in/answers/which-oil,none (no meta robots — indexable),Yes,51 of 479 pages,Indexable — published for indexing (in sitemap),LIVE_HTTP_VERIFIED; SOURCE_CODE_VERIFIED; HISTORICAL_BASELINE (live state observed 2026-10-09; redirects rechecked 2026-10-10),"Re-verify this claimed category in GSC once the export/API exists; until then treat the category as claimed-not-confirmed. Technical action: No change — technically eligible; actual Google indexing status UNVERIFIED, confirm via GSC URL Inspection (do not assume indexed)",High for live technical facts; GSC category claim historical,Low if GSC claim is stale — acting on an outdated category wastes effort; medium for noindex/P0 rows where deployment sequencing matters,No
/answers/written-quote,/answers/written-quote,"'Discovered — currently not indexed' (docs/seo/31 §3b groups, 2026-09-29) | ALSO CLAIMED (UNVERIFIED): UNVERIFIED — owner-supplied cross-check URL; GSC issue row unavailable (export file not found)",UNVERIFIED — no GSC export supplied (see 08-original-export-inventory.csv); GSC API not connected,No — export row not supplied,docs/seo/gsc-audit/url-classification.csv (carried from stage 1),HISTORICAL_BASELINE,200,n/a — page serves 200,https://ridencare.co.in/answers/written-quote,none (no meta robots — indexable),Yes,10 of 479 pages,Indexable — published for indexing (in sitemap),LIVE_HTTP_VERIFIED; SOURCE_CODE_VERIFIED; HISTORICAL_BASELINE (live state observed 2026-10-09; redirects rechecked 2026-10-10),"Re-verify this claimed category in GSC once the export/API exists; until then treat the category as claimed-not-confirmed. Technical action: No change — technically eligible; actual Google indexing status UNVERIFIED, confirm via GSC URL Inspection (do not assume indexed)",High for live technical facts; GSC category claim historical,Low if GSC claim is stale — acting on an outdated category wastes effort; medium for noindex/P0 rows where deployment sequencing matters,No
/areas,/areas,UNVERIFIED — owner-supplied cross-check URL; GSC issue row unavailable (export file not found),UNVERIFIED — no GSC export supplied (see 08-original-export-inventory.csv); GSC API not connected,No — export row not supplied,docs/seo/gsc-audit/02-url-by-url-audit.csv (owner-supplied cross-check list),UNVERIFIED,200,n/a — page serves 200,https://ridencare.co.in/areas,none (no meta robots — indexable),Yes,479 of 479 pages,Indexable — published for indexing (in sitemap),LIVE_HTTP_VERIFIED; SOURCE_CODE_VERIFIED (live state observed 2026-10-09; redirects rechecked 2026-10-10),"Re-verify this claimed category in GSC once the export/API exists; until then treat the category as claimed-not-confirmed. Technical action: No change — technically eligible; actual Google indexing status UNVERIFIED, confirm via GSC URL Inspection (do not assume indexed)",High for live technical facts; GSC category claim unverified,Low if GSC claim is stale — acting on an outdated category wastes effort; medium for noindex/P0 rows where deployment sequencing matters,No
/areas/banashankari,/areas/banashankari,"'Discovered — currently not indexed' (docs/seo/31 §3b groups, 2026-09-29)",UNVERIFIED — no GSC export supplied (see 08-original-export-inventory.csv); GSC API not connected,No — export row not supplied,docs/seo/gsc-audit/url-classification.csv (carried from stage 1),HISTORICAL_BASELINE,200,n/a — page serves 200,https://ridencare.co.in/areas/banashankari,"noindex, follow",No,20 of 479 pages,Indexable after owner-approved P0 deploy (noindex today),LIVE_HTTP_VERIFIED; SOURCE_CODE_VERIFIED; HISTORICAL_BASELINE (live state observed 2026-10-09; redirects rechecked 2026-10-10),Re-verify this claimed category in GSC once the export/API exists; until then treat the category as claimed-not-confirmed. Technical action: Keep noindex until the owner-approved P0 deploy flips it; then verify with GSC URL Inspection (no mass-indexing),High for live technical facts; GSC category claim historical,Low if GSC claim is stale — acting on an outdated category wastes effort; medium for noindex/P0 rows where deployment sequencing matters,Yes
/areas/bannerghatta-road,/areas/bannerghatta-road,"'Discovered — currently not indexed' (docs/seo/31 §3b groups, 2026-09-29)",UNVERIFIED — no GSC export supplied (see 08-original-export-inventory.csv); GSC API not connected,No — export row not supplied,docs/seo/gsc-audit/url-classification.csv (carried from stage 1),HISTORICAL_BASELINE,200,n/a — page serves 200,https://ridencare.co.in/areas/bannerghatta-road,"noindex, follow",No,13 of 479 pages,Excluded by policy (serves noindex by design),LIVE_HTTP_VERIFIED; SOURCE_CODE_VERIFIED; HISTORICAL_BASELINE (live state observed 2026-10-09; redirects rechecked 2026-10-10),Re-verify this claimed category in GSC once the export/API exists; until then treat the category as claimed-not-confirmed. Technical action: Keep noindex until content uplift + owner confirmation (Q33); do not mass-index discovered URLs,High for live technical facts; GSC category claim historical,Low if GSC claim is stale — acting on an outdated category wastes effort; medium for noindex/P0 rows where deployment sequencing matters,No
/areas/bommanahalli,/areas/bommanahalli,"'Discovered — currently not indexed' (docs/seo/31 §3b groups, 2026-09-29) | ALSO CLAIMED (OWNER_SUPPLIED): Excluded by noindex",UNVERIFIED — no GSC export supplied (see 08-original-export-inventory.csv); GSC API not connected,No — export row not supplied,docs/seo/gsc-audit/url-classification.csv (carried from stage 1),HISTORICAL_BASELINE,200,n/a — page serves 200,https://ridencare.co.in/areas/bommanahalli,"noindex, follow",No,17 of 479 pages,Excluded by policy (serves noindex by design),LIVE_HTTP_VERIFIED; SOURCE_CODE_VERIFIED; HISTORICAL_BASELINE (live state observed 2026-10-09; redirects rechecked 2026-10-10),Re-verify this claimed category in GSC once the export/API exists; until then treat the category as claimed-not-confirmed. Technical action: Keep noindex until content uplift + owner confirmation (Q33); do not mass-index discovered URLs,High for live technical facts; GSC category claim historical,Low if GSC claim is stale — acting on an outdated category wastes effort; medium for noindex/P0 rows where deployment sequencing matters,No
/areas/brookefield,/areas/brookefield,"'Discovered — currently not indexed' (docs/seo/31 §3b groups, 2026-09-29)",UNVERIFIED — no GSC export supplied (see 08-original-export-inventory.csv); GSC API not connected,No — export row not supplied,docs/seo/gsc-audit/url-classification.csv (carried from stage 1),HISTORICAL_BASELINE,200,n/a — page serves 200,https://ridencare.co.in/areas/brookefield,"noindex, follow",No,14 of 479 pages,Excluded by policy (serves noindex by design),LIVE_HTTP_VERIFIED; SOURCE_CODE_VERIFIED; HISTORICAL_BASELINE (live state observed 2026-10-09; redirects rechecked 2026-10-10),Re-verify this claimed category in GSC once the export/API exists; until then treat the category as claimed-not-confirmed. Technical action: Keep noindex until content uplift + owner confirmation (Q33); do not mass-index discovered URLs,High for live technical facts; GSC category claim historical,Low if GSC claim is stale — acting on an outdated category wastes effort; medium for noindex/P0 rows where deployment sequencing matters,No
/areas/choodasandra,/areas/choodasandra,"'Discovered — currently not indexed' (docs/seo/31 §3b groups, 2026-09-29) | ALSO CLAIMED (OWNER_SUPPLIED): Excluded by noindex",UNVERIFIED — no GSC export supplied (see 08-original-export-inventory.csv); GSC API not connected,No — export row not supplied,docs/seo/gsc-audit/url-classification.csv (carried from stage 1),HISTORICAL_BASELINE,200,n/a — page serves 200,https://ridencare.co.in/areas/choodasandra,"noindex, follow",No,13 of 479 pages,Excluded by policy (serves noindex by design),LIVE_HTTP_VERIFIED; SOURCE_CODE_VERIFIED; HISTORICAL_BASELINE (live state observed 2026-10-09; redirects rechecked 2026-10-10),Re-verify this claimed category in GSC once the export/API exists; until then treat the category as claimed-not-confirmed. Technical action: Keep noindex until content uplift + owner confirmation (Q33); do not mass-index discovered URLs,High for live technical facts; GSC category claim historical,Low if GSC claim is stale — acting on an outdated category wastes effort; medium for noindex/P0 rows where deployment sequencing matters,No
/areas/domlur,/areas/domlur,"'Discovered — currently not indexed' (docs/seo/31 §3b groups, 2026-09-29) | ALSO CLAIMED (OWNER_SUPPLIED): Excluded by noindex",UNVERIFIED — no GSC export supplied (see 08-original-export-inventory.csv); GSC API not connected,No — export row not supplied,docs/seo/gsc-audit/url-classification.csv (carried from stage 1),HISTORICAL_BASELINE,200,n/a — page serves 200,https://ridencare.co.in/areas/domlur,"noindex, follow",No,16 of 479 pages,Excluded by policy (serves noindex by design),LIVE_HTTP_VERIFIED; SOURCE_CODE_VERIFIED; HISTORICAL_BASELINE (live state observed 2026-10-09; redirects rechecked 2026-10-10),Re-verify this claimed category in GSC once the export/API exists; until then treat the category as claimed-not-confirmed. Technical action: Keep noindex until content uplift + owner confirmation (Q33); do not mass-index discovered URLs,High for live technical facts; GSC category claim historical,Low if GSC claim is stale — acting on an outdated category wastes effort; medium for noindex/P0 rows where deployment sequencing matters,No
/areas/ejipura,/areas/ejipura,"'Discovered — currently not indexed' (docs/seo/31 §3b groups, 2026-09-29)",UNVERIFIED — no GSC export supplied (see 08-original-export-inventory.csv); GSC API not connected,No — export row not supplied,docs/seo/gsc-audit/url-classification.csv (carried from stage 1),HISTORICAL_BASELINE,200,n/a — page serves 200,https://ridencare.co.in/areas/ejipura,"noindex, follow",No,17 of 479 pages,Excluded by policy (serves noindex by design),LIVE_HTTP_VERIFIED; SOURCE_CODE_VERIFIED; HISTORICAL_BASELINE (live state observed 2026-10-09; redirects rechecked 2026-10-10),Re-verify this claimed category in GSC once the export/API exists; until then treat the category as claimed-not-confirmed. Technical action: Keep noindex until content uplift + owner confirmation (Q33); do not mass-index discovered URLs,High for live technical facts; GSC category claim historical,Low if GSC claim is stale — acting on an outdated category wastes effort; medium for noindex/P0 rows where deployment sequencing matters,No
/areas/gunjur,/areas/gunjur,"'Crawled — currently not indexed' (docs/seo/31 §3a, 2026-09-29; also listed in §3b DNI groups)",UNVERIFIED — no GSC export supplied (see 08-original-export-inventory.csv); GSC API not connected,No — export row not supplied,docs/seo/gsc-audit/url-classification.csv (carried from stage 1),HISTORICAL_BASELINE,200,n/a — page serves 200,https://ridencare.co.in/areas/gunjur,"noindex, follow",No,14 of 479 pages,Excluded by policy (serves noindex by design),LIVE_HTTP_VERIFIED; SOURCE_CODE_VERIFIED; HISTORICAL_BASELINE (live state observed 2026-10-09; redirects rechecked 2026-10-10),Re-verify this claimed category in GSC once the export/API exists; until then treat the category as claimed-not-confirmed. Technical action: Keep noindex until content uplift + owner confirmation (Q33); do not mass-index discovered URLs,High for live technical facts; GSC category claim historical,Low if GSC claim is stale — acting on an outdated category wastes effort; medium for noindex/P0 rows where deployment sequencing matters,No
/areas/hal,/areas/hal,"'Discovered — currently not indexed' (docs/seo/31 §3b groups, 2026-09-29)",UNVERIFIED — no GSC export supplied (see 08-original-export-inventory.csv); GSC API not connected,No — export row not supplied,docs/seo/gsc-audit/url-classification.csv (carried from stage 1),HISTORICAL_BASELINE,200,n/a — page serves 200,https://ridencare.co.in/areas/hal,"noindex, follow",No,14 of 479 pages,Excluded by policy (serves noindex by design),LIVE_HTTP_VERIFIED; SOURCE_CODE_VERIFIED; HISTORICAL_BASELINE (live state observed 2026-10-09; redirects rechecked 2026-10-10),Re-verify this claimed category in GSC once the export/API exists; until then treat the category as claimed-not-confirmed. Technical action: Keep noindex until content uplift + owner confirmation (Q33); do not mass-index discovered URLs,High for live technical facts; GSC category claim historical,Low if GSC claim is stale — acting on an outdated category wastes effort; medium for noindex/P0 rows where deployment sequencing matters,No
/areas/harlur,/areas/harlur,"'Discovered — currently not indexed' (docs/seo/31 §3b groups, 2026-09-29)",UNVERIFIED — no GSC export supplied (see 08-original-export-inventory.csv); GSC API not connected,No — export row not supplied,docs/seo/gsc-audit/url-classification.csv (carried from stage 1),HISTORICAL_BASELINE,200,n/a — page serves 200,https://ridencare.co.in/areas/harlur,"noindex, follow",No,15 of 479 pages,Excluded by policy (serves noindex by design),LIVE_HTTP_VERIFIED; SOURCE_CODE_VERIFIED; HISTORICAL_BASELINE (live state observed 2026-10-09; redirects rechecked 2026-10-10),Re-verify this claimed category in GSC once the export/API exists; until then treat the category as claimed-not-confirmed. Technical action: Keep noindex until content uplift + owner confirmation (Q33); do not mass-index discovered URLs,High for live technical facts; GSC category claim historical,Low if GSC claim is stale — acting on an outdated category wastes effort; medium for noindex/P0 rows where deployment sequencing matters,No
/areas/jp-nagar,/areas/jp-nagar,UNVERIFIED — owner-supplied cross-check URL; GSC issue row unavailable (export file not found),UNVERIFIED — no GSC export supplied (see 08-original-export-inventory.csv); GSC API not connected,No — export row not supplied,docs/seo/gsc-audit/02-url-by-url-audit.csv (owner-supplied cross-check list),UNVERIFIED,200,n/a — page serves 200,https://ridencare.co.in/areas/jp-nagar,none (no meta robots — indexable),Yes,36 of 479 pages,Indexable — published for indexing (in sitemap),LIVE_HTTP_VERIFIED; SOURCE_CODE_VERIFIED (live state observed 2026-10-09; redirects rechecked 2026-10-10),"Re-verify this claimed category in GSC once the export/API exists; until then treat the category as claimed-not-confirmed. Technical action: No change — technically eligible; actual Google indexing status UNVERIFIED, confirm via GSC URL Inspection (do not assume indexed)",High for live technical facts; GSC category claim unverified,Low if GSC claim is stale — acting on an outdated category wastes effort; medium for noindex/P0 rows where deployment sequencing matters,No
/areas/kadubeesanahalli,/areas/kadubeesanahalli,"'Discovered — currently not indexed' (docs/seo/31 §3b groups, 2026-09-29)",UNVERIFIED — no GSC export supplied (see 08-original-export-inventory.csv); GSC API not connected,No — export row not supplied,docs/seo/gsc-audit/url-classification.csv (carried from stage 1),HISTORICAL_BASELINE,200,n/a — page serves 200,https://ridencare.co.in/areas/kadubeesanahalli,"noindex, follow",No,16 of 479 pages,Excluded by policy (serves noindex by design),LIVE_HTTP_VERIFIED; SOURCE_CODE_VERIFIED; HISTORICAL_BASELINE (live state observed 2026-10-09; redirects rechecked 2026-10-10),Re-verify this claimed category in GSC once the export/API exists; until then treat the category as claimed-not-confirmed. Technical action: Keep noindex until content uplift + owner confirmation (Q33); do not mass-index discovered URLs,High for live technical facts; GSC category claim historical,Low if GSC claim is stale — acting on an outdated category wastes effort; medium for noindex/P0 rows where deployment sequencing matters,No
/areas/kalyan-nagar,/areas/kalyan-nagar,"'Discovered — currently not indexed' (docs/seo/31 §3b groups, 2026-09-29)",UNVERIFIED — no GSC export supplied (see 08-original-export-inventory.csv); GSC API not connected,No — export row not supplied,docs/seo/gsc-audit/url-classification.csv (carried from stage 1),HISTORICAL_BASELINE,200,n/a — page serves 200,https://ridencare.co.in/areas/kalyan-nagar,"noindex, follow",No,37 of 479 pages,Excluded by policy (serves noindex by design),LIVE_HTTP_VERIFIED; SOURCE_CODE_VERIFIED; HISTORICAL_BASELINE (live state observed 2026-10-09; redirects rechecked 2026-10-10),Re-verify this claimed category in GSC once the export/API exists; until then treat the category as claimed-not-confirmed. Technical action: Keep noindex until content uplift + owner confirmation (Q33); do not mass-index discovered URLs,High for live technical facts; GSC category claim historical,Low if GSC claim is stale — acting on an outdated category wastes effort; medium for noindex/P0 rows where deployment sequencing matters,No
/areas/kanakapura-road,/areas/kanakapura-road,"'Discovered — currently not indexed' (docs/seo/31 §3b groups, 2026-09-29)",UNVERIFIED — no GSC export supplied (see 08-original-export-inventory.csv); GSC API not connected,No — export row not supplied,docs/seo/gsc-audit/url-classification.csv (carried from stage 1),HISTORICAL_BASELINE,200,n/a — page serves 200,https://ridencare.co.in/areas/kanakapura-road,"noindex, follow",No,14 of 479 pages,Excluded by policy (serves noindex by design),LIVE_HTTP_VERIFIED; SOURCE_CODE_VERIFIED; HISTORICAL_BASELINE (live state observed 2026-10-09; redirects rechecked 2026-10-10),Re-verify this claimed category in GSC once the export/API exists; until then treat the category as claimed-not-confirmed. Technical action: Keep noindex until content uplift + owner confirmation (Q33); do not mass-index discovered URLs,High for live technical facts; GSC category claim historical,Low if GSC claim is stale — acting on an outdated category wastes effort; medium for noindex/P0 rows where deployment sequencing matters,No
/areas/kasavanahalli,/areas/kasavanahalli,"'Discovered — currently not indexed' (docs/seo/31 §3b groups, 2026-09-29)",UNVERIFIED — no GSC export supplied (see 08-original-export-inventory.csv); GSC API not connected,No — export row not supplied,docs/seo/gsc-audit/url-classification.csv (carried from stage 1),HISTORICAL_BASELINE,200,n/a — page serves 200,https://ridencare.co.in/areas/kasavanahalli,"noindex, follow",No,14 of 479 pages,Excluded by policy (serves noindex by design),LIVE_HTTP_VERIFIED; SOURCE_CODE_VERIFIED; HISTORICAL_BASELINE (live state observed 2026-10-09; redirects rechecked 2026-10-10),Re-verify this claimed category in GSC once the export/API exists; until then treat the category as claimed-not-confirmed. Technical action: Keep noindex until content uplift + owner confirmation (Q33); do not mass-index discovered URLs,High for live technical facts; GSC category claim historical,Low if GSC claim is stale — acting on an outdated category wastes effort; medium for noindex/P0 rows where deployment sequencing matters,No
/areas/kr-puram,/areas/kr-puram,"'Discovered — currently not indexed' (docs/seo/31 §3b groups, 2026-09-29)",UNVERIFIED — no GSC export supplied (see 08-original-export-inventory.csv); GSC API not connected,No — export row not supplied,docs/seo/gsc-audit/url-classification.csv (carried from stage 1),HISTORICAL_BASELINE,200,n/a — page serves 200,https://ridencare.co.in/areas/kr-puram,"noindex, follow",No,14 of 479 pages,Indexable after owner-approved P0 deploy (noindex today),LIVE_HTTP_VERIFIED; SOURCE_CODE_VERIFIED; HISTORICAL_BASELINE (live state observed 2026-10-09; redirects rechecked 2026-10-10),Re-verify this claimed category in GSC once the export/API exists; until then treat the category as claimed-not-confirmed. Technical action: Keep noindex until the owner-approved P0 deploy flips it; then verify with GSC URL Inspection (no mass-indexing),High for live technical facts; GSC category claim historical,Low if GSC claim is stale — acting on an outdated category wastes effort; medium for noindex/P0 rows where deployment sequencing matters,Yes
/areas/kudlu-gate,/areas/kudlu-gate,"'Crawled — currently not indexed' (docs/seo/31 §3a, 2026-09-29; also listed in §3b DNI groups)",UNVERIFIED — no GSC export supplied (see 08-original-export-inventory.csv); GSC API not connected,No — export row not supplied,docs/seo/gsc-audit/url-classification.csv (carried from stage 1),HISTORICAL_BASELINE,200,n/a — page serves 200,https://ridencare.co.in/areas/kudlu-gate,"noindex, follow",No,15 of 479 pages,Excluded by policy (serves noindex by design),LIVE_HTTP_VERIFIED; SOURCE_CODE_VERIFIED; HISTORICAL_BASELINE (live state observed 2026-10-09; redirects rechecked 2026-10-10),Re-verify this claimed category in GSC once the export/API exists; until then treat the category as claimed-not-confirmed. Technical action: Keep noindex until content uplift + owner confirmation (Q33); do not mass-index discovered URLs,High for live technical facts; GSC category claim historical,Low if GSC claim is stale — acting on an outdated category wastes effort; medium for noindex/P0 rows where deployment sequencing matters,No
/areas/madiwala,/areas/madiwala,"'Discovered — currently not indexed' (docs/seo/31 §3b groups, 2026-09-29)",UNVERIFIED — no GSC export supplied (see 08-original-export-inventory.csv); GSC API not connected,No — export row not supplied,docs/seo/gsc-audit/url-classification.csv (carried from stage 1),HISTORICAL_BASELINE,200,n/a — page serves 200,https://ridencare.co.in/areas/madiwala,"noindex, follow",No,18 of 479 pages,Indexable after owner-approved P0 deploy (noindex today),LIVE_HTTP_VERIFIED; SOURCE_CODE_VERIFIED; HISTORICAL_BASELINE (live state observed 2026-10-09; redirects rechecked 2026-10-10),Re-verify this claimed category in GSC once the export/API exists; until then treat the category as claimed-not-confirmed. Technical action: Keep noindex until the owner-approved P0 deploy flips it; then verify with GSC URL Inspection (no mass-indexing),High for live technical facts; GSC category claim historical,Low if GSC claim is stale — acting on an outdated category wastes effort; medium for noindex/P0 rows where deployment sequencing matters,Yes
/areas/mahadevapura,/areas/mahadevapura,"'Discovered — currently not indexed' (docs/seo/31 §3b groups, 2026-09-29)",UNVERIFIED — no GSC export supplied (see 08-original-export-inventory.csv); GSC API not connected,No — export row not supplied,docs/seo/gsc-audit/url-classification.csv (carried from stage 1),HISTORICAL_BASELINE,200,n/a — page serves 200,https://ridencare.co.in/areas/mahadevapura,"noindex, follow",No,20 of 479 pages,Indexable after owner-approved P0 deploy (noindex today),LIVE_HTTP_VERIFIED; SOURCE_CODE_VERIFIED; HISTORICAL_BASELINE (live state observed 2026-10-09; redirects rechecked 2026-10-10),Re-verify this claimed category in GSC once the export/API exists; until then treat the category as claimed-not-confirmed. Technical action: Keep noindex until the owner-approved P0 deploy flips it; then verify with GSC URL Inspection (no mass-indexing),High for live technical facts; GSC category claim historical,Low if GSC claim is stale — acting on an outdated category wastes effort; medium for noindex/P0 rows where deployment sequencing matters,Yes
/areas/panathur-road,/areas/panathur-road,"'Crawled — currently not indexed' (docs/seo/31 §3a, 2026-09-29; also listed in §3b DNI groups)",UNVERIFIED — no GSC export supplied (see 08-original-export-inventory.csv); GSC API not connected,No — export row not supplied,docs/seo/gsc-audit/url-classification.csv (carried from stage 1),HISTORICAL_BASELINE,200,n/a — page serves 200,https://ridencare.co.in/areas/panathur-road,"noindex, follow",No,16 of 479 pages,Excluded by policy (serves noindex by design),LIVE_HTTP_VERIFIED; SOURCE_CODE_VERIFIED; HISTORICAL_BASELINE (live state observed 2026-10-09; redirects rechecked 2026-10-10),Re-verify this claimed category in GSC once the export/API exists; until then treat the category as claimed-not-confirmed. Technical action: Keep noindex until content uplift + owner confirmation (Q33); do not mass-index discovered URLs,High for live technical facts; GSC category claim historical,Low if GSC claim is stale — acting on an outdated category wastes effort; medium for noindex/P0 rows where deployment sequencing matters,No
/areas/parappana-agrahara,/areas/parappana-agrahara,"'Discovered — currently not indexed' (docs/seo/31 §3b groups, 2026-09-29)",UNVERIFIED — no GSC export supplied (see 08-original-export-inventory.csv); GSC API not connected,No — export row not supplied,docs/seo/gsc-audit/url-classification.csv (carried from stage 1),HISTORICAL_BASELINE,200,n/a — page serves 200,https://ridencare.co.in/areas/parappana-agrahara,"noindex, follow",No,14 of 479 pages,Excluded by policy (serves noindex by design),LIVE_HTTP_VERIFIED; SOURCE_CODE_VERIFIED; HISTORICAL_BASELINE (live state observed 2026-10-09; redirects rechecked 2026-10-10),Re-verify this claimed category in GSC once the export/API exists; until then treat the category as claimed-not-confirmed. Technical action: Keep noindex until content uplift + owner confirmation (Q33); do not mass-index discovered URLs,High for live technical facts; GSC category claim historical,Low if GSC claim is stale — acting on an outdated category wastes effort; medium for noindex/P0 rows where deployment sequencing matters,No
/areas/singasandra,/areas/singasandra,"'Discovered — currently not indexed' (docs/seo/31 §3b groups, 2026-09-29)",UNVERIFIED — no GSC export supplied (see 08-original-export-inventory.csv); GSC API not connected,No — export row not supplied,docs/seo/gsc-audit/url-classification.csv (carried from stage 1),HISTORICAL_BASELINE,200,n/a — page serves 200,https://ridencare.co.in/areas/singasandra,"noindex, follow",No,15 of 479 pages,Excluded by policy (serves noindex by design),LIVE_HTTP_VERIFIED; SOURCE_CODE_VERIFIED; HISTORICAL_BASELINE (live state observed 2026-10-09; redirects rechecked 2026-10-10),Re-verify this claimed category in GSC once the export/API exists; until then treat the category as claimed-not-confirmed. Technical action: Keep noindex until content uplift + owner confirmation (Q33); do not mass-index discovered URLs,High for live technical facts; GSC category claim historical,Low if GSC claim is stale — acting on an outdated category wastes effort; medium for noindex/P0 rows where deployment sequencing matters,No
/areas/varthur,/areas/varthur,"'Discovered — currently not indexed' (docs/seo/31 §3b groups, 2026-09-29)",UNVERIFIED — no GSC export supplied (see 08-original-export-inventory.csv); GSC API not connected,No — export row not supplied,docs/seo/gsc-audit/url-classification.csv (carried from stage 1),HISTORICAL_BASELINE,200,n/a — page serves 200,https://ridencare.co.in/areas/varthur,"noindex, follow",No,14 of 479 pages,Excluded by policy (serves noindex by design),LIVE_HTTP_VERIFIED; SOURCE_CODE_VERIFIED; HISTORICAL_BASELINE (live state observed 2026-10-09; redirects rechecked 2026-10-10),Re-verify this claimed category in GSC once the export/API exists; until then treat the category as claimed-not-confirmed. Technical action: Keep noindex until content uplift + owner confirmation (Q33); do not mass-index discovered URLs,High for live technical facts; GSC category claim historical,Low if GSC claim is stale — acting on an outdated category wastes effort; medium for noindex/P0 rows where deployment sequencing matters,No
/bike-service/bellandur,/bike-service/bellandur,"'Discovered — currently not indexed' (docs/seo/31 §3b groups, 2026-09-29)",UNVERIFIED — no GSC export supplied (see 08-original-export-inventory.csv); GSC API not connected,No — export row not supplied,docs/seo/gsc-audit/url-classification.csv (carried from stage 1),HISTORICAL_BASELINE,200,n/a — page serves 200,https://ridencare.co.in/bike-service/bellandur,none (no meta robots — indexable),Yes,21 of 479 pages,Indexable — published for indexing (in sitemap),LIVE_HTTP_VERIFIED; SOURCE_CODE_VERIFIED; HISTORICAL_BASELINE (live state observed 2026-10-09; redirects rechecked 2026-10-10),"Re-verify this claimed category in GSC once the export/API exists; until then treat the category as claimed-not-confirmed. Technical action: No change — technically eligible; actual Google indexing status UNVERIFIED, confirm via GSC URL Inspection (do not assume indexed)",High for live technical facts; GSC category claim historical,Low if GSC claim is stale — acting on an outdated category wastes effort; medium for noindex/P0 rows where deployment sequencing matters,No
/bike-service/btm-layout,/bike-service/btm-layout,"'Discovered — currently not indexed' (docs/seo/31 §3b groups, 2026-09-29) | ALSO CLAIMED (UNVERIFIED): UNVERIFIED — owner-supplied cross-check URL; GSC issue row unavailable (export file not found)",UNVERIFIED — no GSC export supplied (see 08-original-export-inventory.csv); GSC API not connected,No — export row not supplied,docs/seo/gsc-audit/url-classification.csv (carried from stage 1),HISTORICAL_BASELINE,200,n/a — page serves 200,https://ridencare.co.in/bike-service/btm-layout,none (no meta robots — indexable),Yes,24 of 479 pages,Indexable — published for indexing (in sitemap),LIVE_HTTP_VERIFIED; SOURCE_CODE_VERIFIED; HISTORICAL_BASELINE (live state observed 2026-10-09; redirects rechecked 2026-10-10),"Re-verify this claimed category in GSC once the export/API exists; until then treat the category as claimed-not-confirmed. Technical action: No change — technically eligible; actual Google indexing status UNVERIFIED, confirm via GSC URL Inspection (do not assume indexed)",High for live technical facts; GSC category claim historical,Low if GSC claim is stale — acting on an outdated category wastes effort; medium for noindex/P0 rows where deployment sequencing matters,No
/bike-service/electronic-city,/bike-service/electronic-city,"'Discovered — currently not indexed' (docs/seo/31 §3b groups, 2026-09-29)",UNVERIFIED — no GSC export supplied (see 08-original-export-inventory.csv); GSC API not connected,No — export row not supplied,docs/seo/gsc-audit/url-classification.csv (carried from stage 1),HISTORICAL_BASELINE,200,n/a — page serves 200,https://ridencare.co.in/bike-service/electronic-city,none (no meta robots — indexable),Yes,17 of 479 pages,Indexable — published for indexing (in sitemap),LIVE_HTTP_VERIFIED; SOURCE_CODE_VERIFIED; HISTORICAL_BASELINE (live state observed 2026-10-09; redirects rechecked 2026-10-10),"Re-verify this claimed category in GSC once the export/API exists; until then treat the category as claimed-not-confirmed. Technical action: No change — technically eligible; actual Google indexing status UNVERIFIED, confirm via GSC URL Inspection (do not assume indexed)",High for live technical facts; GSC category claim historical,Low if GSC claim is stale — acting on an outdated category wastes effort; medium for noindex/P0 rows where deployment sequencing matters,No
/bike-service/hebbal,/bike-service/hebbal,"'Discovered — currently not indexed' (docs/seo/31 §3b groups, 2026-09-29)",UNVERIFIED — no GSC export supplied (see 08-original-export-inventory.csv); GSC API not connected,No — export row not supplied,docs/seo/gsc-audit/url-classification.csv (carried from stage 1),HISTORICAL_BASELINE,200,n/a — page serves 200,https://ridencare.co.in/bike-service/hebbal,none (no meta robots — indexable),Yes,9 of 479 pages,Indexable — published for indexing (in sitemap),LIVE_HTTP_VERIFIED; SOURCE_CODE_VERIFIED; HISTORICAL_BASELINE (live state observed 2026-10-09; redirects rechecked 2026-10-10),"Re-verify this claimed category in GSC once the export/API exists; until then treat the category as claimed-not-confirmed. Technical action: No change — technically eligible; actual Google indexing status UNVERIFIED, confirm via GSC URL Inspection (do not assume indexed)",High for live technical facts; GSC category claim historical,Low if GSC claim is stale — acting on an outdated category wastes effort; medium for noindex/P0 rows where deployment sequencing matters,No
/bike-service/hsr-layout,/bike-service/hsr-layout,"'Discovered — currently not indexed' (docs/seo/31 §3b groups, 2026-09-29)",UNVERIFIED — no GSC export supplied (see 08-original-export-inventory.csv); GSC API not connected,No — export row not supplied,docs/seo/gsc-audit/url-classification.csv (carried from stage 1),HISTORICAL_BASELINE,200,n/a — page serves 200,https://ridencare.co.in/bike-service/hsr-layout,none (no meta robots — indexable),Yes,26 of 479 pages,Indexable — published for indexing (in sitemap),LIVE_HTTP_VERIFIED; SOURCE_CODE_VERIFIED; HISTORICAL_BASELINE (live state observed 2026-10-09; redirects rechecked 2026-10-10),"Re-verify this claimed category in GSC once the export/API exists; until then treat the category as claimed-not-confirmed. Technical action: No change — technically eligible; actual Google indexing status UNVERIFIED, confirm via GSC URL Inspection (do not assume indexed)",High for live technical facts; GSC category claim historical,Low if GSC claim is stale — acting on an outdated category wastes effort; medium for noindex/P0 rows where deployment sequencing matters,No
/bike-service/indiranagar,/bike-service/indiranagar,"'Discovered — currently not indexed' (docs/seo/31 §3b groups, 2026-09-29)",UNVERIFIED — no GSC export supplied (see 08-original-export-inventory.csv); GSC API not connected,No — export row not supplied,docs/seo/gsc-audit/url-classification.csv (carried from stage 1),HISTORICAL_BASELINE,200,n/a — page serves 200,https://ridencare.co.in/bike-service/indiranagar,none (no meta robots — indexable),Yes,23 of 479 pages,Indexable — published for indexing (in sitemap),LIVE_HTTP_VERIFIED; SOURCE_CODE_VERIFIED; HISTORICAL_BASELINE (live state observed 2026-10-09; redirects rechecked 2026-10-10),"Re-verify this claimed category in GSC once the export/API exists; until then treat the category as claimed-not-confirmed. Technical action: No change — technically eligible; actual Google indexing status UNVERIFIED, confirm via GSC URL Inspection (do not assume indexed)",High for live technical facts; GSC category claim historical,Low if GSC claim is stale — acting on an outdated category wastes effort; medium for noindex/P0 rows where deployment sequencing matters,No
/bike-service/jayanagar,/bike-service/jayanagar,"'Discovered — currently not indexed' (docs/seo/31 §3b groups, 2026-09-29)",UNVERIFIED — no GSC export supplied (see 08-original-export-inventory.csv); GSC API not connected,No — export row not supplied,docs/seo/gsc-audit/url-classification.csv (carried from stage 1),HISTORICAL_BASELINE,200,n/a — page serves 200,https://ridencare.co.in/bike-service/jayanagar,none (no meta robots — indexable),Yes,20 of 479 pages,Indexable — published for indexing (in sitemap),LIVE_HTTP_VERIFIED; SOURCE_CODE_VERIFIED; HISTORICAL_BASELINE (live state observed 2026-10-09; redirects rechecked 2026-10-10),"Re-verify this claimed category in GSC once the export/API exists; until then treat the category as claimed-not-confirmed. Technical action: No change — technically eligible; actual Google indexing status UNVERIFIED, confirm via GSC URL Inspection (do not assume indexed)",High for live technical facts; GSC category claim historical,Low if GSC claim is stale — acting on an outdated category wastes effort; medium for noindex/P0 rows where deployment sequencing matters,No
/bike-service/jp-nagar,/bike-service/jp-nagar,"'Discovered — currently not indexed' (docs/seo/31 §3b groups, 2026-09-29) | ALSO CLAIMED (UNVERIFIED): UNVERIFIED — owner-supplied cross-check URL; GSC issue row unavailable (export file not found)",UNVERIFIED — no GSC export supplied (see 08-original-export-inventory.csv); GSC API not connected,No — export row not supplied,docs/seo/gsc-audit/url-classification.csv (carried from stage 1),HISTORICAL_BASELINE,200,n/a — page serves 200,https://ridencare.co.in/bike-service/jp-nagar,none (no meta robots — indexable),Yes,18 of 479 pages,Indexable — published for indexing (in sitemap),LIVE_HTTP_VERIFIED; SOURCE_CODE_VERIFIED; HISTORICAL_BASELINE (live state observed 2026-10-09; redirects rechecked 2026-10-10),"Re-verify this claimed category in GSC once the export/API exists; until then treat the category as claimed-not-confirmed. Technical action: No change — technically eligible; actual Google indexing status UNVERIFIED, confirm via GSC URL Inspection (do not assume indexed)",High for live technical facts; GSC category claim historical,Low if GSC claim is stale — acting on an outdated category wastes effort; medium for noindex/P0 rows where deployment sequencing matters,No
/bike-service/koramangala,/bike-service/koramangala,"'Discovered — currently not indexed' (docs/seo/31 §3b groups, 2026-09-29)",UNVERIFIED — no GSC export supplied (see 08-original-export-inventory.csv); GSC API not connected,No — export row not supplied,docs/seo/gsc-audit/url-classification.csv (carried from stage 1),HISTORICAL_BASELINE,200,n/a — page serves 200,https://ridencare.co.in/bike-service/koramangala,none (no meta robots — indexable),Yes,25 of 479 pages,Indexable — published for indexing (in sitemap),LIVE_HTTP_VERIFIED; SOURCE_CODE_VERIFIED; HISTORICAL_BASELINE (live state observed 2026-10-09; redirects rechecked 2026-10-10),"Re-verify this claimed category in GSC once the export/API exists; until then treat the category as claimed-not-confirmed. Technical action: No change — technically eligible; actual Google indexing status UNVERIFIED, confirm via GSC URL Inspection (do not assume indexed)",High for live technical facts; GSC category claim historical,Low if GSC claim is stale — acting on an outdated category wastes effort; medium for noindex/P0 rows where deployment sequencing matters,No
/bike-service/marathahalli,/bike-service/marathahalli,"'Discovered — currently not indexed' (docs/seo/31 §3b groups, 2026-09-29)",UNVERIFIED — no GSC export supplied (see 08-original-export-inventory.csv); GSC API not connected,No — export row not supplied,docs/seo/gsc-audit/url-classification.csv (carried from stage 1),HISTORICAL_BASELINE,200,n/a — page serves 200,https://ridencare.co.in/bike-service/marathahalli,none (no meta robots — indexable),Yes,21 of 479 pages,Indexable — published for indexing (in sitemap),LIVE_HTTP_VERIFIED; SOURCE_CODE_VERIFIED; HISTORICAL_BASELINE (live state observed 2026-10-09; redirects rechecked 2026-10-10),"Re-verify this claimed category in GSC once the export/API exists; until then treat the category as claimed-not-confirmed. Technical action: No change — technically eligible; actual Google indexing status UNVERIFIED, confirm via GSC URL Inspection (do not assume indexed)",High for live technical facts; GSC category claim historical,Low if GSC claim is stale — acting on an outdated category wastes effort; medium for noindex/P0 rows where deployment sequencing matters,No
/bike-service/sarjapur-road,/bike-service/sarjapur-road,"'Discovered — currently not indexed' (docs/seo/31 §3b groups, 2026-09-29)",UNVERIFIED — no GSC export supplied (see 08-original-export-inventory.csv); GSC API not connected,No — export row not supplied,docs/seo/gsc-audit/url-classification.csv (carried from stage 1),HISTORICAL_BASELINE,200,n/a — page serves 200,https://ridencare.co.in/bike-service/sarjapur-road,none (no meta robots — indexable),Yes,17 of 479 pages,Indexable — published for indexing (in sitemap),LIVE_HTTP_VERIFIED; SOURCE_CODE_VERIFIED; HISTORICAL_BASELINE (live state observed 2026-10-09; redirects rechecked 2026-10-10),"Re-verify this claimed category in GSC once the export/API exists; until then treat the category as claimed-not-confirmed. Technical action: No change — technically eligible; actual Google indexing status UNVERIFIED, confirm via GSC URL Inspection (do not assume indexed)",High for live technical facts; GSC category claim historical,Low if GSC claim is stale — acting on an outdated category wastes effort; medium for noindex/P0 rows where deployment sequencing matters,No
/bike-service/whitefield,/bike-service/whitefield,"'Discovered — currently not indexed' (docs/seo/31 §3b groups, 2026-09-29)",UNVERIFIED — no GSC export supplied (see 08-original-export-inventory.csv); GSC API not connected,No — export row not supplied,docs/seo/gsc-audit/url-classification.csv (carried from stage 1),HISTORICAL_BASELINE,200,n/a — page serves 200,https://ridencare.co.in/bike-service/whitefield,none (no meta robots — indexable),Yes,21 of 479 pages,Indexable — published for indexing (in sitemap),LIVE_HTTP_VERIFIED; SOURCE_CODE_VERIFIED; HISTORICAL_BASELINE (live state observed 2026-10-09; redirects rechecked 2026-10-10),"Re-verify this claimed category in GSC once the export/API exists; until then treat the category as claimed-not-confirmed. Technical action: No change — technically eligible; actual Google indexing status UNVERIFIED, confirm via GSC URL Inspection (do not assume indexed)",High for live technical facts; GSC category claim historical,Low if GSC claim is stale — acting on an outdated category wastes effort; medium for noindex/P0 rows where deployment sequencing matters,No
https://ridencare.co.in/bikes/,/bikes,"Page with redirect (trailing slash) | ALSO CLAIMED (HISTORICAL_BASELINE): 'Discovered — currently not indexed' (docs/seo/31 §3b groups, 2026-09-29) | ALSO CLAIMED (INFERRED): 'Page with redirect' (redirect observed live 2026-10-09; GSC row not confirmed — no export)",UNVERIFIED — no GSC export supplied (see 08-original-export-inventory.csv); GSC API not connected,No — export row not supplied,docs/seo/gsc-audit/05-redirects-and-soft404.csv,INFERRED,307,307 → /bikes (1 hop) → https://ridencare.co.in/bikes [rechecked 2026-10-10],https://ridencare.co.in/bikes,n/a — redirect response (no page body),n/a — redirect source URL,n/a — redirect source URL,n/a — redirect source (no page body),LIVE_HTTP_VERIFIED; SOURCE_CODE_VERIFIED; INFERRED (live state observed 2026-10-09; redirects rechecked 2026-10-10),Re-verify this claimed category in GSC once the export/API exists; until then treat the category as claimed-not-confirmed. Technical action: Change trailing-slash normalisation from 307 to 301 in a code-change stage (pending approval); keep the redirect itself,High for live technical facts; GSC category claim inferred,Low if GSC claim is stale — acting on an outdated category wastes effort; medium for noindex/P0 rows where deployment sequencing matters,No
https://ridencare.co.in/blog/,/blog,Page with redirect | ALSO CLAIMED (INFERRED): 'Page with redirect' (redirect observed live 2026-10-09; GSC row not confirmed — no export) | ALSO CLAIMED (INFERRED): Page with redirect (trailing slash),UNVERIFIED — no GSC export supplied (see 08-original-export-inventory.csv); GSC API not connected,No — export row not supplied,docs/seo/gsc-audit/02-url-by-url-audit.csv (owner-supplied cross-check list),OWNER_SUPPLIED,307,"307 → /blog (relative Location, 1 hop) → https://ridencare.co.in/blog [rechecked 2026-10-10]",https://ridencare.co.in/blog,n/a — redirect response (no page body),n/a — redirect source URL,n/a — redirect source URL,n/a — redirect source (no page body),LIVE_HTTP_VERIFIED; SOURCE_CODE_VERIFIED; OWNER_SUPPLIED (live state observed 2026-10-09; redirects rechecked 2026-10-10),Re-verify this claimed category in GSC once the export/API exists; until then treat the category as claimed-not-confirmed. Technical action: Change trailing-slash normalisation from 307 to 301 in a code-change stage (pending approval); keep the redirect itself,High for live technical facts; GSC category claim owner-supplied,Low if GSC claim is stale — acting on an outdated category wastes effort; medium for noindex/P0 rows where deployment sequencing matters,No
/blog/bike-service-checklist-bangalore,/blog/bike-service-checklist-bangalore,"'Discovered — currently not indexed' (docs/seo/31 §3b groups, 2026-09-29)",UNVERIFIED — no GSC export supplied (see 08-original-export-inventory.csv); GSC API not connected,No — export row not supplied,docs/seo/gsc-audit/url-classification.csv (carried from stage 1),HISTORICAL_BASELINE,200,n/a — page serves 200,https://ridencare.co.in/blog/bike-service-checklist-bangalore,none (no meta robots — indexable),Yes,3 of 479 pages,Indexable — published for indexing (in sitemap),LIVE_HTTP_VERIFIED; SOURCE_CODE_VERIFIED; HISTORICAL_BASELINE (live state observed 2026-10-09; redirects rechecked 2026-10-10),"Re-verify this claimed category in GSC once the export/API exists; until then treat the category as claimed-not-confirmed. Technical action: No change — technically eligible; actual Google indexing status UNVERIFIED, confirm via GSC URL Inspection (do not assume indexed)",High for live technical facts; GSC category claim historical,Low if GSC claim is stale — acting on an outdated category wastes effort; medium for noindex/P0 rows where deployment sequencing matters,No
/blog/car-ac-not-cooling-bangalore,/blog/car-ac-not-cooling-bangalore,Discovered — currently not indexed (owner-supplied cross-check) | ALSO CLAIMED (INFERRED): 'Discovered — currently not indexed' (owner-supplied cross-check; also in §3b groups; no export row),UNVERIFIED — no GSC export supplied (see 08-original-export-inventory.csv); GSC API not connected,No — export row not supplied,docs/seo/gsc-audit/02-url-by-url-audit.csv (owner-supplied cross-check list),OWNER_SUPPLIED,200,n/a — page serves 200,https://ridencare.co.in/blog/car-ac-not-cooling-bangalore,none (no meta robots — indexable),Yes,4 of 479 pages,Indexable — published for indexing (in sitemap),LIVE_HTTP_VERIFIED; SOURCE_CODE_VERIFIED; OWNER_SUPPLIED (live state observed 2026-10-09; redirects rechecked 2026-10-10),"Re-verify this claimed category in GSC once the export/API exists; until then treat the category as claimed-not-confirmed. Technical action: No change — technically eligible; actual Google indexing status UNVERIFIED, confirm via GSC URL Inspection (do not assume indexed)",High for live technical facts; GSC category claim owner-supplied,Low if GSC claim is stale — acting on an outdated category wastes effort; medium for noindex/P0 rows where deployment sequencing matters,No
/blog/car-battery-life-bangalore,/blog/car-battery-life-bangalore,"'Discovered — currently not indexed' (docs/seo/31 §3b groups, 2026-09-29)",UNVERIFIED — no GSC export supplied (see 08-original-export-inventory.csv); GSC API not connected,No — export row not supplied,docs/seo/gsc-audit/url-classification.csv (carried from stage 1),HISTORICAL_BASELINE,200,n/a — page serves 200,https://ridencare.co.in/blog/car-battery-life-bangalore,none (no meta robots — indexable),Yes,12 of 479 pages,Indexable — published for indexing (in sitemap),LIVE_HTTP_VERIFIED; SOURCE_CODE_VERIFIED; HISTORICAL_BASELINE (live state observed 2026-10-09; redirects rechecked 2026-10-10),"Re-verify this claimed category in GSC once the export/API exists; until then treat the category as claimed-not-confirmed. Technical action: No change — technically eligible; actual Google indexing status UNVERIFIED, confirm via GSC URL Inspection (do not assume indexed)",High for live technical facts; GSC category claim historical,Low if GSC claim is stale — acting on an outdated category wastes effort; medium for noindex/P0 rows where deployment sequencing matters,No
/blog/car-service-cost-bangalore-2026,/blog/car-service-cost-bangalore-2026,"'Discovered — currently not indexed' (docs/seo/31 §3b groups, 2026-09-29)",UNVERIFIED — no GSC export supplied (see 08-original-export-inventory.csv); GSC API not connected,No — export row not supplied,docs/seo/gsc-audit/url-classification.csv (carried from stage 1),HISTORICAL_BASELINE,200,n/a — page serves 200,https://ridencare.co.in/blog/car-service-cost-bangalore-2026,none (no meta robots — indexable),Yes,3 of 479 pages,Indexable — published for indexing (in sitemap),LIVE_HTTP_VERIFIED; SOURCE_CODE_VERIFIED; HISTORICAL_BASELINE (live state observed 2026-10-09; redirects rechecked 2026-10-10),"Re-verify this claimed category in GSC once the export/API exists; until then treat the category as claimed-not-confirmed. Technical action: No change — technically eligible; actual Google indexing status UNVERIFIED, confirm via GSC URL Inspection (do not assume indexed)",High for live technical facts; GSC category claim historical,Low if GSC claim is stale — acting on an outdated category wastes effort; medium for noindex/P0 rows where deployment sequencing matters,No
/blog/doorstep-vs-garage-service,/blog/doorstep-vs-garage-service,"'Discovered — currently not indexed' (docs/seo/31 §3b groups, 2026-09-29)",UNVERIFIED — no GSC export supplied (see 08-original-export-inventory.csv); GSC API not connected,No — export row not supplied,docs/seo/gsc-audit/url-classification.csv (carried from stage 1),HISTORICAL_BASELINE,200,n/a — page serves 200,https://ridencare.co.in/blog/doorstep-vs-garage-service,none (no meta robots — indexable),Yes,3 of 479 pages,Indexable — published for indexing (in sitemap),LIVE_HTTP_VERIFIED; SOURCE_CODE_VERIFIED; HISTORICAL_BASELINE (live state observed 2026-10-09; redirects rechecked 2026-10-10),"Re-verify this claimed category in GSC once the export/API exists; until then treat the category as claimed-not-confirmed. Technical action: No change — technically eligible; actual Google indexing status UNVERIFIED, confirm via GSC URL Inspection (do not assume indexed)",High for live technical facts; GSC category claim historical,Low if GSC claim is stale — acting on an outdated category wastes effort; medium for noindex/P0 rows where deployment sequencing matters,No
/blog/engine-oil-guide-bangalore,/blog/engine-oil-guide-bangalore,"'Discovered — currently not indexed' (docs/seo/31 §3b groups, 2026-09-29)",UNVERIFIED — no GSC export supplied (see 08-original-export-inventory.csv); GSC API not connected,No — export row not supplied,docs/seo/gsc-audit/url-classification.csv (carried from stage 1),HISTORICAL_BASELINE,200,n/a — page serves 200,https://ridencare.co.in/blog/engine-oil-guide-bangalore,none (no meta robots — indexable),Yes,3 of 479 pages,Indexable — published for indexing (in sitemap),LIVE_HTTP_VERIFIED; SOURCE_CODE_VERIFIED; HISTORICAL_BASELINE (live state observed 2026-10-09; redirects rechecked 2026-10-10),"Re-verify this claimed category in GSC once the export/API exists; until then treat the category as claimed-not-confirmed. Technical action: No change — technically eligible; actual Google indexing status UNVERIFIED, confirm via GSC URL Inspection (do not assume indexed)",High for live technical facts; GSC category claim historical,Low if GSC claim is stale — acting on an outdated category wastes effort; medium for noindex/P0 rows where deployment sequencing matters,No
/blog/monsoon-bike-care-bangalore,/blog/monsoon-bike-care-bangalore,"'Discovered — currently not indexed' (docs/seo/31 §3b groups, 2026-09-29) | ALSO CLAIMED (UNVERIFIED): UNVERIFIED — owner-supplied cross-check URL; GSC issue row unavailable (export file not found)",UNVERIFIED — no GSC export supplied (see 08-original-export-inventory.csv); GSC API not connected,No — export row not supplied,docs/seo/gsc-audit/url-classification.csv (carried from stage 1),HISTORICAL_BASELINE,200,n/a — page serves 200,https://ridencare.co.in/blog/monsoon-bike-care-bangalore,none (no meta robots — indexable),Yes,12 of 479 pages,Indexable — published for indexing (in sitemap),LIVE_HTTP_VERIFIED; SOURCE_CODE_VERIFIED; HISTORICAL_BASELINE (live state observed 2026-10-09; redirects rechecked 2026-10-10),"Re-verify this claimed category in GSC once the export/API exists; until then treat the category as claimed-not-confirmed. Technical action: No change — technically eligible; actual Google indexing status UNVERIFIED, confirm via GSC URL Inspection (do not assume indexed)",High for live technical facts; GSC category claim historical,Low if GSC claim is stale — acting on an outdated category wastes effort; medium for noindex/P0 rows where deployment sequencing matters,No
/blog/top-bangalore-areas-doorstep-service,/blog/top-bangalore-areas-doorstep-service,"'Discovered — currently not indexed' (docs/seo/31 §3b groups, 2026-09-29)",UNVERIFIED — no GSC export supplied (see 08-original-export-inventory.csv); GSC API not connected,No — export row not supplied,docs/seo/gsc-audit/url-classification.csv (carried from stage 1),HISTORICAL_BASELINE,200,n/a — page serves 200,https://ridencare.co.in/blog/top-bangalore-areas-doorstep-service,none (no meta robots — indexable),Yes,6 of 479 pages,Indexable — published for indexing (in sitemap),LIVE_HTTP_VERIFIED; SOURCE_CODE_VERIFIED; HISTORICAL_BASELINE (live state observed 2026-10-09; redirects rechecked 2026-10-10),"Re-verify this claimed category in GSC once the export/API exists; until then treat the category as claimed-not-confirmed. Technical action: No change — technically eligible; actual Google indexing status UNVERIFIED, confirm via GSC URL Inspection (do not assume indexed)",High for live technical facts; GSC category claim historical,Low if GSC claim is stale — acting on an outdated category wastes effort; medium for noindex/P0 rows where deployment sequencing matters,No
/car-ac-service,/car-ac-service,"'Discovered — currently not indexed' (docs/seo/31 §3b groups, 2026-09-29)",UNVERIFIED — no GSC export supplied (see 08-original-export-inventory.csv); GSC API not connected,No — export row not supplied,docs/seo/gsc-audit/url-classification.csv (carried from stage 1),HISTORICAL_BASELINE,200,n/a — page serves 200,https://ridencare.co.in/car-ac-service,none (no meta robots — indexable),Yes,479 of 479 pages,Indexable — published for indexing (in sitemap),LIVE_HTTP_VERIFIED; SOURCE_CODE_VERIFIED; HISTORICAL_BASELINE (live state observed 2026-10-09; redirects rechecked 2026-10-10),"Re-verify this claimed category in GSC once the export/API exists; until then treat the category as claimed-not-confirmed. Technical action: No change — technically eligible; actual Google indexing status UNVERIFIED, confirm via GSC URL Inspection (do not assume indexed)",High for live technical facts; GSC category claim historical,Low if GSC claim is stale — acting on an outdated category wastes effort; medium for noindex/P0 rows where deployment sequencing matters,No
/car-ac-service/bellandur,/car-ac-service/bellandur,"'Discovered — currently not indexed' (docs/seo/31 §3b groups, 2026-09-29)",UNVERIFIED — no GSC export supplied (see 08-original-export-inventory.csv); GSC API not connected,No — export row not supplied,docs/seo/gsc-audit/url-classification.csv (carried from stage 1),HISTORICAL_BASELINE,200,n/a — page serves 200,https://ridencare.co.in/car-ac-service/bellandur,none (no meta robots — indexable),Yes,17 of 479 pages,Indexable — published for indexing (in sitemap),LIVE_HTTP_VERIFIED; SOURCE_CODE_VERIFIED; HISTORICAL_BASELINE (live state observed 2026-10-09; redirects rechecked 2026-10-10),"Re-verify this claimed category in GSC once the export/API exists; until then treat the category as claimed-not-confirmed. Technical action: No change — technically eligible; actual Google indexing status UNVERIFIED, confirm via GSC URL Inspection (do not assume indexed)",High for live technical facts; GSC category claim historical,Low if GSC claim is stale — acting on an outdated category wastes effort; medium for noindex/P0 rows where deployment sequencing matters,No
/car-ac-service/btm-layout,/car-ac-service/btm-layout,"'Discovered — currently not indexed' (docs/seo/31 §3b groups, 2026-09-29)",UNVERIFIED — no GSC export supplied (see 08-original-export-inventory.csv); GSC API not connected,No — export row not supplied,docs/seo/gsc-audit/url-classification.csv (carried from stage 1),HISTORICAL_BASELINE,200,n/a — page serves 200,https://ridencare.co.in/car-ac-service/btm-layout,none (no meta robots — indexable),Yes,18 of 479 pages,Indexable — published for indexing (in sitemap),LIVE_HTTP_VERIFIED; SOURCE_CODE_VERIFIED; HISTORICAL_BASELINE (live state observed 2026-10-09; redirects rechecked 2026-10-10),"Re-verify this claimed category in GSC once the export/API exists; until then treat the category as claimed-not-confirmed. Technical action: No change — technically eligible; actual Google indexing status UNVERIFIED, confirm via GSC URL Inspection (do not assume indexed)",High for live technical facts; GSC category claim historical,Low if GSC claim is stale — acting on an outdated category wastes effort; medium for noindex/P0 rows where deployment sequencing matters,No
/car-ac-service/electronic-city,/car-ac-service/electronic-city,"'Discovered — currently not indexed' (docs/seo/31 §3b groups, 2026-09-29)",UNVERIFIED — no GSC export supplied (see 08-original-export-inventory.csv); GSC API not connected,No — export row not supplied,docs/seo/gsc-audit/url-classification.csv (carried from stage 1),HISTORICAL_BASELINE,200,n/a — page serves 200,https://ridencare.co.in/car-ac-service/electronic-city,none (no meta robots — indexable),Yes,17 of 479 pages,Indexable — published for indexing (in sitemap),LIVE_HTTP_VERIFIED; SOURCE_CODE_VERIFIED; HISTORICAL_BASELINE (live state observed 2026-10-09; redirects rechecked 2026-10-10),"Re-verify this claimed category in GSC once the export/API exists; until then treat the category as claimed-not-confirmed. Technical action: No change — technically eligible; actual Google indexing status UNVERIFIED, confirm via GSC URL Inspection (do not assume indexed)",High for live technical facts; GSC category claim historical,Low if GSC claim is stale — acting on an outdated category wastes effort; medium for noindex/P0 rows where deployment sequencing matters,No
/car-ac-service/indiranagar,/car-ac-service/indiranagar,"'Discovered — currently not indexed' (docs/seo/31 §3b groups, 2026-09-29)",UNVERIFIED — no GSC export supplied (see 08-original-export-inventory.csv); GSC API not connected,No — export row not supplied,docs/seo/gsc-audit/url-classification.csv (carried from stage 1),HISTORICAL_BASELINE,200,n/a — page serves 200,https://ridencare.co.in/car-ac-service/indiranagar,none (no meta robots — indexable),Yes,17 of 479 pages,Indexable — published for indexing (in sitemap),LIVE_HTTP_VERIFIED; SOURCE_CODE_VERIFIED; HISTORICAL_BASELINE (live state observed 2026-10-09; redirects rechecked 2026-10-10),"Re-verify this claimed category in GSC once the export/API exists; until then treat the category as claimed-not-confirmed. Technical action: No change — technically eligible; actual Google indexing status UNVERIFIED, confirm via GSC URL Inspection (do not assume indexed)",High for live technical facts; GSC category claim historical,Low if GSC claim is stale — acting on an outdated category wastes effort; medium for noindex/P0 rows where deployment sequencing matters,No
/car-ac-service/jayanagar,/car-ac-service/jayanagar,"'Discovered — currently not indexed' (docs/seo/31 §3b groups, 2026-09-29)",UNVERIFIED — no GSC export supplied (see 08-original-export-inventory.csv); GSC API not connected,No — export row not supplied,docs/seo/gsc-audit/url-classification.csv (carried from stage 1),HISTORICAL_BASELINE,200,n/a — page serves 200,https://ridencare.co.in/car-ac-service/jayanagar,none (no meta robots — indexable),Yes,14 of 479 pages,Indexable — published for indexing (in sitemap),LIVE_HTTP_VERIFIED; SOURCE_CODE_VERIFIED; HISTORICAL_BASELINE (live state observed 2026-10-09; redirects rechecked 2026-10-10),"Re-verify this claimed category in GSC once the export/API exists; until then treat the category as claimed-not-confirmed. Technical action: No change — technically eligible; actual Google indexing status UNVERIFIED, confirm via GSC URL Inspection (do not assume indexed)",High for live technical facts; GSC category claim historical,Low if GSC claim is stale — acting on an outdated category wastes effort; medium for noindex/P0 rows where deployment sequencing matters,No
/car-ac-service/koramangala,/car-ac-service/koramangala,"'Discovered — currently not indexed' (docs/seo/31 §3b groups, 2026-09-29)",UNVERIFIED — no GSC export supplied (see 08-original-export-inventory.csv); GSC API not connected,No — export row not supplied,docs/seo/gsc-audit/url-classification.csv (carried from stage 1),HISTORICAL_BASELINE,200,n/a — page serves 200,https://ridencare.co.in/car-ac-service/koramangala,none (no meta robots — indexable),Yes,17 of 479 pages,Indexable — published for indexing (in sitemap),LIVE_HTTP_VERIFIED; SOURCE_CODE_VERIFIED; HISTORICAL_BASELINE (live state observed 2026-10-09; redirects rechecked 2026-10-10),"Re-verify this claimed category in GSC once the export/API exists; until then treat the category as claimed-not-confirmed. Technical action: No change — technically eligible; actual Google indexing status UNVERIFIED, confirm via GSC URL Inspection (do not assume indexed)",High for live technical facts; GSC category claim historical,Low if GSC claim is stale — acting on an outdated category wastes effort; medium for noindex/P0 rows where deployment sequencing matters,No
/car-battery-service,/car-battery-service,"'Discovered — currently not indexed' (docs/seo/31 §3b groups, 2026-09-29)",UNVERIFIED — no GSC export supplied (see 08-original-export-inventory.csv); GSC API not connected,No — export row not supplied,docs/seo/gsc-audit/url-classification.csv (carried from stage 1),HISTORICAL_BASELINE,200,n/a — page serves 200,https://ridencare.co.in/car-battery-service,none (no meta robots — indexable),Yes,479 of 479 pages,Indexable — published for indexing (in sitemap),LIVE_HTTP_VERIFIED; SOURCE_CODE_VERIFIED; HISTORICAL_BASELINE (live state observed 2026-10-09; redirects rechecked 2026-10-10),"Re-verify this claimed category in GSC once the export/API exists; until then treat the category as claimed-not-confirmed. Technical action: No change — technically eligible; actual Google indexing status UNVERIFIED, confirm via GSC URL Inspection (do not assume indexed)",High for live technical facts; GSC category claim historical,Low if GSC claim is stale — acting on an outdated category wastes effort; medium for noindex/P0 rows where deployment sequencing matters,No
/car-battery-service/bellandur,/car-battery-service/bellandur,"'Discovered — currently not indexed' (docs/seo/31 §3b groups, 2026-09-29)",UNVERIFIED — no GSC export supplied (see 08-original-export-inventory.csv); GSC API not connected,No — export row not supplied,docs/seo/gsc-audit/url-classification.csv (carried from stage 1),HISTORICAL_BASELINE,200,n/a — page serves 200,https://ridencare.co.in/car-battery-service/bellandur,none (no meta robots — indexable),Yes,17 of 479 pages,Indexable — published for indexing (in sitemap),LIVE_HTTP_VERIFIED; SOURCE_CODE_VERIFIED; HISTORICAL_BASELINE (live state observed 2026-10-09; redirects rechecked 2026-10-10),"Re-verify this claimed category in GSC once the export/API exists; until then treat the category as claimed-not-confirmed. Technical action: No change — technically eligible; actual Google indexing status UNVERIFIED, confirm via GSC URL Inspection (do not assume indexed)",High for live technical facts; GSC category claim historical,Low if GSC claim is stale — acting on an outdated category wastes effort; medium for noindex/P0 rows where deployment sequencing matters,No
/car-battery-service/btm-layout,/car-battery-service/btm-layout,"'Discovered — currently not indexed' (docs/seo/31 §3b groups, 2026-09-29)",UNVERIFIED — no GSC export supplied (see 08-original-export-inventory.csv); GSC API not connected,No — export row not supplied,docs/seo/gsc-audit/url-classification.csv (carried from stage 1),HISTORICAL_BASELINE,200,n/a — page serves 200,https://ridencare.co.in/car-battery-service/btm-layout,none (no meta robots — indexable),Yes,18 of 479 pages,Indexable — published for indexing (in sitemap),LIVE_HTTP_VERIFIED; SOURCE_CODE_VERIFIED; HISTORICAL_BASELINE (live state observed 2026-10-09; redirects rechecked 2026-10-10),"Re-verify this claimed category in GSC once the export/API exists; until then treat the category as claimed-not-confirmed. Technical action: No change — technically eligible; actual Google indexing status UNVERIFIED, confirm via GSC URL Inspection (do not assume indexed)",High for live technical facts; GSC category claim historical,Low if GSC claim is stale — acting on an outdated category wastes effort; medium for noindex/P0 rows where deployment sequencing matters,No
/car-battery-service/electronic-city,/car-battery-service/electronic-city,"'Discovered — currently not indexed' (docs/seo/31 §3b groups, 2026-09-29)",UNVERIFIED — no GSC export supplied (see 08-original-export-inventory.csv); GSC API not connected,No — export row not supplied,docs/seo/gsc-audit/url-classification.csv (carried from stage 1),HISTORICAL_BASELINE,200,n/a — page serves 200,https://ridencare.co.in/car-battery-service/electronic-city,none (no meta robots — indexable),Yes,17 of 479 pages,Indexable — published for indexing (in sitemap),LIVE_HTTP_VERIFIED; SOURCE_CODE_VERIFIED; HISTORICAL_BASELINE (live state observed 2026-10-09; redirects rechecked 2026-10-10),"Re-verify this claimed category in GSC once the export/API exists; until then treat the category as claimed-not-confirmed. Technical action: No change — technically eligible; actual Google indexing status UNVERIFIED, confirm via GSC URL Inspection (do not assume indexed)",High for live technical facts; GSC category claim historical,Low if GSC claim is stale — acting on an outdated category wastes effort; medium for noindex/P0 rows where deployment sequencing matters,No
/car-battery-service/indiranagar,/car-battery-service/indiranagar,"'Discovered — currently not indexed' (docs/seo/31 §3b groups, 2026-09-29)",UNVERIFIED — no GSC export supplied (see 08-original-export-inventory.csv); GSC API not connected,No — export row not supplied,docs/seo/gsc-audit/url-classification.csv (carried from stage 1),HISTORICAL_BASELINE,200,n/a — page serves 200,https://ridencare.co.in/car-battery-service/indiranagar,none (no meta robots — indexable),Yes,17 of 479 pages,Indexable — published for indexing (in sitemap),LIVE_HTTP_VERIFIED; SOURCE_CODE_VERIFIED; HISTORICAL_BASELINE (live state observed 2026-10-09; redirects rechecked 2026-10-10),"Re-verify this claimed category in GSC once the export/API exists; until then treat the category as claimed-not-confirmed. Technical action: No change — technically eligible; actual Google indexing status UNVERIFIED, confirm via GSC URL Inspection (do not assume indexed)",High for live technical facts; GSC category claim historical,Low if GSC claim is stale — acting on an outdated category wastes effort; medium for noindex/P0 rows where deployment sequencing matters,No
/car-battery-service/jp-nagar,/car-battery-service/jp-nagar,"'Discovered — currently not indexed' (docs/seo/31 §3b groups, 2026-09-29)",UNVERIFIED — no GSC export supplied (see 08-original-export-inventory.csv); GSC API not connected,No — export row not supplied,docs/seo/gsc-audit/url-classification.csv (carried from stage 1),HISTORICAL_BASELINE,200,n/a — page serves 200,https://ridencare.co.in/car-battery-service/jp-nagar,none (no meta robots — indexable),Yes,15 of 479 pages,Indexable — published for indexing (in sitemap),LIVE_HTTP_VERIFIED; SOURCE_CODE_VERIFIED; HISTORICAL_BASELINE (live state observed 2026-10-09; redirects rechecked 2026-10-10),"Re-verify this claimed category in GSC once the export/API exists; until then treat the category as claimed-not-confirmed. Technical action: No change — technically eligible; actual Google indexing status UNVERIFIED, confirm via GSC URL Inspection (do not assume indexed)",High for live technical facts; GSC category claim historical,Low if GSC claim is stale — acting on an outdated category wastes effort; medium for noindex/P0 rows where deployment sequencing matters,No
/car-battery-service/koramangala,/car-battery-service/koramangala,"'Discovered — currently not indexed' (docs/seo/31 §3b groups, 2026-09-29)",UNVERIFIED — no GSC export supplied (see 08-original-export-inventory.csv); GSC API not connected,No — export row not supplied,docs/seo/gsc-audit/url-classification.csv (carried from stage 1),HISTORICAL_BASELINE,200,n/a — page serves 200,https://ridencare.co.in/car-battery-service/koramangala,none (no meta robots — indexable),Yes,17 of 479 pages,Indexable — published for indexing (in sitemap),LIVE_HTTP_VERIFIED; SOURCE_CODE_VERIFIED; HISTORICAL_BASELINE (live state observed 2026-10-09; redirects rechecked 2026-10-10),"Re-verify this claimed category in GSC once the export/API exists; until then treat the category as claimed-not-confirmed. Technical action: No change — technically eligible; actual Google indexing status UNVERIFIED, confirm via GSC URL Inspection (do not assume indexed)",High for live technical facts; GSC category claim historical,Low if GSC claim is stale — acting on an outdated category wastes effort; medium for noindex/P0 rows where deployment sequencing matters,No
/car-brake-service,/car-brake-service,"'Discovered — currently not indexed' (docs/seo/31 §3b groups, 2026-09-29)",UNVERIFIED — no GSC export supplied (see 08-original-export-inventory.csv); GSC API not connected,No — export row not supplied,docs/seo/gsc-audit/url-classification.csv (carried from stage 1),HISTORICAL_BASELINE,200,n/a — page serves 200,https://ridencare.co.in/car-brake-service,none (no meta robots — indexable),Yes,479 of 479 pages,Indexable — published for indexing (in sitemap),LIVE_HTTP_VERIFIED; SOURCE_CODE_VERIFIED; HISTORICAL_BASELINE (live state observed 2026-10-09; redirects rechecked 2026-10-10),"Re-verify this claimed category in GSC once the export/API exists; until then treat the category as claimed-not-confirmed. Technical action: No change — technically eligible; actual Google indexing status UNVERIFIED, confirm via GSC URL Inspection (do not assume indexed)",High for live technical facts; GSC category claim historical,Low if GSC claim is stale — acting on an outdated category wastes effort; medium for noindex/P0 rows where deployment sequencing matters,No
/car-brake-service/bellandur,/car-brake-service/bellandur,"'Discovered — currently not indexed' (docs/seo/31 §3b groups, 2026-09-29)",UNVERIFIED — no GSC export supplied (see 08-original-export-inventory.csv); GSC API not connected,No — export row not supplied,docs/seo/gsc-audit/url-classification.csv (carried from stage 1),HISTORICAL_BASELINE,200,n/a — page serves 200,https://ridencare.co.in/car-brake-service/bellandur,none (no meta robots — indexable),Yes,17 of 479 pages,Indexable — published for indexing (in sitemap),LIVE_HTTP_VERIFIED; SOURCE_CODE_VERIFIED; HISTORICAL_BASELINE (live state observed 2026-10-09; redirects rechecked 2026-10-10),"Re-verify this claimed category in GSC once the export/API exists; until then treat the category as claimed-not-confirmed. Technical action: No change — technically eligible; actual Google indexing status UNVERIFIED, confirm via GSC URL Inspection (do not assume indexed)",High for live technical facts; GSC category claim historical,Low if GSC claim is stale — acting on an outdated category wastes effort; medium for noindex/P0 rows where deployment sequencing matters,No
/car-brake-service/btm-layout,/car-brake-service/btm-layout,"'Discovered — currently not indexed' (docs/seo/31 §3b groups, 2026-09-29)",UNVERIFIED — no GSC export supplied (see 08-original-export-inventory.csv); GSC API not connected,No — export row not supplied,docs/seo/gsc-audit/url-classification.csv (carried from stage 1),HISTORICAL_BASELINE,200,n/a — page serves 200,https://ridencare.co.in/car-brake-service/btm-layout,none (no meta robots — indexable),Yes,18 of 479 pages,Indexable — published for indexing (in sitemap),LIVE_HTTP_VERIFIED; SOURCE_CODE_VERIFIED; HISTORICAL_BASELINE (live state observed 2026-10-09; redirects rechecked 2026-10-10),"Re-verify this claimed category in GSC once the export/API exists; until then treat the category as claimed-not-confirmed. Technical action: No change — technically eligible; actual Google indexing status UNVERIFIED, confirm via GSC URL Inspection (do not assume indexed)",High for live technical facts; GSC category claim historical,Low if GSC claim is stale — acting on an outdated category wastes effort; medium for noindex/P0 rows where deployment sequencing matters,No
/car-brake-service/electronic-city,/car-brake-service/electronic-city,"'Discovered — currently not indexed' (docs/seo/31 §3b groups, 2026-09-29)",UNVERIFIED — no GSC export supplied (see 08-original-export-inventory.csv); GSC API not connected,No — export row not supplied,docs/seo/gsc-audit/url-classification.csv (carried from stage 1),HISTORICAL_BASELINE,200,n/a — page serves 200,https://ridencare.co.in/car-brake-service/electronic-city,none (no meta robots — indexable),Yes,17 of 479 pages,Indexable — published for indexing (in sitemap),LIVE_HTTP_VERIFIED; SOURCE_CODE_VERIFIED; HISTORICAL_BASELINE (live state observed 2026-10-09; redirects rechecked 2026-10-10),"Re-verify this claimed category in GSC once the export/API exists; until then treat the category as claimed-not-confirmed. Technical action: No change — technically eligible; actual Google indexing status UNVERIFIED, confirm via GSC URL Inspection (do not assume indexed)",High for live technical facts; GSC category claim historical,Low if GSC claim is stale — acting on an outdated category wastes effort; medium for noindex/P0 rows where deployment sequencing matters,No
/car-brake-service/indiranagar,/car-brake-service/indiranagar,"'Discovered — currently not indexed' (docs/seo/31 §3b groups, 2026-09-29)",UNVERIFIED — no GSC export supplied (see 08-original-export-inventory.csv); GSC API not connected,No — export row not supplied,docs/seo/gsc-audit/url-classification.csv (carried from stage 1),HISTORICAL_BASELINE,200,n/a — page serves 200,https://ridencare.co.in/car-brake-service/indiranagar,none (no meta robots — indexable),Yes,17 of 479 pages,Indexable — published for indexing (in sitemap),LIVE_HTTP_VERIFIED; SOURCE_CODE_VERIFIED; HISTORICAL_BASELINE (live state observed 2026-10-09; redirects rechecked 2026-10-10),"Re-verify this claimed category in GSC once the export/API exists; until then treat the category as claimed-not-confirmed. Technical action: No change — technically eligible; actual Google indexing status UNVERIFIED, confirm via GSC URL Inspection (do not assume indexed)",High for live technical facts; GSC category claim historical,Low if GSC claim is stale — acting on an outdated category wastes effort; medium for noindex/P0 rows where deployment sequencing matters,No
/car-brake-service/koramangala,/car-brake-service/koramangala,"'Discovered — currently not indexed' (docs/seo/31 §3b groups, 2026-09-29)",UNVERIFIED — no GSC export supplied (see 08-original-export-inventory.csv); GSC API not connected,No — export row not supplied,docs/seo/gsc-audit/url-classification.csv (carried from stage 1),HISTORICAL_BASELINE,200,n/a — page serves 200,https://ridencare.co.in/car-brake-service/koramangala,none (no meta robots — indexable),Yes,17 of 479 pages,Indexable — published for indexing (in sitemap),LIVE_HTTP_VERIFIED; SOURCE_CODE_VERIFIED; HISTORICAL_BASELINE (live state observed 2026-10-09; redirects rechecked 2026-10-10),"Re-verify this claimed category in GSC once the export/API exists; until then treat the category as claimed-not-confirmed. Technical action: No change — technically eligible; actual Google indexing status UNVERIFIED, confirm via GSC URL Inspection (do not assume indexed)",High for live technical facts; GSC category claim historical,Low if GSC claim is stale — acting on an outdated category wastes effort; medium for noindex/P0 rows where deployment sequencing matters,No
/car-brake-service/marathahalli,/car-brake-service/marathahalli,"'Discovered — currently not indexed' (docs/seo/31 §3b groups, 2026-09-29)",UNVERIFIED — no GSC export supplied (see 08-original-export-inventory.csv); GSC API not connected,No — export row not supplied,docs/seo/gsc-audit/url-classification.csv (carried from stage 1),HISTORICAL_BASELINE,200,n/a — page serves 200,https://ridencare.co.in/car-brake-service/marathahalli,none (no meta robots — indexable),Yes,14 of 479 pages,Indexable — published for indexing (in sitemap),LIVE_HTTP_VERIFIED; SOURCE_CODE_VERIFIED; HISTORICAL_BASELINE (live state observed 2026-10-09; redirects rechecked 2026-10-10),"Re-verify this claimed category in GSC once the export/API exists; until then treat the category as claimed-not-confirmed. Technical action: No change — technically eligible; actual Google indexing status UNVERIFIED, confirm via GSC URL Inspection (do not assume indexed)",High for live technical facts; GSC category claim historical,Low if GSC claim is stale — acting on an outdated category wastes effort; medium for noindex/P0 rows where deployment sequencing matters,No
/car-breakdown-assistance,/car-breakdown-assistance,"'Discovered — currently not indexed' (docs/seo/31 §3b groups, 2026-09-29)",UNVERIFIED — no GSC export supplied (see 08-original-export-inventory.csv); GSC API not connected,No — export row not supplied,docs/seo/gsc-audit/url-classification.csv (carried from stage 1),HISTORICAL_BASELINE,200,n/a — page serves 200,https://ridencare.co.in/car-breakdown-assistance,none (no meta robots — indexable),Yes,2 of 479 pages,Indexable — published for indexing (in sitemap),LIVE_HTTP_VERIFIED; SOURCE_CODE_VERIFIED; HISTORICAL_BASELINE (live state observed 2026-10-09; redirects rechecked 2026-10-10),"Re-verify this claimed category in GSC once the export/API exists; until then treat the category as claimed-not-confirmed. Technical action: No change — technically eligible; actual Google indexing status UNVERIFIED, confirm via GSC URL Inspection (do not assume indexed)",High for live technical facts; GSC category claim historical,Low if GSC claim is stale — acting on an outdated category wastes effort; medium for noindex/P0 rows where deployment sequencing matters,No
/car-electrical-repair,/car-electrical-repair,"'Discovered — currently not indexed' (docs/seo/31 §3b groups, 2026-09-29)",UNVERIFIED — no GSC export supplied (see 08-original-export-inventory.csv); GSC API not connected,No — export row not supplied,docs/seo/gsc-audit/url-classification.csv (carried from stage 1),HISTORICAL_BASELINE,200,n/a — page serves 200,https://ridencare.co.in/car-electrical-repair,none (no meta robots — indexable),Yes,479 of 479 pages,Indexable — published for indexing (in sitemap),LIVE_HTTP_VERIFIED; SOURCE_CODE_VERIFIED; HISTORICAL_BASELINE (live state observed 2026-10-09; redirects rechecked 2026-10-10),"Re-verify this claimed category in GSC once the export/API exists; until then treat the category as claimed-not-confirmed. Technical action: No change — technically eligible; actual Google indexing status UNVERIFIED, confirm via GSC URL Inspection (do not assume indexed)",High for live technical facts; GSC category claim historical,Low if GSC claim is stale — acting on an outdated category wastes effort; medium for noindex/P0 rows where deployment sequencing matters,No
/car-inspection,/car-inspection,"'Discovered — currently not indexed' (docs/seo/31 §3b groups, 2026-09-29)",UNVERIFIED — no GSC export supplied (see 08-original-export-inventory.csv); GSC API not connected,No — export row not supplied,docs/seo/gsc-audit/url-classification.csv (carried from stage 1),HISTORICAL_BASELINE,200,n/a — page serves 200,https://ridencare.co.in/car-inspection,none (no meta robots — indexable),Yes,479 of 479 pages,Indexable — published for indexing (in sitemap),LIVE_HTTP_VERIFIED; SOURCE_CODE_VERIFIED; HISTORICAL_BASELINE (live state observed 2026-10-09; redirects rechecked 2026-10-10),"Re-verify this claimed category in GSC once the export/API exists; until then treat the category as claimed-not-confirmed. Technical action: No change — technically eligible; actual Google indexing status UNVERIFIED, confirm via GSC URL Inspection (do not assume indexed)",High for live technical facts; GSC category claim historical,Low if GSC claim is stale — acting on an outdated category wastes effort; medium for noindex/P0 rows where deployment sequencing matters,No
/car-jump-start,/car-jump-start,"'Discovered — currently not indexed' (docs/seo/31 §3b groups, 2026-09-29)",UNVERIFIED — no GSC export supplied (see 08-original-export-inventory.csv); GSC API not connected,No — export row not supplied,docs/seo/gsc-audit/url-classification.csv (carried from stage 1),HISTORICAL_BASELINE,200,n/a — page serves 200,https://ridencare.co.in/car-jump-start,none (no meta robots — indexable),Yes,479 of 479 pages,Indexable — published for indexing (in sitemap),LIVE_HTTP_VERIFIED; SOURCE_CODE_VERIFIED; HISTORICAL_BASELINE (live state observed 2026-10-09; redirects rechecked 2026-10-10),"Re-verify this claimed category in GSC once the export/API exists; until then treat the category as claimed-not-confirmed. Technical action: No change — technically eligible; actual Google indexing status UNVERIFIED, confirm via GSC URL Inspection (do not assume indexed)",High for live technical facts; GSC category claim historical,Low if GSC claim is stale — acting on an outdated category wastes effort; medium for noindex/P0 rows where deployment sequencing matters,No
/car-oil-change,/car-oil-change,"'Discovered — currently not indexed' (docs/seo/31 §3b groups, 2026-09-29)",UNVERIFIED — no GSC export supplied (see 08-original-export-inventory.csv); GSC API not connected,No — export row not supplied,docs/seo/gsc-audit/url-classification.csv (carried from stage 1),HISTORICAL_BASELINE,200,n/a — page serves 200,https://ridencare.co.in/car-oil-change,none (no meta robots — indexable),Yes,479 of 479 pages,Indexable — published for indexing (in sitemap),LIVE_HTTP_VERIFIED; SOURCE_CODE_VERIFIED; HISTORICAL_BASELINE (live state observed 2026-10-09; redirects rechecked 2026-10-10),"Re-verify this claimed category in GSC once the export/API exists; until then treat the category as claimed-not-confirmed. Technical action: No change — technically eligible; actual Google indexing status UNVERIFIED, confirm via GSC URL Inspection (do not assume indexed)",High for live technical facts; GSC category claim historical,Low if GSC claim is stale — acting on an outdated category wastes effort; medium for noindex/P0 rows where deployment sequencing matters,No
/car-periodic-service,/car-periodic-service,"'Discovered — currently not indexed' (docs/seo/31 §3b groups, 2026-09-29)",UNVERIFIED — no GSC export supplied (see 08-original-export-inventory.csv); GSC API not connected,No — export row not supplied,docs/seo/gsc-audit/url-classification.csv (carried from stage 1),HISTORICAL_BASELINE,200,n/a — page serves 200,https://ridencare.co.in/car-periodic-service,none (no meta robots — indexable),Yes,479 of 479 pages,Indexable — published for indexing (in sitemap),LIVE_HTTP_VERIFIED; SOURCE_CODE_VERIFIED; HISTORICAL_BASELINE (live state observed 2026-10-09; redirects rechecked 2026-10-10),"Re-verify this claimed category in GSC once the export/API exists; until then treat the category as claimed-not-confirmed. Technical action: No change — technically eligible; actual Google indexing status UNVERIFIED, confirm via GSC URL Inspection (do not assume indexed)",High for live technical facts; GSC category claim historical,Low if GSC claim is stale — acting on an outdated category wastes effort; medium for noindex/P0 rows where deployment sequencing matters,No
/car-periodic-service/bellandur,/car-periodic-service/bellandur,"'Discovered — currently not indexed' (docs/seo/31 §3b groups, 2026-09-29)",UNVERIFIED — no GSC export supplied (see 08-original-export-inventory.csv); GSC API not connected,No — export row not supplied,docs/seo/gsc-audit/url-classification.csv (carried from stage 1),HISTORICAL_BASELINE,200,n/a — page serves 200,https://ridencare.co.in/car-periodic-service/bellandur,none (no meta robots — indexable),Yes,17 of 479 pages,Indexable — published for indexing (in sitemap),LIVE_HTTP_VERIFIED; SOURCE_CODE_VERIFIED; HISTORICAL_BASELINE (live state observed 2026-10-09; redirects rechecked 2026-10-10),"Re-verify this claimed category in GSC once the export/API exists; until then treat the category as claimed-not-confirmed. Technical action: No change — technically eligible; actual Google indexing status UNVERIFIED, confirm via GSC URL Inspection (do not assume indexed)",High for live technical facts; GSC category claim historical,Low if GSC claim is stale — acting on an outdated category wastes effort; medium for noindex/P0 rows where deployment sequencing matters,No
/car-periodic-service/btm-layout,/car-periodic-service/btm-layout,"'Discovered — currently not indexed' (docs/seo/31 §3b groups, 2026-09-29)",UNVERIFIED — no GSC export supplied (see 08-original-export-inventory.csv); GSC API not connected,No — export row not supplied,docs/seo/gsc-audit/url-classification.csv (carried from stage 1),HISTORICAL_BASELINE,200,n/a — page serves 200,https://ridencare.co.in/car-periodic-service/btm-layout,none (no meta robots — indexable),Yes,18 of 479 pages,Indexable — published for indexing (in sitemap),LIVE_HTTP_VERIFIED; SOURCE_CODE_VERIFIED; HISTORICAL_BASELINE (live state observed 2026-10-09; redirects rechecked 2026-10-10),"Re-verify this claimed category in GSC once the export/API exists; until then treat the category as claimed-not-confirmed. Technical action: No change — technically eligible; actual Google indexing status UNVERIFIED, confirm via GSC URL Inspection (do not assume indexed)",High for live technical facts; GSC category claim historical,Low if GSC claim is stale — acting on an outdated category wastes effort; medium for noindex/P0 rows where deployment sequencing matters,No
/car-periodic-service/electronic-city,/car-periodic-service/electronic-city,"'Discovered — currently not indexed' (docs/seo/31 §3b groups, 2026-09-29)",UNVERIFIED — no GSC export supplied (see 08-original-export-inventory.csv); GSC API not connected,No — export row not supplied,docs/seo/gsc-audit/url-classification.csv (carried from stage 1),HISTORICAL_BASELINE,200,n/a — page serves 200,https://ridencare.co.in/car-periodic-service/electronic-city,none (no meta robots — indexable),Yes,17 of 479 pages,Indexable — published for indexing (in sitemap),LIVE_HTTP_VERIFIED; SOURCE_CODE_VERIFIED; HISTORICAL_BASELINE (live state observed 2026-10-09; redirects rechecked 2026-10-10),"Re-verify this claimed category in GSC once the export/API exists; until then treat the category as claimed-not-confirmed. Technical action: No change — technically eligible; actual Google indexing status UNVERIFIED, confirm via GSC URL Inspection (do not assume indexed)",High for live technical facts; GSC category claim historical,Low if GSC claim is stale — acting on an outdated category wastes effort; medium for noindex/P0 rows where deployment sequencing matters,No
/car-periodic-service/hsr-layout,/car-periodic-service/hsr-layout,"'Discovered — currently not indexed' (docs/seo/31 §3b groups, 2026-09-29)",UNVERIFIED — no GSC export supplied (see 08-original-export-inventory.csv); GSC API not connected,No — export row not supplied,docs/seo/gsc-audit/url-classification.csv (carried from stage 1),HISTORICAL_BASELINE,200,n/a — page serves 200,https://ridencare.co.in/car-periodic-service/hsr-layout,none (no meta robots — indexable),Yes,14 of 479 pages,Indexable — published for indexing (in sitemap),LIVE_HTTP_VERIFIED; SOURCE_CODE_VERIFIED; HISTORICAL_BASELINE (live state observed 2026-10-09; redirects rechecked 2026-10-10),"Re-verify this claimed category in GSC once the export/API exists; until then treat the category as claimed-not-confirmed. Technical action: No change — technically eligible; actual Google indexing status UNVERIFIED, confirm via GSC URL Inspection (do not assume indexed)",High for live technical facts; GSC category claim historical,Low if GSC claim is stale — acting on an outdated category wastes effort; medium for noindex/P0 rows where deployment sequencing matters,No
/car-periodic-service/indiranagar,/car-periodic-service/indiranagar,"'Discovered — currently not indexed' (docs/seo/31 §3b groups, 2026-09-29)",UNVERIFIED — no GSC export supplied (see 08-original-export-inventory.csv); GSC API not connected,No — export row not supplied,docs/seo/gsc-audit/url-classification.csv (carried from stage 1),HISTORICAL_BASELINE,200,n/a — page serves 200,https://ridencare.co.in/car-periodic-service/indiranagar,none (no meta robots — indexable),Yes,17 of 479 pages,Indexable — published for indexing (in sitemap),LIVE_HTTP_VERIFIED; SOURCE_CODE_VERIFIED; HISTORICAL_BASELINE (live state observed 2026-10-09; redirects rechecked 2026-10-10),"Re-verify this claimed category in GSC once the export/API exists; until then treat the category as claimed-not-confirmed. Technical action: No change — technically eligible; actual Google indexing status UNVERIFIED, confirm via GSC URL Inspection (do not assume indexed)",High for live technical facts; GSC category claim historical,Low if GSC claim is stale — acting on an outdated category wastes effort; medium for noindex/P0 rows where deployment sequencing matters,No
/car-periodic-service/koramangala,/car-periodic-service/koramangala,"'Discovered — currently not indexed' (docs/seo/31 §3b groups, 2026-09-29)",UNVERIFIED — no GSC export supplied (see 08-original-export-inventory.csv); GSC API not connected,No — export row not supplied,docs/seo/gsc-audit/url-classification.csv (carried from stage 1),HISTORICAL_BASELINE,200,n/a — page serves 200,https://ridencare.co.in/car-periodic-service/koramangala,none (no meta robots — indexable),Yes,17 of 479 pages,Indexable — published for indexing (in sitemap),LIVE_HTTP_VERIFIED; SOURCE_CODE_VERIFIED; HISTORICAL_BASELINE (live state observed 2026-10-09; redirects rechecked 2026-10-10),"Re-verify this claimed category in GSC once the export/API exists; until then treat the category as claimed-not-confirmed. Technical action: No change — technically eligible; actual Google indexing status UNVERIFIED, confirm via GSC URL Inspection (do not assume indexed)",High for live technical facts; GSC category claim historical,Low if GSC claim is stale — acting on an outdated category wastes effort; medium for noindex/P0 rows where deployment sequencing matters,No
/car-repair,/car-repair,"'Discovered — currently not indexed' (docs/seo/31 §3b groups, 2026-09-29)",UNVERIFIED — no GSC export supplied (see 08-original-export-inventory.csv); GSC API not connected,No — export row not supplied,docs/seo/gsc-audit/url-classification.csv (carried from stage 1),HISTORICAL_BASELINE,200,n/a — page serves 200,https://ridencare.co.in/car-repair,none (no meta robots — indexable),Yes,479 of 479 pages,Indexable — published for indexing (in sitemap),LIVE_HTTP_VERIFIED; SOURCE_CODE_VERIFIED; HISTORICAL_BASELINE (live state observed 2026-10-09; redirects rechecked 2026-10-10),"Re-verify this claimed category in GSC once the export/API exists; until then treat the category as claimed-not-confirmed. Technical action: No change — technically eligible; actual Google indexing status UNVERIFIED, confirm via GSC URL Inspection (do not assume indexed)",High for live technical facts; GSC category claim historical,Low if GSC claim is stale — acting on an outdated category wastes effort; medium for noindex/P0 rows where deployment sequencing matters,No
/cars,/cars,"'Discovered — currently not indexed' (docs/seo/31 §3b groups, 2026-09-29)",UNVERIFIED — no GSC export supplied (see 08-original-export-inventory.csv); GSC API not connected,No — export row not supplied,docs/seo/gsc-audit/url-classification.csv (carried from stage 1),HISTORICAL_BASELINE,200,n/a — page serves 200,https://ridencare.co.in/cars,none (no meta robots — indexable),Yes,479 of 479 pages,Indexable — published for indexing (in sitemap),LIVE_HTTP_VERIFIED; SOURCE_CODE_VERIFIED; HISTORICAL_BASELINE (live state observed 2026-10-09; redirects rechecked 2026-10-10),"Re-verify this claimed category in GSC once the export/API exists; until then treat the category as claimed-not-confirmed. Technical action: No change — technically eligible; actual Google indexing status UNVERIFIED, confirm via GSC URL Inspection (do not assume indexed)",High for live technical facts; GSC category claim historical,Low if GSC claim is stale — acting on an outdated category wastes effort; medium for noindex/P0 rows where deployment sequencing matters,No
/doorstep-bike-repair,/doorstep-bike-repair,"'Discovered — currently not indexed' (docs/seo/31 §3b groups, 2026-09-29) | ALSO CLAIMED (UNVERIFIED): UNVERIFIED — owner-supplied cross-check URL; GSC issue row unavailable (export file not found)",UNVERIFIED — no GSC export supplied (see 08-original-export-inventory.csv); GSC API not connected,No — export row not supplied,docs/seo/gsc-audit/url-classification.csv (carried from stage 1),HISTORICAL_BASELINE,200,n/a — page serves 200,https://ridencare.co.in/doorstep-bike-repair,none (no meta robots — indexable),Yes,479 of 479 pages,Indexable — published for indexing (in sitemap),LIVE_HTTP_VERIFIED; SOURCE_CODE_VERIFIED; HISTORICAL_BASELINE (live state observed 2026-10-09; redirects rechecked 2026-10-10),"Re-verify this claimed category in GSC once the export/API exists; until then treat the category as claimed-not-confirmed. Technical action: No change — technically eligible; actual Google indexing status UNVERIFIED, confirm via GSC URL Inspection (do not assume indexed)",High for live technical facts; GSC category claim historical,Low if GSC claim is stale — acting on an outdated category wastes effort; medium for noindex/P0 rows where deployment sequencing matters,No
/doorstep-bike-service,/doorstep-bike-service,UNVERIFIED — owner-supplied cross-check URL; GSC issue row unavailable (export file not found),UNVERIFIED — no GSC export supplied (see 08-original-export-inventory.csv); GSC API not connected,No — export row not supplied,docs/seo/gsc-audit/02-url-by-url-audit.csv (owner-supplied cross-check list),UNVERIFIED,200,n/a — page serves 200,https://ridencare.co.in/doorstep-bike-service,none (no meta robots — indexable),Yes,479 of 479 pages,Indexable — published for indexing (in sitemap),LIVE_HTTP_VERIFIED; SOURCE_CODE_VERIFIED (live state observed 2026-10-09; redirects rechecked 2026-10-10),"Re-verify this claimed category in GSC once the export/API exists; until then treat the category as claimed-not-confirmed. Technical action: No change — technically eligible; actual Google indexing status UNVERIFIED, confirm via GSC URL Inspection (do not assume indexed)",High for live technical facts; GSC category claim unverified,Low if GSC claim is stale — acting on an outdated category wastes effort; medium for noindex/P0 rows where deployment sequencing matters,No
/doorstep-bike-service/bellandur,/doorstep-bike-service/bellandur,"'Discovered — currently not indexed' (docs/seo/31 §3b groups, 2026-09-29)",UNVERIFIED — no GSC export supplied (see 08-original-export-inventory.csv); GSC API not connected,No — export row not supplied,docs/seo/gsc-audit/url-classification.csv (carried from stage 1),HISTORICAL_BASELINE,200,n/a — page serves 200,https://ridencare.co.in/doorstep-bike-service/bellandur,none (no meta robots — indexable),Yes,22 of 479 pages,Indexable — published for indexing (in sitemap),LIVE_HTTP_VERIFIED; SOURCE_CODE_VERIFIED; HISTORICAL_BASELINE (live state observed 2026-10-09; redirects rechecked 2026-10-10),"Re-verify this claimed category in GSC once the export/API exists; until then treat the category as claimed-not-confirmed. Technical action: No change — technically eligible; actual Google indexing status UNVERIFIED, confirm via GSC URL Inspection (do not assume indexed)",High for live technical facts; GSC category claim historical,Low if GSC claim is stale — acting on an outdated category wastes effort; medium for noindex/P0 rows where deployment sequencing matters,No
/doorstep-bike-service/btm-layout,/doorstep-bike-service/btm-layout,"'Discovered — currently not indexed' (docs/seo/31 §3b groups, 2026-09-29)",UNVERIFIED — no GSC export supplied (see 08-original-export-inventory.csv); GSC API not connected,No — export row not supplied,docs/seo/gsc-audit/url-classification.csv (carried from stage 1),HISTORICAL_BASELINE,200,n/a — page serves 200,https://ridencare.co.in/doorstep-bike-service/btm-layout,none (no meta robots — indexable),Yes,24 of 479 pages,Indexable — published for indexing (in sitemap),LIVE_HTTP_VERIFIED; SOURCE_CODE_VERIFIED; HISTORICAL_BASELINE (live state observed 2026-10-09; redirects rechecked 2026-10-10),"Re-verify this claimed category in GSC once the export/API exists; until then treat the category as claimed-not-confirmed. Technical action: No change — technically eligible; actual Google indexing status UNVERIFIED, confirm via GSC URL Inspection (do not assume indexed)",High for live technical facts; GSC category claim historical,Low if GSC claim is stale — acting on an outdated category wastes effort; medium for noindex/P0 rows where deployment sequencing matters,No
/doorstep-bike-service/electronic-city,/doorstep-bike-service/electronic-city,"'Discovered — currently not indexed' (docs/seo/31 §3b groups, 2026-09-29)",UNVERIFIED — no GSC export supplied (see 08-original-export-inventory.csv); GSC API not connected,No — export row not supplied,docs/seo/gsc-audit/url-classification.csv (carried from stage 1),HISTORICAL_BASELINE,200,n/a — page serves 200,https://ridencare.co.in/doorstep-bike-service/electronic-city,none (no meta robots — indexable),Yes,16 of 479 pages,Indexable — published for indexing (in sitemap),LIVE_HTTP_VERIFIED; SOURCE_CODE_VERIFIED; HISTORICAL_BASELINE (live state observed 2026-10-09; redirects rechecked 2026-10-10),"Re-verify this claimed category in GSC once the export/API exists; until then treat the category as claimed-not-confirmed. Technical action: No change — technically eligible; actual Google indexing status UNVERIFIED, confirm via GSC URL Inspection (do not assume indexed)",High for live technical facts; GSC category claim historical,Low if GSC claim is stale — acting on an outdated category wastes effort; medium for noindex/P0 rows where deployment sequencing matters,No
/doorstep-bike-service/hebbal,/doorstep-bike-service/hebbal,"'Discovered — currently not indexed' (docs/seo/31 §3b groups, 2026-09-29)",UNVERIFIED — no GSC export supplied (see 08-original-export-inventory.csv); GSC API not connected,No — export row not supplied,docs/seo/gsc-audit/url-classification.csv (carried from stage 1),HISTORICAL_BASELINE,200,n/a — page serves 200,https://ridencare.co.in/doorstep-bike-service/hebbal,none (no meta robots — indexable),Yes,10 of 479 pages,Indexable — published for indexing (in sitemap),LIVE_HTTP_VERIFIED; SOURCE_CODE_VERIFIED; HISTORICAL_BASELINE (live state observed 2026-10-09; redirects rechecked 2026-10-10),"Re-verify this claimed category in GSC once the export/API exists; until then treat the category as claimed-not-confirmed. Technical action: No change — technically eligible; actual Google indexing status UNVERIFIED, confirm via GSC URL Inspection (do not assume indexed)",High for live technical facts; GSC category claim historical,Low if GSC claim is stale — acting on an outdated category wastes effort; medium for noindex/P0 rows where deployment sequencing matters,No
/doorstep-bike-service/hsr-layout,/doorstep-bike-service/hsr-layout,"'Discovered — currently not indexed' (docs/seo/31 §3b groups, 2026-09-29)",UNVERIFIED — no GSC export supplied (see 08-original-export-inventory.csv); GSC API not connected,No — export row not supplied,docs/seo/gsc-audit/url-classification.csv (carried from stage 1),HISTORICAL_BASELINE,200,n/a — page serves 200,https://ridencare.co.in/doorstep-bike-service/hsr-layout,none (no meta robots — indexable),Yes,25 of 479 pages,Indexable — published for indexing (in sitemap),LIVE_HTTP_VERIFIED; SOURCE_CODE_VERIFIED; HISTORICAL_BASELINE (live state observed 2026-10-09; redirects rechecked 2026-10-10),"Re-verify this claimed category in GSC once the export/API exists; until then treat the category as claimed-not-confirmed. Technical action: No change — technically eligible; actual Google indexing status UNVERIFIED, confirm via GSC URL Inspection (do not assume indexed)",High for live technical facts; GSC category claim historical,Low if GSC claim is stale — acting on an outdated category wastes effort; medium for noindex/P0 rows where deployment sequencing matters,No
/doorstep-bike-service/indiranagar,/doorstep-bike-service/indiranagar,"'Discovered — currently not indexed' (docs/seo/31 §3b groups, 2026-09-29)",UNVERIFIED — no GSC export supplied (see 08-original-export-inventory.csv); GSC API not connected,No — export row not supplied,docs/seo/gsc-audit/url-classification.csv (carried from stage 1),HISTORICAL_BASELINE,200,n/a — page serves 200,https://ridencare.co.in/doorstep-bike-service/indiranagar,none (no meta robots — indexable),Yes,24 of 479 pages,Indexable — published for indexing (in sitemap),LIVE_HTTP_VERIFIED; SOURCE_CODE_VERIFIED; HISTORICAL_BASELINE (live state observed 2026-10-09; redirects rechecked 2026-10-10),"Re-verify this claimed category in GSC once the export/API exists; until then treat the category as claimed-not-confirmed. Technical action: No change — technically eligible; actual Google indexing status UNVERIFIED, confirm via GSC URL Inspection (do not assume indexed)",High for live technical facts; GSC category claim historical,Low if GSC claim is stale — acting on an outdated category wastes effort; medium for noindex/P0 rows where deployment sequencing matters,No
/doorstep-bike-service/jayanagar,/doorstep-bike-service/jayanagar,"'Crawled — currently not indexed' (docs/seo/31 §3a, 2026-09-29; also listed in §3b DNI groups)",UNVERIFIED — no GSC export supplied (see 08-original-export-inventory.csv); GSC API not connected,No — export row not supplied,docs/seo/gsc-audit/url-classification.csv (carried from stage 1),HISTORICAL_BASELINE,200,n/a — page serves 200,https://ridencare.co.in/doorstep-bike-service/jayanagar,none (no meta robots — indexable),Yes,19 of 479 pages,Indexable — published for indexing (in sitemap),LIVE_HTTP_VERIFIED; SOURCE_CODE_VERIFIED; HISTORICAL_BASELINE (live state observed 2026-10-09; redirects rechecked 2026-10-10),"Re-verify this claimed category in GSC once the export/API exists; until then treat the category as claimed-not-confirmed. Technical action: No change — technically eligible; actual Google indexing status UNVERIFIED, confirm via GSC URL Inspection (do not assume indexed)",High for live technical facts; GSC category claim historical,Low if GSC claim is stale — acting on an outdated category wastes effort; medium for noindex/P0 rows where deployment sequencing matters,No
/doorstep-bike-service/jp-nagar,/doorstep-bike-service/jp-nagar,"'Discovered — currently not indexed' (docs/seo/31 §3b groups, 2026-09-29)",UNVERIFIED — no GSC export supplied (see 08-original-export-inventory.csv); GSC API not connected,No — export row not supplied,docs/seo/gsc-audit/url-classification.csv (carried from stage 1),HISTORICAL_BASELINE,200,n/a — page serves 200,https://ridencare.co.in/doorstep-bike-service/jp-nagar,none (no meta robots — indexable),Yes,18 of 479 pages,Indexable — published for indexing (in sitemap),LIVE_HTTP_VERIFIED; SOURCE_CODE_VERIFIED; HISTORICAL_BASELINE (live state observed 2026-10-09; redirects rechecked 2026-10-10),"Re-verify this claimed category in GSC once the export/API exists; until then treat the category as claimed-not-confirmed. Technical action: No change — technically eligible; actual Google indexing status UNVERIFIED, confirm via GSC URL Inspection (do not assume indexed)",High for live technical facts; GSC category claim historical,Low if GSC claim is stale — acting on an outdated category wastes effort; medium for noindex/P0 rows where deployment sequencing matters,No
/doorstep-bike-service/koramangala,/doorstep-bike-service/koramangala,"'Discovered — currently not indexed' (docs/seo/31 §3b groups, 2026-09-29)",UNVERIFIED — no GSC export supplied (see 08-original-export-inventory.csv); GSC API not connected,No — export row not supplied,docs/seo/gsc-audit/url-classification.csv (carried from stage 1),HISTORICAL_BASELINE,200,n/a — page serves 200,https://ridencare.co.in/doorstep-bike-service/koramangala,none (no meta robots — indexable),Yes,24 of 479 pages,Indexable — published for indexing (in sitemap),LIVE_HTTP_VERIFIED; SOURCE_CODE_VERIFIED; HISTORICAL_BASELINE (live state observed 2026-10-09; redirects rechecked 2026-10-10),"Re-verify this claimed category in GSC once the export/API exists; until then treat the category as claimed-not-confirmed. Technical action: No change — technically eligible; actual Google indexing status UNVERIFIED, confirm via GSC URL Inspection (do not assume indexed)",High for live technical facts; GSC category claim historical,Low if GSC claim is stale — acting on an outdated category wastes effort; medium for noindex/P0 rows where deployment sequencing matters,No
/doorstep-bike-service/marathahalli,/doorstep-bike-service/marathahalli,"'Discovered — currently not indexed' (docs/seo/31 §3b groups, 2026-09-29)",UNVERIFIED — no GSC export supplied (see 08-original-export-inventory.csv); GSC API not connected,No — export row not supplied,docs/seo/gsc-audit/url-classification.csv (carried from stage 1),HISTORICAL_BASELINE,200,n/a — page serves 200,https://ridencare.co.in/doorstep-bike-service/marathahalli,none (no meta robots — indexable),Yes,22 of 479 pages,Indexable — published for indexing (in sitemap),LIVE_HTTP_VERIFIED; SOURCE_CODE_VERIFIED; HISTORICAL_BASELINE (live state observed 2026-10-09; redirects rechecked 2026-10-10),"Re-verify this claimed category in GSC once the export/API exists; until then treat the category as claimed-not-confirmed. Technical action: No change — technically eligible; actual Google indexing status UNVERIFIED, confirm via GSC URL Inspection (do not assume indexed)",High for live technical facts; GSC category claim historical,Low if GSC claim is stale — acting on an outdated category wastes effort; medium for noindex/P0 rows where deployment sequencing matters,No
/doorstep-bike-service/sarjapur-road,/doorstep-bike-service/sarjapur-road,"'Discovered — currently not indexed' (docs/seo/31 §3b groups, 2026-09-29)",UNVERIFIED — no GSC export supplied (see 08-original-export-inventory.csv); GSC API not connected,No — export row not supplied,docs/seo/gsc-audit/url-classification.csv (carried from stage 1),HISTORICAL_BASELINE,200,n/a — page serves 200,https://ridencare.co.in/doorstep-bike-service/sarjapur-road,none (no meta robots — indexable),Yes,18 of 479 pages,Indexable — published for indexing (in sitemap),LIVE_HTTP_VERIFIED; SOURCE_CODE_VERIFIED; HISTORICAL_BASELINE (live state observed 2026-10-09; redirects rechecked 2026-10-10),"Re-verify this claimed category in GSC once the export/API exists; until then treat the category as claimed-not-confirmed. Technical action: No change — technically eligible; actual Google indexing status UNVERIFIED, confirm via GSC URL Inspection (do not assume indexed)",High for live technical facts; GSC category claim historical,Low if GSC claim is stale — acting on an outdated category wastes effort; medium for noindex/P0 rows where deployment sequencing matters,No
/doorstep-bike-service/whitefield,/doorstep-bike-service/whitefield,"'Discovered — currently not indexed' (docs/seo/31 §3b groups, 2026-09-29)",UNVERIFIED — no GSC export supplied (see 08-original-export-inventory.csv); GSC API not connected,No — export row not supplied,docs/seo/gsc-audit/url-classification.csv (carried from stage 1),HISTORICAL_BASELINE,200,n/a — page serves 200,https://ridencare.co.in/doorstep-bike-service/whitefield,none (no meta robots — indexable),Yes,22 of 479 pages,Indexable — published for indexing (in sitemap),LIVE_HTTP_VERIFIED; SOURCE_CODE_VERIFIED; HISTORICAL_BASELINE (live state observed 2026-10-09; redirects rechecked 2026-10-10),"Re-verify this claimed category in GSC once the export/API exists; until then treat the category as claimed-not-confirmed. Technical action: No change — technically eligible; actual Google indexing status UNVERIFIED, confirm via GSC URL Inspection (do not assume indexed)",High for live technical facts; GSC category claim historical,Low if GSC claim is stale — acting on an outdated category wastes effort; medium for noindex/P0 rows where deployment sequencing matters,No
/emergency-bike-repair/btm-layout,/emergency-bike-repair/btm-layout,"'Discovered — currently not indexed' (docs/seo/31 §3b groups, 2026-09-29)",UNVERIFIED — no GSC export supplied (see 08-original-export-inventory.csv); GSC API not connected,No — export row not supplied,docs/seo/gsc-audit/url-classification.csv (carried from stage 1),HISTORICAL_BASELINE,200,n/a — page serves 200,https://ridencare.co.in/emergency-bike-repair/btm-layout,none (no meta robots — indexable),Yes,21 of 479 pages,Indexable — published for indexing (in sitemap),LIVE_HTTP_VERIFIED; SOURCE_CODE_VERIFIED; HISTORICAL_BASELINE (live state observed 2026-10-09; redirects rechecked 2026-10-10),"Re-verify this claimed category in GSC once the export/API exists; until then treat the category as claimed-not-confirmed. Technical action: No change — technically eligible; actual Google indexing status UNVERIFIED, confirm via GSC URL Inspection (do not assume indexed)",High for live technical facts; GSC category claim historical,Low if GSC claim is stale — acting on an outdated category wastes effort; medium for noindex/P0 rows where deployment sequencing matters,No
/ev-two-wheeler-service,/ev-two-wheeler-service,Discovered — currently not indexed (owner-supplied cross-check) | ALSO CLAIMED (INFERRED): 'Discovered — currently not indexed' (owner-supplied cross-check; also in §3b groups; no export row),UNVERIFIED — no GSC export supplied (see 08-original-export-inventory.csv); GSC API not connected,No — export row not supplied,docs/seo/gsc-audit/02-url-by-url-audit.csv (owner-supplied cross-check list),OWNER_SUPPLIED,200,n/a — page serves 200,https://ridencare.co.in/ev-two-wheeler-service,none (no meta robots — indexable),Yes,4 of 479 pages,Indexable — published for indexing (in sitemap),LIVE_HTTP_VERIFIED; SOURCE_CODE_VERIFIED; OWNER_SUPPLIED (live state observed 2026-10-09; redirects rechecked 2026-10-10),"Re-verify this claimed category in GSC once the export/API exists; until then treat the category as claimed-not-confirmed. Technical action: No change — technically eligible; actual Google indexing status UNVERIFIED, confirm via GSC URL Inspection (do not assume indexed)",High for live technical facts; GSC category claim owner-supplied,Low if GSC claim is stale — acting on an outdated category wastes effort; medium for noindex/P0 rows where deployment sequencing matters,No
https://ridencare.co.in/franchise/,/franchise,"Page with redirect (trailing slash) | ALSO CLAIMED (HISTORICAL_BASELINE): 'Discovered — currently not indexed' (docs/seo/31 §3b groups, 2026-09-29) | ALSO CLAIMED (INFERRED): 'Page with redirect' (redirect observed live 2026-10-09; GSC row not confirmed — no export) | ALSO CLAIMED (UNVERIFIED): UNVERIFIED — owner-supplied cross-check URL; GSC issue row unavailable (export file not found)",UNVERIFIED — no GSC export supplied (see 08-original-export-inventory.csv); GSC API not connected,No — export row not supplied,docs/seo/gsc-audit/05-redirects-and-soft404.csv,INFERRED,307,307 → /franchise (1 hop) → https://ridencare.co.in/franchise [rechecked 2026-10-10],https://ridencare.co.in/franchise,n/a — redirect response (no page body),n/a — redirect source URL,n/a — redirect source URL,n/a — redirect source (no page body),LIVE_HTTP_VERIFIED; SOURCE_CODE_VERIFIED; INFERRED (live state observed 2026-10-09; redirects rechecked 2026-10-10),Re-verify this claimed category in GSC once the export/API exists; until then treat the category as claimed-not-confirmed. Technical action: Change trailing-slash normalisation from 307 to 301 in a code-change stage (pending approval); keep the redirect itself,High for live technical facts; GSC category claim inferred,Low if GSC claim is stale — acting on an outdated category wastes effort; medium for noindex/P0 rows where deployment sequencing matters,No
https://ridencare.co.in/guides/,/guides,Page with redirect | ALSO CLAIMED (INFERRED): 'Page with redirect' (redirect observed live 2026-10-09; GSC row not confirmed — no export) | ALSO CLAIMED (INFERRED): Page with redirect (trailing slash),UNVERIFIED — no GSC export supplied (see 08-original-export-inventory.csv); GSC API not connected,No — export row not supplied,docs/seo/gsc-audit/02-url-by-url-audit.csv (owner-supplied cross-check list),OWNER_SUPPLIED,307,307 → /guides (1 hop) → https://ridencare.co.in/guides [rechecked 2026-10-10],https://ridencare.co.in/guides,n/a — redirect response (no page body),n/a — redirect source URL,n/a — redirect source URL,n/a — redirect source (no page body),LIVE_HTTP_VERIFIED; SOURCE_CODE_VERIFIED; OWNER_SUPPLIED (live state observed 2026-10-09; redirects rechecked 2026-10-10),Re-verify this claimed category in GSC once the export/API exists; until then treat the category as claimed-not-confirmed. Technical action: Change trailing-slash normalisation from 307 to 301 in a code-change stage (pending approval); keep the redirect itself,High for live technical facts; GSC category claim owner-supplied,Low if GSC claim is stale — acting on an outdated category wastes effort; medium for noindex/P0 rows where deployment sequencing matters,No
/guides/bike-breakdown-troubleshooting-guide,/guides/bike-breakdown-troubleshooting-guide,"'Discovered — currently not indexed' (docs/seo/31 §3b groups, 2026-09-29)",UNVERIFIED — no GSC export supplied (see 08-original-export-inventory.csv); GSC API not connected,No — export row not supplied,docs/seo/gsc-audit/url-classification.csv (carried from stage 1),HISTORICAL_BASELINE,200,n/a — page serves 200,https://ridencare.co.in/guides/bike-breakdown-troubleshooting-guide,none (no meta robots — indexable),Yes,479 of 479 pages,Indexable — published for indexing (in sitemap),LIVE_HTTP_VERIFIED; SOURCE_CODE_VERIFIED; HISTORICAL_BASELINE (live state observed 2026-10-09; redirects rechecked 2026-10-10),"Re-verify this claimed category in GSC once the export/API exists; until then treat the category as claimed-not-confirmed. Technical action: No change — technically eligible; actual Google indexing status UNVERIFIED, confirm via GSC URL Inspection (do not assume indexed)",High for live technical facts; GSC category claim historical,Low if GSC claim is stale — acting on an outdated category wastes effort; medium for noindex/P0 rows where deployment sequencing matters,No
/guides/bike-service-guide-bangalore,/guides/bike-service-guide-bangalore,"'Discovered — currently not indexed' (docs/seo/31 §3b groups, 2026-09-29)",UNVERIFIED — no GSC export supplied (see 08-original-export-inventory.csv); GSC API not connected,No — export row not supplied,docs/seo/gsc-audit/url-classification.csv (carried from stage 1),HISTORICAL_BASELINE,200,n/a — page serves 200,https://ridencare.co.in/guides/bike-service-guide-bangalore,none (no meta robots — indexable),Yes,479 of 479 pages,Indexable — published for indexing (in sitemap),LIVE_HTTP_VERIFIED; SOURCE_CODE_VERIFIED; HISTORICAL_BASELINE (live state observed 2026-10-09; redirects rechecked 2026-10-10),"Re-verify this claimed category in GSC once the export/API exists; until then treat the category as claimed-not-confirmed. Technical action: No change — technically eligible; actual Google indexing status UNVERIFIED, confirm via GSC URL Inspection (do not assume indexed)",High for live technical facts; GSC category claim historical,Low if GSC claim is stale — acting on an outdated category wastes effort; medium for noindex/P0 rows where deployment sequencing matters,No
/guides/common-bike-problems-and-solutions,/guides/common-bike-problems-and-solutions,"'Discovered — currently not indexed' (docs/seo/31 §3b groups, 2026-09-29) | ALSO CLAIMED (UNVERIFIED): UNVERIFIED — owner-supplied cross-check URL; GSC issue row unavailable (export file not found)",UNVERIFIED — no GSC export supplied (see 08-original-export-inventory.csv); GSC API not connected,No — export row not supplied,docs/seo/gsc-audit/url-classification.csv (carried from stage 1),HISTORICAL_BASELINE,200,n/a — page serves 200,https://ridencare.co.in/guides/common-bike-problems-and-solutions,none (no meta robots — indexable),Yes,21 of 479 pages,Indexable — published for indexing (in sitemap),LIVE_HTTP_VERIFIED; SOURCE_CODE_VERIFIED; HISTORICAL_BASELINE (live state observed 2026-10-09; redirects rechecked 2026-10-10),"Re-verify this claimed category in GSC once the export/API exists; until then treat the category as claimed-not-confirmed. Technical action: No change — technically eligible; actual Google indexing status UNVERIFIED, confirm via GSC URL Inspection (do not assume indexed)",High for live technical facts; GSC category claim historical,Low if GSC claim is stale — acting on an outdated category wastes effort; medium for noindex/P0 rows where deployment sequencing matters,No
/guides/complete-bike-maintenance-guide,/guides/complete-bike-maintenance-guide,"'Discovered — currently not indexed' (docs/seo/31 §3b groups, 2026-09-29)",UNVERIFIED — no GSC export supplied (see 08-original-export-inventory.csv); GSC API not connected,No — export row not supplied,docs/seo/gsc-audit/url-classification.csv (carried from stage 1),HISTORICAL_BASELINE,200,n/a — page serves 200,https://ridencare.co.in/guides/complete-bike-maintenance-guide,none (no meta robots — indexable),Yes,479 of 479 pages,Indexable — published for indexing (in sitemap),LIVE_HTTP_VERIFIED; SOURCE_CODE_VERIFIED; HISTORICAL_BASELINE (live state observed 2026-10-09; redirects rechecked 2026-10-10),"Re-verify this claimed category in GSC once the export/API exists; until then treat the category as claimed-not-confirmed. Technical action: No change — technically eligible; actual Google indexing status UNVERIFIED, confirm via GSC URL Inspection (do not assume indexed)",High for live technical facts; GSC category claim historical,Low if GSC claim is stale — acting on an outdated category wastes effort; medium for noindex/P0 rows where deployment sequencing matters,No
/guides/doorstep-bike-service-guide,/guides/doorstep-bike-service-guide,"'Discovered — currently not indexed' (docs/seo/31 §3b groups, 2026-09-29)",UNVERIFIED — no GSC export supplied (see 08-original-export-inventory.csv); GSC API not connected,No — export row not supplied,docs/seo/gsc-audit/url-classification.csv (carried from stage 1),HISTORICAL_BASELINE,200,n/a — page serves 200,https://ridencare.co.in/guides/doorstep-bike-service-guide,none (no meta robots — indexable),Yes,9 of 479 pages,Indexable — published for indexing (in sitemap),LIVE_HTTP_VERIFIED; SOURCE_CODE_VERIFIED; HISTORICAL_BASELINE (live state observed 2026-10-09; redirects rechecked 2026-10-10),"Re-verify this claimed category in GSC once the export/API exists; until then treat the category as claimed-not-confirmed. Technical action: No change — technically eligible; actual Google indexing status UNVERIFIED, confirm via GSC URL Inspection (do not assume indexed)",High for live technical facts; GSC category claim historical,Low if GSC claim is stale — acting on an outdated category wastes effort; medium for noindex/P0 rows where deployment sequencing matters,No
/guides/motorcycle-vs-scooter-maintenance,/guides/motorcycle-vs-scooter-maintenance,"'Discovered — currently not indexed' (docs/seo/31 §3b groups, 2026-09-29)",UNVERIFIED — no GSC export supplied (see 08-original-export-inventory.csv); GSC API not connected,No — export row not supplied,docs/seo/gsc-audit/url-classification.csv (carried from stage 1),HISTORICAL_BASELINE,200,n/a — page serves 200,https://ridencare.co.in/guides/motorcycle-vs-scooter-maintenance,none (no meta robots — indexable),Yes,7 of 479 pages,Indexable — published for indexing (in sitemap),LIVE_HTTP_VERIFIED; SOURCE_CODE_VERIFIED; HISTORICAL_BASELINE (live state observed 2026-10-09; redirects rechecked 2026-10-10),"Re-verify this claimed category in GSC once the export/API exists; until then treat the category as claimed-not-confirmed. Technical action: No change — technically eligible; actual Google indexing status UNVERIFIED, confirm via GSC URL Inspection (do not assume indexed)",High for live technical facts; GSC category claim historical,Low if GSC claim is stale — acting on an outdated category wastes effort; medium for noindex/P0 rows where deployment sequencing matters,No
/guides/when-to-service-your-bike,/guides/when-to-service-your-bike,"'Discovered — currently not indexed' (docs/seo/31 §3b groups, 2026-09-29) | ALSO CLAIMED (UNVERIFIED): UNVERIFIED — owner-supplied cross-check URL; GSC issue row unavailable (export file not found)",UNVERIFIED — no GSC export supplied (see 08-original-export-inventory.csv); GSC API not connected,No — export row not supplied,docs/seo/gsc-audit/url-classification.csv (carried from stage 1),HISTORICAL_BASELINE,200,n/a — page serves 200,https://ridencare.co.in/guides/when-to-service-your-bike,none (no meta robots — indexable),Yes,18 of 479 pages,Indexable — published for indexing (in sitemap),LIVE_HTTP_VERIFIED; SOURCE_CODE_VERIFIED; HISTORICAL_BASELINE (live state observed 2026-10-09; redirects rechecked 2026-10-10),"Re-verify this claimed category in GSC once the export/API exists; until then treat the category as claimed-not-confirmed. Technical action: No change — technically eligible; actual Google indexing status UNVERIFIED, confirm via GSC URL Inspection (do not assume indexed)",High for live technical facts; GSC category claim historical,Low if GSC claim is stale — acting on an outdated category wastes effort; medium for noindex/P0 rows where deployment sequencing matters,No
/map,/map,"'Discovered — currently not indexed' (docs/seo/31 §3b groups, 2026-09-29)",UNVERIFIED — no GSC export supplied (see 08-original-export-inventory.csv); GSC API not connected,No — export row not supplied,docs/seo/gsc-audit/url-classification.csv (carried from stage 1),HISTORICAL_BASELINE,200,n/a — page serves 200,https://ridencare.co.in/map,"noindex, follow",No,1 of 479 pages,Excluded by policy (serves noindex by design),LIVE_HTTP_VERIFIED; SOURCE_CODE_VERIFIED; HISTORICAL_BASELINE (live state observed 2026-10-09; redirects rechecked 2026-10-10),Re-verify this claimed category in GSC once the export/API exists; until then treat the category as claimed-not-confirmed. Technical action: Keep noindex — intentionally excluded (utility/transaction/auth page); no change,High for live technical facts; GSC category claim historical,Low if GSC claim is stale — acting on an outdated category wastes effort; medium for noindex/P0 rows where deployment sequencing matters,No
/motorcycle-service,/motorcycle-service,UNVERIFIED — owner-supplied cross-check URL; GSC issue row unavailable (export file not found),UNVERIFIED — no GSC export supplied (see 08-original-export-inventory.csv); GSC API not connected,No — export row not supplied,docs/seo/gsc-audit/02-url-by-url-audit.csv (owner-supplied cross-check list),UNVERIFIED,200,n/a — page serves 200,https://ridencare.co.in/motorcycle-service,none (no meta robots — indexable),Yes,52 of 479 pages,Indexable — published for indexing (in sitemap),LIVE_HTTP_VERIFIED; SOURCE_CODE_VERIFIED (live state observed 2026-10-09; redirects rechecked 2026-10-10),"Re-verify this claimed category in GSC once the export/API exists; until then treat the category as claimed-not-confirmed. Technical action: No change — technically eligible; actual Google indexing status UNVERIFIED, confirm via GSC URL Inspection (do not assume indexed)",High for live technical facts; GSC category claim unverified,Low if GSC claim is stale — acting on an outdated category wastes effort; medium for noindex/P0 rows where deployment sequencing matters,No
/motorcycle-service/bellandur,/motorcycle-service/bellandur,"'Discovered — currently not indexed' (docs/seo/31 §3b groups, 2026-09-29)",UNVERIFIED — no GSC export supplied (see 08-original-export-inventory.csv); GSC API not connected,No — export row not supplied,docs/seo/gsc-audit/url-classification.csv (carried from stage 1),HISTORICAL_BASELINE,200,n/a — page serves 200,https://ridencare.co.in/motorcycle-service/bellandur,none (no meta robots — indexable),Yes,19 of 479 pages,Indexable — published for indexing (in sitemap),LIVE_HTTP_VERIFIED; SOURCE_CODE_VERIFIED; HISTORICAL_BASELINE (live state observed 2026-10-09; redirects rechecked 2026-10-10),"Re-verify this claimed category in GSC once the export/API exists; until then treat the category as claimed-not-confirmed. Technical action: No change — technically eligible; actual Google indexing status UNVERIFIED, confirm via GSC URL Inspection (do not assume indexed)",High for live technical facts; GSC category claim historical,Low if GSC claim is stale — acting on an outdated category wastes effort; medium for noindex/P0 rows where deployment sequencing matters,No
/motorcycle-service/btm-layout,/motorcycle-service/btm-layout,"'Discovered — currently not indexed' (docs/seo/31 §3b groups, 2026-09-29)",UNVERIFIED — no GSC export supplied (see 08-original-export-inventory.csv); GSC API not connected,No — export row not supplied,docs/seo/gsc-audit/url-classification.csv (carried from stage 1),HISTORICAL_BASELINE,200,n/a — page serves 200,https://ridencare.co.in/motorcycle-service/btm-layout,none (no meta robots — indexable),Yes,20 of 479 pages,Indexable — published for indexing (in sitemap),LIVE_HTTP_VERIFIED; SOURCE_CODE_VERIFIED; HISTORICAL_BASELINE (live state observed 2026-10-09; redirects rechecked 2026-10-10),"Re-verify this claimed category in GSC once the export/API exists; until then treat the category as claimed-not-confirmed. Technical action: No change — technically eligible; actual Google indexing status UNVERIFIED, confirm via GSC URL Inspection (do not assume indexed)",High for live technical facts; GSC category claim historical,Low if GSC claim is stale — acting on an outdated category wastes effort; medium for noindex/P0 rows where deployment sequencing matters,No
/motorcycle-service/electronic-city,/motorcycle-service/electronic-city,"'Discovered — currently not indexed' (docs/seo/31 §3b groups, 2026-09-29)",UNVERIFIED — no GSC export supplied (see 08-original-export-inventory.csv); GSC API not connected,No — export row not supplied,docs/seo/gsc-audit/url-classification.csv (carried from stage 1),HISTORICAL_BASELINE,200,n/a — page serves 200,https://ridencare.co.in/motorcycle-service/electronic-city,none (no meta robots — indexable),Yes,13 of 479 pages,Indexable — published for indexing (in sitemap),LIVE_HTTP_VERIFIED; SOURCE_CODE_VERIFIED; HISTORICAL_BASELINE (live state observed 2026-10-09; redirects rechecked 2026-10-10),"Re-verify this claimed category in GSC once the export/API exists; until then treat the category as claimed-not-confirmed. Technical action: No change — technically eligible; actual Google indexing status UNVERIFIED, confirm via GSC URL Inspection (do not assume indexed)",High for live technical facts; GSC category claim historical,Low if GSC claim is stale — acting on an outdated category wastes effort; medium for noindex/P0 rows where deployment sequencing matters,No
/motorcycle-service/hebbal,/motorcycle-service/hebbal,"'Discovered — currently not indexed' (docs/seo/31 §3b groups, 2026-09-29)",UNVERIFIED — no GSC export supplied (see 08-original-export-inventory.csv); GSC API not connected,No — export row not supplied,docs/seo/gsc-audit/url-classification.csv (carried from stage 1),HISTORICAL_BASELINE,200,n/a — page serves 200,https://ridencare.co.in/motorcycle-service/hebbal,none (no meta robots — indexable),Yes,7 of 479 pages,Indexable — published for indexing (in sitemap),LIVE_HTTP_VERIFIED; SOURCE_CODE_VERIFIED; HISTORICAL_BASELINE (live state observed 2026-10-09; redirects rechecked 2026-10-10),"Re-verify this claimed category in GSC once the export/API exists; until then treat the category as claimed-not-confirmed. Technical action: No change — technically eligible; actual Google indexing status UNVERIFIED, confirm via GSC URL Inspection (do not assume indexed)",High for live technical facts; GSC category claim historical,Low if GSC claim is stale — acting on an outdated category wastes effort; medium for noindex/P0 rows where deployment sequencing matters,No
/motorcycle-service/hsr-layout,/motorcycle-service/hsr-layout,"'Discovered — currently not indexed' (docs/seo/31 §3b groups, 2026-09-29)",UNVERIFIED — no GSC export supplied (see 08-original-export-inventory.csv); GSC API not connected,No — export row not supplied,docs/seo/gsc-audit/url-classification.csv (carried from stage 1),HISTORICAL_BASELINE,200,n/a — page serves 200,https://ridencare.co.in/motorcycle-service/hsr-layout,none (no meta robots — indexable),Yes,22 of 479 pages,Indexable — published for indexing (in sitemap),LIVE_HTTP_VERIFIED; SOURCE_CODE_VERIFIED; HISTORICAL_BASELINE (live state observed 2026-10-09; redirects rechecked 2026-10-10),"Re-verify this claimed category in GSC once the export/API exists; until then treat the category as claimed-not-confirmed. Technical action: No change — technically eligible; actual Google indexing status UNVERIFIED, confirm via GSC URL Inspection (do not assume indexed)",High for live technical facts; GSC category claim historical,Low if GSC claim is stale — acting on an outdated category wastes effort; medium for noindex/P0 rows where deployment sequencing matters,No
https://ridencare.co.in/motorcycle-service/indiranagar/,/motorcycle-service/indiranagar,"Page with redirect (trailing slash — GSC-style row) | ALSO CLAIMED (HISTORICAL_BASELINE): 'Discovered — currently not indexed' (docs/seo/31 §3b groups, 2026-09-29) | ALSO CLAIMED (INFERRED): 'Page with redirect' (redirect observed live 2026-10-09; GSC row not confirmed — no export)",UNVERIFIED — no GSC export supplied (see 08-original-export-inventory.csv); GSC API not connected,No — export row not supplied,docs/seo/gsc-audit/05-redirects-and-soft404.csv,INFERRED,307,307 → /motorcycle-service/indiranagar (1 hop) → https://ridencare.co.in/motorcycle-service/indiranagar [rechecked 2026-10-10],https://ridencare.co.in/motorcycle-service/indiranagar,n/a — redirect response (no page body),n/a — redirect source URL,n/a — redirect source URL,n/a — redirect source (no page body),LIVE_HTTP_VERIFIED; SOURCE_CODE_VERIFIED; INFERRED (live state observed 2026-10-09; redirects rechecked 2026-10-10),Re-verify this claimed category in GSC once the export/API exists; until then treat the category as claimed-not-confirmed. Technical action: Change trailing-slash normalisation from 307 to 301 in a code-change stage (pending approval); keep the redirect itself,High for live technical facts; GSC category claim inferred,Low if GSC claim is stale — acting on an outdated category wastes effort; medium for noindex/P0 rows where deployment sequencing matters,No
/motorcycle-service/jayanagar,/motorcycle-service/jayanagar,"'Discovered — currently not indexed' (docs/seo/31 §3b groups, 2026-09-29)",UNVERIFIED — no GSC export supplied (see 08-original-export-inventory.csv); GSC API not connected,No — export row not supplied,docs/seo/gsc-audit/url-classification.csv (carried from stage 1),HISTORICAL_BASELINE,200,n/a — page serves 200,https://ridencare.co.in/motorcycle-service/jayanagar,none (no meta robots — indexable),Yes,16 of 479 pages,Indexable — published for indexing (in sitemap),LIVE_HTTP_VERIFIED; SOURCE_CODE_VERIFIED; HISTORICAL_BASELINE (live state observed 2026-10-09; redirects rechecked 2026-10-10),"Re-verify this claimed category in GSC once the export/API exists; until then treat the category as claimed-not-confirmed. Technical action: No change — technically eligible; actual Google indexing status UNVERIFIED, confirm via GSC URL Inspection (do not assume indexed)",High for live technical facts; GSC category claim historical,Low if GSC claim is stale — acting on an outdated category wastes effort; medium for noindex/P0 rows where deployment sequencing matters,No
/motorcycle-service/jp-nagar,/motorcycle-service/jp-nagar,"'Discovered — currently not indexed' (docs/seo/31 §3b groups, 2026-09-29)",UNVERIFIED — no GSC export supplied (see 08-original-export-inventory.csv); GSC API not connected,No — export row not supplied,docs/seo/gsc-audit/url-classification.csv (carried from stage 1),HISTORICAL_BASELINE,200,n/a — page serves 200,https://ridencare.co.in/motorcycle-service/jp-nagar,none (no meta robots — indexable),Yes,14 of 479 pages,Indexable — published for indexing (in sitemap),LIVE_HTTP_VERIFIED; SOURCE_CODE_VERIFIED; HISTORICAL_BASELINE (live state observed 2026-10-09; redirects rechecked 2026-10-10),"Re-verify this claimed category in GSC once the export/API exists; until then treat the category as claimed-not-confirmed. Technical action: No change — technically eligible; actual Google indexing status UNVERIFIED, confirm via GSC URL Inspection (do not assume indexed)",High for live technical facts; GSC category claim historical,Low if GSC claim is stale — acting on an outdated category wastes effort; medium for noindex/P0 rows where deployment sequencing matters,No
/motorcycle-service/koramangala,/motorcycle-service/koramangala,"'Discovered — currently not indexed' (docs/seo/31 §3b groups, 2026-09-29)",UNVERIFIED — no GSC export supplied (see 08-original-export-inventory.csv); GSC API not connected,No — export row not supplied,docs/seo/gsc-audit/url-classification.csv (carried from stage 1),HISTORICAL_BASELINE,200,n/a — page serves 200,https://ridencare.co.in/motorcycle-service/koramangala,none (no meta robots — indexable),Yes,21 of 479 pages,Indexable — published for indexing (in sitemap),LIVE_HTTP_VERIFIED; SOURCE_CODE_VERIFIED; HISTORICAL_BASELINE (live state observed 2026-10-09; redirects rechecked 2026-10-10),"Re-verify this claimed category in GSC once the export/API exists; until then treat the category as claimed-not-confirmed. Technical action: No change — technically eligible; actual Google indexing status UNVERIFIED, confirm via GSC URL Inspection (do not assume indexed)",High for live technical facts; GSC category claim historical,Low if GSC claim is stale — acting on an outdated category wastes effort; medium for noindex/P0 rows where deployment sequencing matters,No
/motorcycle-service/marathahalli,/motorcycle-service/marathahalli,"'Discovered — currently not indexed' (docs/seo/31 §3b groups, 2026-09-29)",UNVERIFIED — no GSC export supplied (see 08-original-export-inventory.csv); GSC API not connected,No — export row not supplied,docs/seo/gsc-audit/url-classification.csv (carried from stage 1),HISTORICAL_BASELINE,200,n/a — page serves 200,https://ridencare.co.in/motorcycle-service/marathahalli,none (no meta robots — indexable),Yes,19 of 479 pages,Indexable — published for indexing (in sitemap),LIVE_HTTP_VERIFIED; SOURCE_CODE_VERIFIED; HISTORICAL_BASELINE (live state observed 2026-10-09; redirects rechecked 2026-10-10),"Re-verify this claimed category in GSC once the export/API exists; until then treat the category as claimed-not-confirmed. Technical action: No change — technically eligible; actual Google indexing status UNVERIFIED, confirm via GSC URL Inspection (do not assume indexed)",High for live technical facts; GSC category claim historical,Low if GSC claim is stale — acting on an outdated category wastes effort; medium for noindex/P0 rows where deployment sequencing matters,No
/motorcycle-service/sarjapur-road,/motorcycle-service/sarjapur-road,"'Discovered — currently not indexed' (docs/seo/31 §3b groups, 2026-09-29)",UNVERIFIED — no GSC export supplied (see 08-original-export-inventory.csv); GSC API not connected,No — export row not supplied,docs/seo/gsc-audit/url-classification.csv (carried from stage 1),HISTORICAL_BASELINE,200,n/a — page serves 200,https://ridencare.co.in/motorcycle-service/sarjapur-road,none (no meta robots — indexable),Yes,15 of 479 pages,Indexable — published for indexing (in sitemap),LIVE_HTTP_VERIFIED; SOURCE_CODE_VERIFIED; HISTORICAL_BASELINE (live state observed 2026-10-09; redirects rechecked 2026-10-10),"Re-verify this claimed category in GSC once the export/API exists; until then treat the category as claimed-not-confirmed. Technical action: No change — technically eligible; actual Google indexing status UNVERIFIED, confirm via GSC URL Inspection (do not assume indexed)",High for live technical facts; GSC category claim historical,Low if GSC claim is stale — acting on an outdated category wastes effort; medium for noindex/P0 rows where deployment sequencing matters,No
/motorcycle-service/whitefield,/motorcycle-service/whitefield,"'Discovered — currently not indexed' (docs/seo/31 §3b groups, 2026-09-29)",UNVERIFIED — no GSC export supplied (see 08-original-export-inventory.csv); GSC API not connected,No — export row not supplied,docs/seo/gsc-audit/url-classification.csv (carried from stage 1),HISTORICAL_BASELINE,200,n/a — page serves 200,https://ridencare.co.in/motorcycle-service/whitefield,none (no meta robots — indexable),Yes,19 of 479 pages,Indexable — published for indexing (in sitemap),LIVE_HTTP_VERIFIED; SOURCE_CODE_VERIFIED; HISTORICAL_BASELINE (live state observed 2026-10-09; redirects rechecked 2026-10-10),"Re-verify this claimed category in GSC once the export/API exists; until then treat the category as claimed-not-confirmed. Technical action: No change — technically eligible; actual Google indexing status UNVERIFIED, confirm via GSC URL Inspection (do not assume indexed)",High for live technical facts; GSC category claim historical,Low if GSC claim is stale — acting on an outdated category wastes effort; medium for noindex/P0 rows where deployment sequencing matters,No
https://ridencare.co.in/pricing,/pricing,Retired page redirect | ALSO CLAIMED (INFERRED): 'Page with redirect' (redirect observed live 2026-10-09; GSC row not confirmed — no export),UNVERIFIED — no GSC export supplied (see 08-original-export-inventory.csv); GSC API not connected,No — export row not supplied,docs/seo/gsc-audit/05-redirects-and-soft404.csv,INFERRED,301,301 → https://ridencare.co.in/bikes (1 hop) → https://ridencare.co.in/bikes [rechecked 2026-10-10],https://ridencare.co.in/bikes,n/a — redirect response (no page body),n/a — redirect source URL,n/a — redirect source URL,n/a — redirect source (no page body),LIVE_HTTP_VERIFIED; SOURCE_CODE_VERIFIED; INFERRED (live state observed 2026-10-09; redirects rechecked 2026-10-10),Re-verify this claimed category in GSC once the export/API exists; until then treat the category as claimed-not-confirmed. Technical action: No change — intentional retirement 301 to /bikes,High for live technical facts; GSC category claim inferred,Low if GSC claim is stale — acting on an outdated category wastes effort; medium for noindex/P0 rows where deployment sequencing matters,No
/scooter-service,/scooter-service,"'Discovered — currently not indexed' (docs/seo/31 §3b groups, 2026-09-29)",UNVERIFIED — no GSC export supplied (see 08-original-export-inventory.csv); GSC API not connected,No — export row not supplied,docs/seo/gsc-audit/url-classification.csv (carried from stage 1),HISTORICAL_BASELINE,200,n/a — page serves 200,https://ridencare.co.in/scooter-service,none (no meta robots — indexable),Yes,479 of 479 pages,Indexable — published for indexing (in sitemap),LIVE_HTTP_VERIFIED; SOURCE_CODE_VERIFIED; HISTORICAL_BASELINE (live state observed 2026-10-09; redirects rechecked 2026-10-10),"Re-verify this claimed category in GSC once the export/API exists; until then treat the category as claimed-not-confirmed. Technical action: No change — technically eligible; actual Google indexing status UNVERIFIED, confirm via GSC URL Inspection (do not assume indexed)",High for live technical facts; GSC category claim historical,Low if GSC claim is stale — acting on an outdated category wastes effort; medium for noindex/P0 rows where deployment sequencing matters,No
/scooter-service/koramangala,/scooter-service/koramangala,"'Discovered — currently not indexed' (docs/seo/31 §3b groups, 2026-09-29)",UNVERIFIED — no GSC export supplied (see 08-original-export-inventory.csv); GSC API not connected,No — export row not supplied,docs/seo/gsc-audit/url-classification.csv (carried from stage 1),HISTORICAL_BASELINE,200,n/a — page serves 200,https://ridencare.co.in/scooter-service/koramangala,none (no meta robots — indexable),Yes,21 of 479 pages,Indexable — published for indexing (in sitemap),LIVE_HTTP_VERIFIED; SOURCE_CODE_VERIFIED; HISTORICAL_BASELINE (live state observed 2026-10-09; redirects rechecked 2026-10-10),"Re-verify this claimed category in GSC once the export/API exists; until then treat the category as claimed-not-confirmed. Technical action: No change — technically eligible; actual Google indexing status UNVERIFIED, confirm via GSC URL Inspection (do not assume indexed)",High for live technical facts; GSC category claim historical,Low if GSC claim is stale — acting on an outdated category wastes effort; medium for noindex/P0 rows where deployment sequencing matters,No
/tvs-two-wheeler-service,/tvs-two-wheeler-service,Discovered — currently not indexed (owner-supplied cross-check) | ALSO CLAIMED (INFERRED): 'Discovered — currently not indexed' (owner-supplied cross-check; also in §3b groups; no export row),UNVERIFIED — no GSC export supplied (see 08-original-export-inventory.csv); GSC API not connected,No — export row not supplied,docs/seo/gsc-audit/02-url-by-url-audit.csv (owner-supplied cross-check list),OWNER_SUPPLIED,200,n/a — page serves 200,https://ridencare.co.in/tvs-two-wheeler-service,none (no meta robots — indexable),Yes,6 of 479 pages,Indexable — published for indexing (in sitemap),LIVE_HTTP_VERIFIED; SOURCE_CODE_VERIFIED; OWNER_SUPPLIED (live state observed 2026-10-09; redirects rechecked 2026-10-10),"Re-verify this claimed category in GSC once the export/API exists; until then treat the category as claimed-not-confirmed. Technical action: No change — technically eligible; actual Google indexing status UNVERIFIED, confirm via GSC URL Inspection (do not assume indexed)",High for live technical facts; GSC category claim owner-supplied,Low if GSC claim is stale — acting on an outdated category wastes effort; medium for noindex/P0 rows where deployment sequencing matters,No
UNVERIFIED — exact exported soft-404 URL not recovered (owner-supplied candidate: /franchise),/franchise,Soft 404,UNVERIFIED,No — export row not supplied,docs/seo/gsc-audit/05-redirects-and-soft404.csv,UNVERIFIED,"200 (live, rechecked 2026-10-10)",n/a — page serves 200,https://ridencare.co.in/franchise,none (indexable),Yes,479 of 479 pages link to it,Indexable — published for indexing (sitemap + self-canonical),"LIVE_HTTP_VERIFIED (200, 1415 words, self-canonical, no meta robots, title/H1 present, rechecked 2026-10-10) + OWNER_SUPPLIED (that /franchise is the reported candidate)","Do NOT redirect to clear a GSC warning; present options only: (a) confirm the exact exported URL first, (b) if /franchise genuinely is the row, treat as content-quality review of the franchise page, (c) accept Google's classification if the page is fine. No action this stage.",Low for live facts; exact GSC row UNVERIFIED,Acting blind could redirect a working lead-gen page to the wrong destination,Yes
