Original URL,Actual GSC category,Live HTTP status,Canonical,Robots/noindex state,Sitemap membership,Internal links,Noindex intentional (audit),Should remain excluded (audit),Intent classification,Reason and evidence,Evidence classification,Recommended action,Confidence,Risk,Owner approval required
/areas/banashankari,UNVERIFIED — no GSC export supplied (see 08-original-export-inventory.csv); GSC API not connected,200,https://ridencare.co.in/areas/banashankari,"noindex, follow",No,20 of 479 pages,Yes,No — flip to indexable with the P0 deploy,CHANGE PENDING APPROVED P0 DEPLOY,"Area content gate: src/lib/areas.ts areaRobots() → ""noindex, follow"" unless confirmed && tier=""priority""; banashankari is not a priority guide. Live 2026-10-09: HTTP 200, robots=""noindex, follow"", canonical https://ridencare.co.in/areas/banashankari, absent from sitemap (sitemap hygiene since 2026-09-29; noindex∩sitemap = 0); P0 slug (owner-approved 2026-10-05 plan: docs/seo/bangalore-p0-area-guide-implementation-plan-2026-10-05.md)",LIVE_HTTP_VERIFIED (meta robots + status observed 2026-10-09; /privacy /terms /areas/gunjur re-checked 2026-10-10); SOURCE_CODE_VERIFIED (areas.ts areaRobots / route robots policy at HEAD),"On owner-approved P0 deploy: committed priority content goes live, robots becomes indexable, sitemap gains the URL, then URL-inspect in GSC",High (live robots + committed policy agree),Stays out of the index until the approved deploy lands; do not flip noindex outside that deploy,Yes
/areas/bannerghatta-road,UNVERIFIED — no GSC export supplied (see 08-original-export-inventory.csv); GSC API not connected,200,https://ridencare.co.in/areas/bannerghatta-road,"noindex, follow",No,13 of 479 pages,Yes,"Yes — until owner confirms priority tier + unique content uplift (area-uplift batches, docs/seo/03-content-calendar.md; Q33)",INTENTIONAL EXCLUSION PENDING CONTENT UPLIFT,"Area content gate: src/lib/areas.ts areaRobots() → ""noindex, follow"" unless confirmed && tier=""priority""; bannerghatta-road is not a priority guide. Live 2026-10-09: HTTP 200, robots=""noindex, follow"", canonical https://ridencare.co.in/areas/bannerghatta-road, absent from sitemap (sitemap hygiene since 2026-09-29; noindex∩sitemap = 0)",LIVE_HTTP_VERIFIED (meta robots + status observed 2026-10-09; /privacy /terms /areas/gunjur re-checked 2026-10-10); SOURCE_CODE_VERIFIED (areas.ts areaRobots / route robots policy at HEAD),No change now; flip tier only after content uplift + owner approval,High (live robots + committed policy agree),Remains GSC noindex noise until uplifted; un-gating early would create doorway-pattern pages,Yes
/areas/bommanahalli,UNVERIFIED — no GSC export supplied (see 08-original-export-inventory.csv); GSC API not connected,200,https://ridencare.co.in/areas/bommanahalli,"noindex, follow",No,17 of 479 pages,Yes,"Yes — until owner confirms priority tier + unique content uplift (area-uplift batches, docs/seo/03-content-calendar.md; Q33)",INTENTIONAL EXCLUSION PENDING CONTENT UPLIFT,"Area content gate: src/lib/areas.ts areaRobots() → ""noindex, follow"" unless confirmed && tier=""priority""; bommanahalli is not a priority guide. Live 2026-10-09: HTTP 200, robots=""noindex, follow"", canonical https://ridencare.co.in/areas/bommanahalli, absent from sitemap (sitemap hygiene since 2026-09-29; noindex∩sitemap = 0)",LIVE_HTTP_VERIFIED (meta robots + status observed 2026-10-09; /privacy /terms /areas/gunjur re-checked 2026-10-10); SOURCE_CODE_VERIFIED (areas.ts areaRobots / route robots policy at HEAD),No change now; flip tier only after content uplift + owner approval,High (live robots + committed policy agree),Remains GSC noindex noise until uplifted; un-gating early would create doorway-pattern pages,Yes
/areas/brookefield,UNVERIFIED — no GSC export supplied (see 08-original-export-inventory.csv); GSC API not connected,200,https://ridencare.co.in/areas/brookefield,"noindex, follow",No,14 of 479 pages,Yes,"Yes — until owner confirms priority tier + unique content uplift (area-uplift batches, docs/seo/03-content-calendar.md; Q33)",INTENTIONAL EXCLUSION PENDING CONTENT UPLIFT,"Area content gate: src/lib/areas.ts areaRobots() → ""noindex, follow"" unless confirmed && tier=""priority""; brookefield is not a priority guide. Live 2026-10-09: HTTP 200, robots=""noindex, follow"", canonical https://ridencare.co.in/areas/brookefield, absent from sitemap (sitemap hygiene since 2026-09-29; noindex∩sitemap = 0)",LIVE_HTTP_VERIFIED (meta robots + status observed 2026-10-09; /privacy /terms /areas/gunjur re-checked 2026-10-10); SOURCE_CODE_VERIFIED (areas.ts areaRobots / route robots policy at HEAD),No change now; flip tier only after content uplift + owner approval,High (live robots + committed policy agree),Remains GSC noindex noise until uplifted; un-gating early would create doorway-pattern pages,Yes
/areas/choodasandra,UNVERIFIED — no GSC export supplied (see 08-original-export-inventory.csv); GSC API not connected,200,https://ridencare.co.in/areas/choodasandra,"noindex, follow",No,13 of 479 pages,Yes,"Yes — until owner confirms priority tier + unique content uplift (area-uplift batches, docs/seo/03-content-calendar.md; Q33)",INTENTIONAL EXCLUSION PENDING CONTENT UPLIFT,"Area content gate: src/lib/areas.ts areaRobots() → ""noindex, follow"" unless confirmed && tier=""priority""; choodasandra is not a priority guide. Live 2026-10-09: HTTP 200, robots=""noindex, follow"", canonical https://ridencare.co.in/areas/choodasandra, absent from sitemap (sitemap hygiene since 2026-09-29; noindex∩sitemap = 0)",LIVE_HTTP_VERIFIED (meta robots + status observed 2026-10-09; /privacy /terms /areas/gunjur re-checked 2026-10-10); SOURCE_CODE_VERIFIED (areas.ts areaRobots / route robots policy at HEAD),No change now; flip tier only after content uplift + owner approval,High (live robots + committed policy agree),Remains GSC noindex noise until uplifted; un-gating early would create doorway-pattern pages,Yes
/areas/domlur,UNVERIFIED — no GSC export supplied (see 08-original-export-inventory.csv); GSC API not connected,200,https://ridencare.co.in/areas/domlur,"noindex, follow",No,16 of 479 pages,Yes,"Yes — until owner confirms priority tier + unique content uplift (area-uplift batches, docs/seo/03-content-calendar.md; Q33)",INTENTIONAL EXCLUSION PENDING CONTENT UPLIFT,"Area content gate: src/lib/areas.ts areaRobots() → ""noindex, follow"" unless confirmed && tier=""priority""; domlur is not a priority guide. Live 2026-10-09: HTTP 200, robots=""noindex, follow"", canonical https://ridencare.co.in/areas/domlur, absent from sitemap (sitemap hygiene since 2026-09-29; noindex∩sitemap = 0)",LIVE_HTTP_VERIFIED (meta robots + status observed 2026-10-09; /privacy /terms /areas/gunjur re-checked 2026-10-10); SOURCE_CODE_VERIFIED (areas.ts areaRobots / route robots policy at HEAD),No change now; flip tier only after content uplift + owner approval,High (live robots + committed policy agree),Remains GSC noindex noise until uplifted; un-gating early would create doorway-pattern pages,Yes
/areas/ejipura,UNVERIFIED — no GSC export supplied (see 08-original-export-inventory.csv); GSC API not connected,200,https://ridencare.co.in/areas/ejipura,"noindex, follow",No,17 of 479 pages,Yes,"Yes — until owner confirms priority tier + unique content uplift (area-uplift batches, docs/seo/03-content-calendar.md; Q33)",INTENTIONAL EXCLUSION PENDING CONTENT UPLIFT,"Area content gate: src/lib/areas.ts areaRobots() → ""noindex, follow"" unless confirmed && tier=""priority""; ejipura is not a priority guide. Live 2026-10-09: HTTP 200, robots=""noindex, follow"", canonical https://ridencare.co.in/areas/ejipura, absent from sitemap (sitemap hygiene since 2026-09-29; noindex∩sitemap = 0)",LIVE_HTTP_VERIFIED (meta robots + status observed 2026-10-09; /privacy /terms /areas/gunjur re-checked 2026-10-10); SOURCE_CODE_VERIFIED (areas.ts areaRobots / route robots policy at HEAD),No change now; flip tier only after content uplift + owner approval,High (live robots + committed policy agree),Remains GSC noindex noise until uplifted; un-gating early would create doorway-pattern pages,Yes
/areas/gunjur,UNVERIFIED — no GSC export supplied (see 08-original-export-inventory.csv); GSC API not connected,200,https://ridencare.co.in/areas/gunjur,"noindex, follow",No,14 of 479 pages,Yes,"Yes — until owner confirms priority tier + unique content uplift (area-uplift batches, docs/seo/03-content-calendar.md; Q33)",INTENTIONAL EXCLUSION PENDING CONTENT UPLIFT,"Area content gate: src/lib/areas.ts areaRobots() → ""noindex, follow"" unless confirmed && tier=""priority""; gunjur is not a priority guide. Live 2026-10-09: HTTP 200, robots=""noindex, follow"", canonical https://ridencare.co.in/areas/gunjur, absent from sitemap (sitemap hygiene since 2026-09-29; noindex∩sitemap = 0)",LIVE_HTTP_VERIFIED (meta robots + status observed 2026-10-09; /privacy /terms /areas/gunjur re-checked 2026-10-10); SOURCE_CODE_VERIFIED (areas.ts areaRobots / route robots policy at HEAD),No change now; flip tier only after content uplift + owner approval,High (live robots + committed policy agree),Remains GSC noindex noise until uplifted; un-gating early would create doorway-pattern pages,Yes
/areas/hal,UNVERIFIED — no GSC export supplied (see 08-original-export-inventory.csv); GSC API not connected,200,https://ridencare.co.in/areas/hal,"noindex, follow",No,14 of 479 pages,Yes,"Yes — until owner confirms priority tier + unique content uplift (area-uplift batches, docs/seo/03-content-calendar.md; Q33)",INTENTIONAL EXCLUSION PENDING CONTENT UPLIFT,"Area content gate: src/lib/areas.ts areaRobots() → ""noindex, follow"" unless confirmed && tier=""priority""; hal is not a priority guide. Live 2026-10-09: HTTP 200, robots=""noindex, follow"", canonical https://ridencare.co.in/areas/hal, absent from sitemap (sitemap hygiene since 2026-09-29; noindex∩sitemap = 0)",LIVE_HTTP_VERIFIED (meta robots + status observed 2026-10-09; /privacy /terms /areas/gunjur re-checked 2026-10-10); SOURCE_CODE_VERIFIED (areas.ts areaRobots / route robots policy at HEAD),No change now; flip tier only after content uplift + owner approval,High (live robots + committed policy agree),Remains GSC noindex noise until uplifted; un-gating early would create doorway-pattern pages,Yes
/areas/harlur,UNVERIFIED — no GSC export supplied (see 08-original-export-inventory.csv); GSC API not connected,200,https://ridencare.co.in/areas/harlur,"noindex, follow",No,15 of 479 pages,Yes,"Yes — until owner confirms priority tier + unique content uplift (area-uplift batches, docs/seo/03-content-calendar.md; Q33)",INTENTIONAL EXCLUSION PENDING CONTENT UPLIFT,"Area content gate: src/lib/areas.ts areaRobots() → ""noindex, follow"" unless confirmed && tier=""priority""; harlur is not a priority guide. Live 2026-10-09: HTTP 200, robots=""noindex, follow"", canonical https://ridencare.co.in/areas/harlur, absent from sitemap (sitemap hygiene since 2026-09-29; noindex∩sitemap = 0)",LIVE_HTTP_VERIFIED (meta robots + status observed 2026-10-09; /privacy /terms /areas/gunjur re-checked 2026-10-10); SOURCE_CODE_VERIFIED (areas.ts areaRobots / route robots policy at HEAD),No change now; flip tier only after content uplift + owner approval,High (live robots + committed policy agree),Remains GSC noindex noise until uplifted; un-gating early would create doorway-pattern pages,Yes
/areas/kadubeesanahalli,UNVERIFIED — no GSC export supplied (see 08-original-export-inventory.csv); GSC API not connected,200,https://ridencare.co.in/areas/kadubeesanahalli,"noindex, follow",No,16 of 479 pages,Yes,"Yes — until owner confirms priority tier + unique content uplift (area-uplift batches, docs/seo/03-content-calendar.md; Q33)",INTENTIONAL EXCLUSION PENDING CONTENT UPLIFT,"Area content gate: src/lib/areas.ts areaRobots() → ""noindex, follow"" unless confirmed && tier=""priority""; kadubeesanahalli is not a priority guide. Live 2026-10-09: HTTP 200, robots=""noindex, follow"", canonical https://ridencare.co.in/areas/kadubeesanahalli, absent from sitemap (sitemap hygiene since 2026-09-29; noindex∩sitemap = 0)",LIVE_HTTP_VERIFIED (meta robots + status observed 2026-10-09; /privacy /terms /areas/gunjur re-checked 2026-10-10); SOURCE_CODE_VERIFIED (areas.ts areaRobots / route robots policy at HEAD),No change now; flip tier only after content uplift + owner approval,High (live robots + committed policy agree),Remains GSC noindex noise until uplifted; un-gating early would create doorway-pattern pages,Yes
/areas/kalyan-nagar,UNVERIFIED — no GSC export supplied (see 08-original-export-inventory.csv); GSC API not connected,200,https://ridencare.co.in/areas/kalyan-nagar,"noindex, follow",No,37 of 479 pages,Yes,"Yes — until owner confirms priority tier + unique content uplift (area-uplift batches, docs/seo/03-content-calendar.md; Q33)",INTENTIONAL EXCLUSION PENDING CONTENT UPLIFT,"Area content gate: src/lib/areas.ts areaRobots() → ""noindex, follow"" unless confirmed && tier=""priority""; kalyan-nagar is not a priority guide. Live 2026-10-09: HTTP 200, robots=""noindex, follow"", canonical https://ridencare.co.in/areas/kalyan-nagar, absent from sitemap (sitemap hygiene since 2026-09-29; noindex∩sitemap = 0)",LIVE_HTTP_VERIFIED (meta robots + status observed 2026-10-09; /privacy /terms /areas/gunjur re-checked 2026-10-10); SOURCE_CODE_VERIFIED (areas.ts areaRobots / route robots policy at HEAD),No change now; flip tier only after content uplift + owner approval,High (live robots + committed policy agree),Remains GSC noindex noise until uplifted; un-gating early would create doorway-pattern pages,Yes
/areas/kanakapura-road,UNVERIFIED — no GSC export supplied (see 08-original-export-inventory.csv); GSC API not connected,200,https://ridencare.co.in/areas/kanakapura-road,"noindex, follow",No,14 of 479 pages,Yes,"Yes — until owner confirms priority tier + unique content uplift (area-uplift batches, docs/seo/03-content-calendar.md; Q33)",INTENTIONAL EXCLUSION PENDING CONTENT UPLIFT,"Area content gate: src/lib/areas.ts areaRobots() → ""noindex, follow"" unless confirmed && tier=""priority""; kanakapura-road is not a priority guide. Live 2026-10-09: HTTP 200, robots=""noindex, follow"", canonical https://ridencare.co.in/areas/kanakapura-road, absent from sitemap (sitemap hygiene since 2026-09-29; noindex∩sitemap = 0)",LIVE_HTTP_VERIFIED (meta robots + status observed 2026-10-09; /privacy /terms /areas/gunjur re-checked 2026-10-10); SOURCE_CODE_VERIFIED (areas.ts areaRobots / route robots policy at HEAD),No change now; flip tier only after content uplift + owner approval,High (live robots + committed policy agree),Remains GSC noindex noise until uplifted; un-gating early would create doorway-pattern pages,Yes
/areas/kasavanahalli,UNVERIFIED — no GSC export supplied (see 08-original-export-inventory.csv); GSC API not connected,200,https://ridencare.co.in/areas/kasavanahalli,"noindex, follow",No,14 of 479 pages,Yes,"Yes — until owner confirms priority tier + unique content uplift (area-uplift batches, docs/seo/03-content-calendar.md; Q33)",INTENTIONAL EXCLUSION PENDING CONTENT UPLIFT,"Area content gate: src/lib/areas.ts areaRobots() → ""noindex, follow"" unless confirmed && tier=""priority""; kasavanahalli is not a priority guide. Live 2026-10-09: HTTP 200, robots=""noindex, follow"", canonical https://ridencare.co.in/areas/kasavanahalli, absent from sitemap (sitemap hygiene since 2026-09-29; noindex∩sitemap = 0)",LIVE_HTTP_VERIFIED (meta robots + status observed 2026-10-09; /privacy /terms /areas/gunjur re-checked 2026-10-10); SOURCE_CODE_VERIFIED (areas.ts areaRobots / route robots policy at HEAD),No change now; flip tier only after content uplift + owner approval,High (live robots + committed policy agree),Remains GSC noindex noise until uplifted; un-gating early would create doorway-pattern pages,Yes
/areas/kr-puram,UNVERIFIED — no GSC export supplied (see 08-original-export-inventory.csv); GSC API not connected,200,https://ridencare.co.in/areas/kr-puram,"noindex, follow",No,14 of 479 pages,Yes,No — flip to indexable with the P0 deploy,CHANGE PENDING APPROVED P0 DEPLOY,"Area content gate: src/lib/areas.ts areaRobots() → ""noindex, follow"" unless confirmed && tier=""priority""; kr-puram is not a priority guide. Live 2026-10-09: HTTP 200, robots=""noindex, follow"", canonical https://ridencare.co.in/areas/kr-puram, absent from sitemap (sitemap hygiene since 2026-09-29; noindex∩sitemap = 0); P0 slug (owner-approved 2026-10-05 plan: docs/seo/bangalore-p0-area-guide-implementation-plan-2026-10-05.md)",LIVE_HTTP_VERIFIED (meta robots + status observed 2026-10-09; /privacy /terms /areas/gunjur re-checked 2026-10-10); SOURCE_CODE_VERIFIED (areas.ts areaRobots / route robots policy at HEAD),"On owner-approved P0 deploy: committed priority content goes live, robots becomes indexable, sitemap gains the URL, then URL-inspect in GSC",High (live robots + committed policy agree),Stays out of the index until the approved deploy lands; do not flip noindex outside that deploy,Yes
/areas/kudlu-gate,UNVERIFIED — no GSC export supplied (see 08-original-export-inventory.csv); GSC API not connected,200,https://ridencare.co.in/areas/kudlu-gate,"noindex, follow",No,15 of 479 pages,Yes,"Yes — until owner confirms priority tier + unique content uplift (area-uplift batches, docs/seo/03-content-calendar.md; Q33)",INTENTIONAL EXCLUSION PENDING CONTENT UPLIFT,"Area content gate: src/lib/areas.ts areaRobots() → ""noindex, follow"" unless confirmed && tier=""priority""; kudlu-gate is not a priority guide. Live 2026-10-09: HTTP 200, robots=""noindex, follow"", canonical https://ridencare.co.in/areas/kudlu-gate, absent from sitemap (sitemap hygiene since 2026-09-29; noindex∩sitemap = 0)",LIVE_HTTP_VERIFIED (meta robots + status observed 2026-10-09; /privacy /terms /areas/gunjur re-checked 2026-10-10); SOURCE_CODE_VERIFIED (areas.ts areaRobots / route robots policy at HEAD),No change now; flip tier only after content uplift + owner approval,High (live robots + committed policy agree),Remains GSC noindex noise until uplifted; un-gating early would create doorway-pattern pages,Yes
/areas/madiwala,UNVERIFIED — no GSC export supplied (see 08-original-export-inventory.csv); GSC API not connected,200,https://ridencare.co.in/areas/madiwala,"noindex, follow",No,18 of 479 pages,Yes,No — flip to indexable with the P0 deploy,CHANGE PENDING APPROVED P0 DEPLOY,"Area content gate: src/lib/areas.ts areaRobots() → ""noindex, follow"" unless confirmed && tier=""priority""; madiwala is not a priority guide. Live 2026-10-09: HTTP 200, robots=""noindex, follow"", canonical https://ridencare.co.in/areas/madiwala, absent from sitemap (sitemap hygiene since 2026-09-29; noindex∩sitemap = 0); P0 slug (owner-approved 2026-10-05 plan: docs/seo/bangalore-p0-area-guide-implementation-plan-2026-10-05.md)",LIVE_HTTP_VERIFIED (meta robots + status observed 2026-10-09; /privacy /terms /areas/gunjur re-checked 2026-10-10); SOURCE_CODE_VERIFIED (areas.ts areaRobots / route robots policy at HEAD),"On owner-approved P0 deploy: committed priority content goes live, robots becomes indexable, sitemap gains the URL, then URL-inspect in GSC",High (live robots + committed policy agree),Stays out of the index until the approved deploy lands; do not flip noindex outside that deploy,Yes
/areas/mahadevapura,UNVERIFIED — no GSC export supplied (see 08-original-export-inventory.csv); GSC API not connected,200,https://ridencare.co.in/areas/mahadevapura,"noindex, follow",No,20 of 479 pages,Yes,No — flip to indexable with the P0 deploy,CHANGE PENDING APPROVED P0 DEPLOY,"Area content gate: src/lib/areas.ts areaRobots() → ""noindex, follow"" unless confirmed && tier=""priority""; mahadevapura is not a priority guide. Live 2026-10-09: HTTP 200, robots=""noindex, follow"", canonical https://ridencare.co.in/areas/mahadevapura, absent from sitemap (sitemap hygiene since 2026-09-29; noindex∩sitemap = 0); P0 slug (owner-approved 2026-10-05 plan: docs/seo/bangalore-p0-area-guide-implementation-plan-2026-10-05.md)",LIVE_HTTP_VERIFIED (meta robots + status observed 2026-10-09; /privacy /terms /areas/gunjur re-checked 2026-10-10); SOURCE_CODE_VERIFIED (areas.ts areaRobots / route robots policy at HEAD),"On owner-approved P0 deploy: committed priority content goes live, robots becomes indexable, sitemap gains the URL, then URL-inspect in GSC",High (live robots + committed policy agree),Stays out of the index until the approved deploy lands; do not flip noindex outside that deploy,Yes
/areas/malleshwaram,UNVERIFIED — no GSC export supplied (see 08-original-export-inventory.csv); GSC API not connected,200,https://ridencare.co.in/areas/malleshwaram,"noindex, follow",No,14 of 479 pages,Yes,"Yes — until owner confirms priority tier + unique content uplift (area-uplift batches, docs/seo/03-content-calendar.md; Q33)",INTENTIONAL EXCLUSION PENDING CONTENT UPLIFT,"Area content gate: src/lib/areas.ts areaRobots() → ""noindex, follow"" unless confirmed && tier=""priority""; malleshwaram is not a priority guide. Live 2026-10-09: HTTP 200, robots=""noindex, follow"", canonical https://ridencare.co.in/areas/malleshwaram, absent from sitemap (sitemap hygiene since 2026-09-29; noindex∩sitemap = 0)",LIVE_HTTP_VERIFIED (meta robots + status observed 2026-10-09; /privacy /terms /areas/gunjur re-checked 2026-10-10); SOURCE_CODE_VERIFIED (areas.ts areaRobots / route robots policy at HEAD),No change now; flip tier only after content uplift + owner approval,High (live robots + committed policy agree),Remains GSC noindex noise until uplifted; un-gating early would create doorway-pattern pages,Yes
/areas/mg-road,UNVERIFIED — no GSC export supplied (see 08-original-export-inventory.csv); GSC API not connected,200,https://ridencare.co.in/areas/mg-road,"noindex, follow",No,14 of 479 pages,Yes,No — flip to indexable with the P0 deploy,CHANGE PENDING APPROVED P0 DEPLOY,"Area content gate: src/lib/areas.ts areaRobots() → ""noindex, follow"" unless confirmed && tier=""priority""; mg-road is not a priority guide. Live 2026-10-09: HTTP 200, robots=""noindex, follow"", canonical https://ridencare.co.in/areas/mg-road, absent from sitemap (sitemap hygiene since 2026-09-29; noindex∩sitemap = 0); P0 slug (owner-approved 2026-10-05 plan: docs/seo/bangalore-p0-area-guide-implementation-plan-2026-10-05.md)",LIVE_HTTP_VERIFIED (meta robots + status observed 2026-10-09; /privacy /terms /areas/gunjur re-checked 2026-10-10); SOURCE_CODE_VERIFIED (areas.ts areaRobots / route robots policy at HEAD),"On owner-approved P0 deploy: committed priority content goes live, robots becomes indexable, sitemap gains the URL, then URL-inspect in GSC",High (live robots + committed policy agree),Stays out of the index until the approved deploy lands; do not flip noindex outside that deploy,Yes
/areas/panathur-road,UNVERIFIED — no GSC export supplied (see 08-original-export-inventory.csv); GSC API not connected,200,https://ridencare.co.in/areas/panathur-road,"noindex, follow",No,16 of 479 pages,Yes,"Yes — until owner confirms priority tier + unique content uplift (area-uplift batches, docs/seo/03-content-calendar.md; Q33)",INTENTIONAL EXCLUSION PENDING CONTENT UPLIFT,"Area content gate: src/lib/areas.ts areaRobots() → ""noindex, follow"" unless confirmed && tier=""priority""; panathur-road is not a priority guide. Live 2026-10-09: HTTP 200, robots=""noindex, follow"", canonical https://ridencare.co.in/areas/panathur-road, absent from sitemap (sitemap hygiene since 2026-09-29; noindex∩sitemap = 0)",LIVE_HTTP_VERIFIED (meta robots + status observed 2026-10-09; /privacy /terms /areas/gunjur re-checked 2026-10-10); SOURCE_CODE_VERIFIED (areas.ts areaRobots / route robots policy at HEAD),No change now; flip tier only after content uplift + owner approval,High (live robots + committed policy agree),Remains GSC noindex noise until uplifted; un-gating early would create doorway-pattern pages,Yes
/areas/parappana-agrahara,UNVERIFIED — no GSC export supplied (see 08-original-export-inventory.csv); GSC API not connected,200,https://ridencare.co.in/areas/parappana-agrahara,"noindex, follow",No,14 of 479 pages,Yes,"Yes — until owner confirms priority tier + unique content uplift (area-uplift batches, docs/seo/03-content-calendar.md; Q33)",INTENTIONAL EXCLUSION PENDING CONTENT UPLIFT,"Area content gate: src/lib/areas.ts areaRobots() → ""noindex, follow"" unless confirmed && tier=""priority""; parappana-agrahara is not a priority guide. Live 2026-10-09: HTTP 200, robots=""noindex, follow"", canonical https://ridencare.co.in/areas/parappana-agrahara, absent from sitemap (sitemap hygiene since 2026-09-29; noindex∩sitemap = 0)",LIVE_HTTP_VERIFIED (meta robots + status observed 2026-10-09; /privacy /terms /areas/gunjur re-checked 2026-10-10); SOURCE_CODE_VERIFIED (areas.ts areaRobots / route robots policy at HEAD),No change now; flip tier only after content uplift + owner approval,High (live robots + committed policy agree),Remains GSC noindex noise until uplifted; un-gating early would create doorway-pattern pages,Yes
/areas/peenya,UNVERIFIED — no GSC export supplied (see 08-original-export-inventory.csv); GSC API not connected,200,https://ridencare.co.in/areas/peenya,"noindex, follow",No,13 of 479 pages,Yes,"Yes — until owner confirms priority tier + unique content uplift (area-uplift batches, docs/seo/03-content-calendar.md; Q33)",INTENTIONAL EXCLUSION PENDING CONTENT UPLIFT,"Area content gate: src/lib/areas.ts areaRobots() → ""noindex, follow"" unless confirmed && tier=""priority""; peenya is not a priority guide. Live 2026-10-09: HTTP 200, robots=""noindex, follow"", canonical https://ridencare.co.in/areas/peenya, absent from sitemap (sitemap hygiene since 2026-09-29; noindex∩sitemap = 0)",LIVE_HTTP_VERIFIED (meta robots + status observed 2026-10-09; /privacy /terms /areas/gunjur re-checked 2026-10-10); SOURCE_CODE_VERIFIED (areas.ts areaRobots / route robots policy at HEAD),No change now; flip tier only after content uplift + owner approval,High (live robots + committed policy agree),Remains GSC noindex noise until uplifted; un-gating early would create doorway-pattern pages,Yes
/areas/rajajinagar,UNVERIFIED — no GSC export supplied (see 08-original-export-inventory.csv); GSC API not connected,200,https://ridencare.co.in/areas/rajajinagar,"noindex, follow",No,14 of 479 pages,Yes,"Yes — until owner confirms priority tier + unique content uplift (area-uplift batches, docs/seo/03-content-calendar.md; Q33)",INTENTIONAL EXCLUSION PENDING CONTENT UPLIFT,"Area content gate: src/lib/areas.ts areaRobots() → ""noindex, follow"" unless confirmed && tier=""priority""; rajajinagar is not a priority guide. Live 2026-10-09: HTTP 200, robots=""noindex, follow"", canonical https://ridencare.co.in/areas/rajajinagar, absent from sitemap (sitemap hygiene since 2026-09-29; noindex∩sitemap = 0)",LIVE_HTTP_VERIFIED (meta robots + status observed 2026-10-09; /privacy /terms /areas/gunjur re-checked 2026-10-10); SOURCE_CODE_VERIFIED (areas.ts areaRobots / route robots policy at HEAD),No change now; flip tier only after content uplift + owner approval,High (live robots + committed policy agree),Remains GSC noindex noise until uplifted; un-gating early would create doorway-pattern pages,Yes
/areas/singasandra,UNVERIFIED — no GSC export supplied (see 08-original-export-inventory.csv); GSC API not connected,200,https://ridencare.co.in/areas/singasandra,"noindex, follow",No,15 of 479 pages,Yes,"Yes — until owner confirms priority tier + unique content uplift (area-uplift batches, docs/seo/03-content-calendar.md; Q33)",INTENTIONAL EXCLUSION PENDING CONTENT UPLIFT,"Area content gate: src/lib/areas.ts areaRobots() → ""noindex, follow"" unless confirmed && tier=""priority""; singasandra is not a priority guide. Live 2026-10-09: HTTP 200, robots=""noindex, follow"", canonical https://ridencare.co.in/areas/singasandra, absent from sitemap (sitemap hygiene since 2026-09-29; noindex∩sitemap = 0)",LIVE_HTTP_VERIFIED (meta robots + status observed 2026-10-09; /privacy /terms /areas/gunjur re-checked 2026-10-10); SOURCE_CODE_VERIFIED (areas.ts areaRobots / route robots policy at HEAD),No change now; flip tier only after content uplift + owner approval,High (live robots + committed policy agree),Remains GSC noindex noise until uplifted; un-gating early would create doorway-pattern pages,Yes
/areas/varthur,UNVERIFIED — no GSC export supplied (see 08-original-export-inventory.csv); GSC API not connected,200,https://ridencare.co.in/areas/varthur,"noindex, follow",No,14 of 479 pages,Yes,"Yes — until owner confirms priority tier + unique content uplift (area-uplift batches, docs/seo/03-content-calendar.md; Q33)",INTENTIONAL EXCLUSION PENDING CONTENT UPLIFT,"Area content gate: src/lib/areas.ts areaRobots() → ""noindex, follow"" unless confirmed && tier=""priority""; varthur is not a priority guide. Live 2026-10-09: HTTP 200, robots=""noindex, follow"", canonical https://ridencare.co.in/areas/varthur, absent from sitemap (sitemap hygiene since 2026-09-29; noindex∩sitemap = 0)",LIVE_HTTP_VERIFIED (meta robots + status observed 2026-10-09; /privacy /terms /areas/gunjur re-checked 2026-10-10); SOURCE_CODE_VERIFIED (areas.ts areaRobots / route robots policy at HEAD),No change now; flip tier only after content uplift + owner approval,High (live robots + committed policy agree),Remains GSC noindex noise until uplifted; un-gating early would create doorway-pattern pages,Yes
/areas/yelahanka,UNVERIFIED — no GSC export supplied (see 08-original-export-inventory.csv); GSC API not connected,200,https://ridencare.co.in/areas/yelahanka,"noindex, follow",No,12 of 479 pages,Yes,"Yes — until owner confirms priority tier + unique content uplift (area-uplift batches, docs/seo/03-content-calendar.md; Q33)",INTENTIONAL EXCLUSION PENDING CONTENT UPLIFT,"Area content gate: src/lib/areas.ts areaRobots() → ""noindex, follow"" unless confirmed && tier=""priority""; yelahanka is not a priority guide. Live 2026-10-09: HTTP 200, robots=""noindex, follow"", canonical https://ridencare.co.in/areas/yelahanka, absent from sitemap (sitemap hygiene since 2026-09-29; noindex∩sitemap = 0)",LIVE_HTTP_VERIFIED (meta robots + status observed 2026-10-09; /privacy /terms /areas/gunjur re-checked 2026-10-10); SOURCE_CODE_VERIFIED (areas.ts areaRobots / route robots policy at HEAD),No change now; flip tier only after content uplift + owner approval,High (live robots + committed policy agree),Remains GSC noindex noise until uplifted; un-gating early would create doorway-pattern pages,Yes
/areas/yeshwanthpur,UNVERIFIED — no GSC export supplied (see 08-original-export-inventory.csv); GSC API not connected,200,https://ridencare.co.in/areas/yeshwanthpur,"noindex, follow",No,15 of 479 pages,Yes,"Yes — until owner confirms priority tier + unique content uplift (area-uplift batches, docs/seo/03-content-calendar.md; Q33)",INTENTIONAL EXCLUSION PENDING CONTENT UPLIFT,"Area content gate: src/lib/areas.ts areaRobots() → ""noindex, follow"" unless confirmed && tier=""priority""; yeshwanthpur is not a priority guide. Live 2026-10-09: HTTP 200, robots=""noindex, follow"", canonical https://ridencare.co.in/areas/yeshwanthpur, absent from sitemap (sitemap hygiene since 2026-09-29; noindex∩sitemap = 0)",LIVE_HTTP_VERIFIED (meta robots + status observed 2026-10-09; /privacy /terms /areas/gunjur re-checked 2026-10-10); SOURCE_CODE_VERIFIED (areas.ts areaRobots / route robots policy at HEAD),No change now; flip tier only after content uplift + owner approval,High (live robots + committed policy agree),Remains GSC noindex noise until uplifted; un-gating early would create doorway-pattern pages,Yes
/auth,UNVERIFIED — no GSC export supplied (see 08-original-export-inventory.csv); GSC API not connected,200,https://ridencare.co.in/auth,"noindex, nofollow",No,1 of 479 pages,Yes,Yes — never indexable,INTENTIONAL EXCLUSION — KEEP,"Live 2026-10-09: HTTP 200, robots=""noindex, nofollow"", canonical https://ridencare.co.in/auth, absent from sitemap. Authentication page; also Disallowed in public/robots.txt (/auth) — double protection",LIVE_HTTP_VERIFIED (meta robots + status observed 2026-10-09; /privacy /terms /areas/gunjur re-checked 2026-10-10); SOURCE_CODE_VERIFIED (areas.ts areaRobots / route robots policy at HEAD),No change,High (live robots + committed policy agree),None while kept excluded; promoting it would publish irrelevant or unreviewed content,Yes (any future change)
/bike-repair/banashankari,UNVERIFIED — no GSC export supplied (see 08-original-export-inventory.csv); GSC API not connected,200,https://ridencare.co.in/bike-repair/banashankari,"noindex, follow",No,9 of 479 pages,Yes,No — flip together with its /areas/{slug} P0 guide on deploy,CHANGE PENDING APPROVED P0 DEPLOY,"Service×area page inherits the area gate: src/routes/$service.$area.tsx applies areaRobots(area); banashankari is unconfirmed/non-priority → ""noindex, follow"". Live 2026-10-09: HTTP 200, robots=""noindex, follow"", canonical https://ridencare.co.in/bike-repair/banashankari, absent from sitemap; P0 slug pair (2026-10-05 plan)",LIVE_HTTP_VERIFIED (meta robots + status observed 2026-10-09; /privacy /terms /areas/gunjur re-checked 2026-10-10); SOURCE_CODE_VERIFIED (areas.ts areaRobots / route robots policy at HEAD),Flip with the P0 deploy; verify robots + sitemap membership + GSC inspection afterwards,High (live robots + committed policy agree),Stays out of the index until the approved deploy lands; do not flip noindex outside that deploy,Yes
/bike-repair/bannerghatta-road,UNVERIFIED — no GSC export supplied (see 08-original-export-inventory.csv); GSC API not connected,200,https://ridencare.co.in/bike-repair/bannerghatta-road,"noindex, follow",No,6 of 479 pages,Yes,Yes — follows the area decision (noindex while the area page itself is noindex),INTENTIONAL EXCLUSION — KEEP (follows area-page decision),"Service×area page inherits the area gate: src/routes/$service.$area.tsx applies areaRobots(area); bannerghatta-road is unconfirmed/non-priority → ""noindex, follow"". Live 2026-10-09: HTTP 200, robots=""noindex, follow"", canonical https://ridencare.co.in/bike-repair/bannerghatta-road, absent from sitemap",LIVE_HTTP_VERIFIED (meta robots + status observed 2026-10-09; /privacy /terms /areas/gunjur re-checked 2026-10-10); SOURCE_CODE_VERIFIED (areas.ts areaRobots / route robots policy at HEAD),No change until the corresponding area page is promoted,High (live robots + committed policy agree),Low — GSC report noise only; do not remove noindex sitewide,Yes (any future change)
/bike-repair/bommanahalli,UNVERIFIED — no GSC export supplied (see 08-original-export-inventory.csv); GSC API not connected,200,https://ridencare.co.in/bike-repair/bommanahalli,"noindex, follow",No,11 of 479 pages,Yes,Yes — follows the area decision (noindex while the area page itself is noindex),INTENTIONAL EXCLUSION — KEEP (follows area-page decision),"Service×area page inherits the area gate: src/routes/$service.$area.tsx applies areaRobots(area); bommanahalli is unconfirmed/non-priority → ""noindex, follow"". Live 2026-10-09: HTTP 200, robots=""noindex, follow"", canonical https://ridencare.co.in/bike-repair/bommanahalli, absent from sitemap",LIVE_HTTP_VERIFIED (meta robots + status observed 2026-10-09; /privacy /terms /areas/gunjur re-checked 2026-10-10); SOURCE_CODE_VERIFIED (areas.ts areaRobots / route robots policy at HEAD),No change until the corresponding area page is promoted,High (live robots + committed policy agree),Low — GSC report noise only; do not remove noindex sitewide,Yes (any future change)
/bike-repair/brookefield,UNVERIFIED — no GSC export supplied (see 08-original-export-inventory.csv); GSC API not connected,200,https://ridencare.co.in/bike-repair/brookefield,"noindex, follow",No,8 of 479 pages,Yes,Yes — follows the area decision (noindex while the area page itself is noindex),INTENTIONAL EXCLUSION — KEEP (follows area-page decision),"Service×area page inherits the area gate: src/routes/$service.$area.tsx applies areaRobots(area); brookefield is unconfirmed/non-priority → ""noindex, follow"". Live 2026-10-09: HTTP 200, robots=""noindex, follow"", canonical https://ridencare.co.in/bike-repair/brookefield, absent from sitemap",LIVE_HTTP_VERIFIED (meta robots + status observed 2026-10-09; /privacy /terms /areas/gunjur re-checked 2026-10-10); SOURCE_CODE_VERIFIED (areas.ts areaRobots / route robots policy at HEAD),No change until the corresponding area page is promoted,High (live robots + committed policy agree),Low — GSC report noise only; do not remove noindex sitewide,Yes (any future change)
/bike-repair/choodasandra,UNVERIFIED — no GSC export supplied (see 08-original-export-inventory.csv); GSC API not connected,200,https://ridencare.co.in/bike-repair/choodasandra,"noindex, follow",No,7 of 479 pages,Yes,Yes — follows the area decision (noindex while the area page itself is noindex),INTENTIONAL EXCLUSION — KEEP (follows area-page decision),"Service×area page inherits the area gate: src/routes/$service.$area.tsx applies areaRobots(area); choodasandra is unconfirmed/non-priority → ""noindex, follow"". Live 2026-10-09: HTTP 200, robots=""noindex, follow"", canonical https://ridencare.co.in/bike-repair/choodasandra, absent from sitemap",LIVE_HTTP_VERIFIED (meta robots + status observed 2026-10-09; /privacy /terms /areas/gunjur re-checked 2026-10-10); SOURCE_CODE_VERIFIED (areas.ts areaRobots / route robots policy at HEAD),No change until the corresponding area page is promoted,High (live robots + committed policy agree),Low — GSC report noise only; do not remove noindex sitewide,Yes (any future change)
/bike-repair/domlur,UNVERIFIED — no GSC export supplied (see 08-original-export-inventory.csv); GSC API not connected,200,https://ridencare.co.in/bike-repair/domlur,"noindex, follow",No,10 of 479 pages,Yes,Yes — follows the area decision (noindex while the area page itself is noindex),INTENTIONAL EXCLUSION — KEEP (follows area-page decision),"Service×area page inherits the area gate: src/routes/$service.$area.tsx applies areaRobots(area); domlur is unconfirmed/non-priority → ""noindex, follow"". Live 2026-10-09: HTTP 200, robots=""noindex, follow"", canonical https://ridencare.co.in/bike-repair/domlur, absent from sitemap",LIVE_HTTP_VERIFIED (meta robots + status observed 2026-10-09; /privacy /terms /areas/gunjur re-checked 2026-10-10); SOURCE_CODE_VERIFIED (areas.ts areaRobots / route robots policy at HEAD),No change until the corresponding area page is promoted,High (live robots + committed policy agree),Low — GSC report noise only; do not remove noindex sitewide,Yes (any future change)
/bike-repair/ejipura,UNVERIFIED — no GSC export supplied (see 08-original-export-inventory.csv); GSC API not connected,200,https://ridencare.co.in/bike-repair/ejipura,"noindex, follow",No,11 of 479 pages,Yes,Yes — follows the area decision (noindex while the area page itself is noindex),INTENTIONAL EXCLUSION — KEEP (follows area-page decision),"Service×area page inherits the area gate: src/routes/$service.$area.tsx applies areaRobots(area); ejipura is unconfirmed/non-priority → ""noindex, follow"". Live 2026-10-09: HTTP 200, robots=""noindex, follow"", canonical https://ridencare.co.in/bike-repair/ejipura, absent from sitemap",LIVE_HTTP_VERIFIED (meta robots + status observed 2026-10-09; /privacy /terms /areas/gunjur re-checked 2026-10-10); SOURCE_CODE_VERIFIED (areas.ts areaRobots / route robots policy at HEAD),No change until the corresponding area page is promoted,High (live robots + committed policy agree),Low — GSC report noise only; do not remove noindex sitewide,Yes (any future change)
/bike-repair/gunjur,UNVERIFIED — no GSC export supplied (see 08-original-export-inventory.csv); GSC API not connected,200,https://ridencare.co.in/bike-repair/gunjur,"noindex, follow",No,8 of 479 pages,Yes,Yes — follows the area decision (noindex while the area page itself is noindex),INTENTIONAL EXCLUSION — KEEP (follows area-page decision),"Service×area page inherits the area gate: src/routes/$service.$area.tsx applies areaRobots(area); gunjur is unconfirmed/non-priority → ""noindex, follow"". Live 2026-10-09: HTTP 200, robots=""noindex, follow"", canonical https://ridencare.co.in/bike-repair/gunjur, absent from sitemap",LIVE_HTTP_VERIFIED (meta robots + status observed 2026-10-09; /privacy /terms /areas/gunjur re-checked 2026-10-10); SOURCE_CODE_VERIFIED (areas.ts areaRobots / route robots policy at HEAD),No change until the corresponding area page is promoted,High (live robots + committed policy agree),Low — GSC report noise only; do not remove noindex sitewide,Yes (any future change)
/bike-repair/hal,UNVERIFIED — no GSC export supplied (see 08-original-export-inventory.csv); GSC API not connected,200,https://ridencare.co.in/bike-repair/hal,"noindex, follow",No,8 of 479 pages,Yes,Yes — follows the area decision (noindex while the area page itself is noindex),INTENTIONAL EXCLUSION — KEEP (follows area-page decision),"Service×area page inherits the area gate: src/routes/$service.$area.tsx applies areaRobots(area); hal is unconfirmed/non-priority → ""noindex, follow"". Live 2026-10-09: HTTP 200, robots=""noindex, follow"", canonical https://ridencare.co.in/bike-repair/hal, absent from sitemap",LIVE_HTTP_VERIFIED (meta robots + status observed 2026-10-09; /privacy /terms /areas/gunjur re-checked 2026-10-10); SOURCE_CODE_VERIFIED (areas.ts areaRobots / route robots policy at HEAD),No change until the corresponding area page is promoted,High (live robots + committed policy agree),Low — GSC report noise only; do not remove noindex sitewide,Yes (any future change)
/bike-repair/harlur,UNVERIFIED — no GSC export supplied (see 08-original-export-inventory.csv); GSC API not connected,200,https://ridencare.co.in/bike-repair/harlur,"noindex, follow",No,9 of 479 pages,Yes,Yes — follows the area decision (noindex while the area page itself is noindex),INTENTIONAL EXCLUSION — KEEP (follows area-page decision),"Service×area page inherits the area gate: src/routes/$service.$area.tsx applies areaRobots(area); harlur is unconfirmed/non-priority → ""noindex, follow"". Live 2026-10-09: HTTP 200, robots=""noindex, follow"", canonical https://ridencare.co.in/bike-repair/harlur, absent from sitemap",LIVE_HTTP_VERIFIED (meta robots + status observed 2026-10-09; /privacy /terms /areas/gunjur re-checked 2026-10-10); SOURCE_CODE_VERIFIED (areas.ts areaRobots / route robots policy at HEAD),No change until the corresponding area page is promoted,High (live robots + committed policy agree),Low — GSC report noise only; do not remove noindex sitewide,Yes (any future change)
/bike-repair/kadubeesanahalli,UNVERIFIED — no GSC export supplied (see 08-original-export-inventory.csv); GSC API not connected,200,https://ridencare.co.in/bike-repair/kadubeesanahalli,"noindex, follow",No,10 of 479 pages,Yes,Yes — follows the area decision (noindex while the area page itself is noindex),INTENTIONAL EXCLUSION — KEEP (follows area-page decision),"Service×area page inherits the area gate: src/routes/$service.$area.tsx applies areaRobots(area); kadubeesanahalli is unconfirmed/non-priority → ""noindex, follow"". Live 2026-10-09: HTTP 200, robots=""noindex, follow"", canonical https://ridencare.co.in/bike-repair/kadubeesanahalli, absent from sitemap",LIVE_HTTP_VERIFIED (meta robots + status observed 2026-10-09; /privacy /terms /areas/gunjur re-checked 2026-10-10); SOURCE_CODE_VERIFIED (areas.ts areaRobots / route robots policy at HEAD),No change until the corresponding area page is promoted,High (live robots + committed policy agree),Low — GSC report noise only; do not remove noindex sitewide,Yes (any future change)
/bike-repair/kalyan-nagar,UNVERIFIED — no GSC export supplied (see 08-original-export-inventory.csv); GSC API not connected,200,https://ridencare.co.in/bike-repair/kalyan-nagar,"noindex, follow",No,8 of 479 pages,Yes,Yes — follows the area decision (noindex while the area page itself is noindex),INTENTIONAL EXCLUSION — KEEP (follows area-page decision),"Service×area page inherits the area gate: src/routes/$service.$area.tsx applies areaRobots(area); kalyan-nagar is unconfirmed/non-priority → ""noindex, follow"". Live 2026-10-09: HTTP 200, robots=""noindex, follow"", canonical https://ridencare.co.in/bike-repair/kalyan-nagar, absent from sitemap",LIVE_HTTP_VERIFIED (meta robots + status observed 2026-10-09; /privacy /terms /areas/gunjur re-checked 2026-10-10); SOURCE_CODE_VERIFIED (areas.ts areaRobots / route robots policy at HEAD),No change until the corresponding area page is promoted,High (live robots + committed policy agree),Low — GSC report noise only; do not remove noindex sitewide,Yes (any future change)
/bike-repair/kanakapura-road,UNVERIFIED — no GSC export supplied (see 08-original-export-inventory.csv); GSC API not connected,200,https://ridencare.co.in/bike-repair/kanakapura-road,"noindex, follow",No,7 of 479 pages,Yes,Yes — follows the area decision (noindex while the area page itself is noindex),INTENTIONAL EXCLUSION — KEEP (follows area-page decision),"Service×area page inherits the area gate: src/routes/$service.$area.tsx applies areaRobots(area); kanakapura-road is unconfirmed/non-priority → ""noindex, follow"". Live 2026-10-09: HTTP 200, robots=""noindex, follow"", canonical https://ridencare.co.in/bike-repair/kanakapura-road, absent from sitemap",LIVE_HTTP_VERIFIED (meta robots + status observed 2026-10-09; /privacy /terms /areas/gunjur re-checked 2026-10-10); SOURCE_CODE_VERIFIED (areas.ts areaRobots / route robots policy at HEAD),No change until the corresponding area page is promoted,High (live robots + committed policy agree),Low — GSC report noise only; do not remove noindex sitewide,Yes (any future change)
/bike-repair/kasavanahalli,UNVERIFIED — no GSC export supplied (see 08-original-export-inventory.csv); GSC API not connected,200,https://ridencare.co.in/bike-repair/kasavanahalli,"noindex, follow",No,8 of 479 pages,Yes,Yes — follows the area decision (noindex while the area page itself is noindex),INTENTIONAL EXCLUSION — KEEP (follows area-page decision),"Service×area page inherits the area gate: src/routes/$service.$area.tsx applies areaRobots(area); kasavanahalli is unconfirmed/non-priority → ""noindex, follow"". Live 2026-10-09: HTTP 200, robots=""noindex, follow"", canonical https://ridencare.co.in/bike-repair/kasavanahalli, absent from sitemap",LIVE_HTTP_VERIFIED (meta robots + status observed 2026-10-09; /privacy /terms /areas/gunjur re-checked 2026-10-10); SOURCE_CODE_VERIFIED (areas.ts areaRobots / route robots policy at HEAD),No change until the corresponding area page is promoted,High (live robots + committed policy agree),Low — GSC report noise only; do not remove noindex sitewide,Yes (any future change)
/bike-repair/kr-puram,UNVERIFIED — no GSC export supplied (see 08-original-export-inventory.csv); GSC API not connected,200,https://ridencare.co.in/bike-repair/kr-puram,"noindex, follow",No,8 of 479 pages,Yes,No — flip together with its /areas/{slug} P0 guide on deploy,CHANGE PENDING APPROVED P0 DEPLOY,"Service×area page inherits the area gate: src/routes/$service.$area.tsx applies areaRobots(area); kr-puram is unconfirmed/non-priority → ""noindex, follow"". Live 2026-10-09: HTTP 200, robots=""noindex, follow"", canonical https://ridencare.co.in/bike-repair/kr-puram, absent from sitemap; P0 slug pair (2026-10-05 plan)",LIVE_HTTP_VERIFIED (meta robots + status observed 2026-10-09; /privacy /terms /areas/gunjur re-checked 2026-10-10); SOURCE_CODE_VERIFIED (areas.ts areaRobots / route robots policy at HEAD),Flip with the P0 deploy; verify robots + sitemap membership + GSC inspection afterwards,High (live robots + committed policy agree),Stays out of the index until the approved deploy lands; do not flip noindex outside that deploy,Yes
/bike-repair/kudlu-gate,UNVERIFIED — no GSC export supplied (see 08-original-export-inventory.csv); GSC API not connected,200,https://ridencare.co.in/bike-repair/kudlu-gate,"noindex, follow",No,9 of 479 pages,Yes,Yes — follows the area decision (noindex while the area page itself is noindex),INTENTIONAL EXCLUSION — KEEP (follows area-page decision),"Service×area page inherits the area gate: src/routes/$service.$area.tsx applies areaRobots(area); kudlu-gate is unconfirmed/non-priority → ""noindex, follow"". Live 2026-10-09: HTTP 200, robots=""noindex, follow"", canonical https://ridencare.co.in/bike-repair/kudlu-gate, absent from sitemap",LIVE_HTTP_VERIFIED (meta robots + status observed 2026-10-09; /privacy /terms /areas/gunjur re-checked 2026-10-10); SOURCE_CODE_VERIFIED (areas.ts areaRobots / route robots policy at HEAD),No change until the corresponding area page is promoted,High (live robots + committed policy agree),Low — GSC report noise only; do not remove noindex sitewide,Yes (any future change)
/bike-repair/madiwala,UNVERIFIED — no GSC export supplied (see 08-original-export-inventory.csv); GSC API not connected,200,https://ridencare.co.in/bike-repair/madiwala,"noindex, follow",No,12 of 479 pages,Yes,No — flip together with its /areas/{slug} P0 guide on deploy,CHANGE PENDING APPROVED P0 DEPLOY,"Service×area page inherits the area gate: src/routes/$service.$area.tsx applies areaRobots(area); madiwala is unconfirmed/non-priority → ""noindex, follow"". Live 2026-10-09: HTTP 200, robots=""noindex, follow"", canonical https://ridencare.co.in/bike-repair/madiwala, absent from sitemap; P0 slug pair (2026-10-05 plan)",LIVE_HTTP_VERIFIED (meta robots + status observed 2026-10-09; /privacy /terms /areas/gunjur re-checked 2026-10-10); SOURCE_CODE_VERIFIED (areas.ts areaRobots / route robots policy at HEAD),Flip with the P0 deploy; verify robots + sitemap membership + GSC inspection afterwards,High (live robots + committed policy agree),Stays out of the index until the approved deploy lands; do not flip noindex outside that deploy,Yes
/bike-repair/mahadevapura,UNVERIFIED — no GSC export supplied (see 08-original-export-inventory.csv); GSC API not connected,200,https://ridencare.co.in/bike-repair/mahadevapura,"noindex, follow",No,9 of 479 pages,Yes,No — flip together with its /areas/{slug} P0 guide on deploy,CHANGE PENDING APPROVED P0 DEPLOY,"Service×area page inherits the area gate: src/routes/$service.$area.tsx applies areaRobots(area); mahadevapura is unconfirmed/non-priority → ""noindex, follow"". Live 2026-10-09: HTTP 200, robots=""noindex, follow"", canonical https://ridencare.co.in/bike-repair/mahadevapura, absent from sitemap; P0 slug pair (2026-10-05 plan)",LIVE_HTTP_VERIFIED (meta robots + status observed 2026-10-09; /privacy /terms /areas/gunjur re-checked 2026-10-10); SOURCE_CODE_VERIFIED (areas.ts areaRobots / route robots policy at HEAD),Flip with the P0 deploy; verify robots + sitemap membership + GSC inspection afterwards,High (live robots + committed policy agree),Stays out of the index until the approved deploy lands; do not flip noindex outside that deploy,Yes
/bike-repair/malleshwaram,UNVERIFIED — no GSC export supplied (see 08-original-export-inventory.csv); GSC API not connected,200,https://ridencare.co.in/bike-repair/malleshwaram,"noindex, follow",No,8 of 479 pages,Yes,Yes — follows the area decision (noindex while the area page itself is noindex),INTENTIONAL EXCLUSION — KEEP (follows area-page decision),"Service×area page inherits the area gate: src/routes/$service.$area.tsx applies areaRobots(area); malleshwaram is unconfirmed/non-priority → ""noindex, follow"". Live 2026-10-09: HTTP 200, robots=""noindex, follow"", canonical https://ridencare.co.in/bike-repair/malleshwaram, absent from sitemap",LIVE_HTTP_VERIFIED (meta robots + status observed 2026-10-09; /privacy /terms /areas/gunjur re-checked 2026-10-10); SOURCE_CODE_VERIFIED (areas.ts areaRobots / route robots policy at HEAD),No change until the corresponding area page is promoted,High (live robots + committed policy agree),Low — GSC report noise only; do not remove noindex sitewide,Yes (any future change)
/bike-repair/mg-road,UNVERIFIED — no GSC export supplied (see 08-original-export-inventory.csv); GSC API not connected,200,https://ridencare.co.in/bike-repair/mg-road,"noindex, follow",No,8 of 479 pages,Yes,No — flip together with its /areas/{slug} P0 guide on deploy,CHANGE PENDING APPROVED P0 DEPLOY,"Service×area page inherits the area gate: src/routes/$service.$area.tsx applies areaRobots(area); mg-road is unconfirmed/non-priority → ""noindex, follow"". Live 2026-10-09: HTTP 200, robots=""noindex, follow"", canonical https://ridencare.co.in/bike-repair/mg-road, absent from sitemap; P0 slug pair (2026-10-05 plan)",LIVE_HTTP_VERIFIED (meta robots + status observed 2026-10-09; /privacy /terms /areas/gunjur re-checked 2026-10-10); SOURCE_CODE_VERIFIED (areas.ts areaRobots / route robots policy at HEAD),Flip with the P0 deploy; verify robots + sitemap membership + GSC inspection afterwards,High (live robots + committed policy agree),Stays out of the index until the approved deploy lands; do not flip noindex outside that deploy,Yes
/bike-repair/panathur-road,UNVERIFIED — no GSC export supplied (see 08-original-export-inventory.csv); GSC API not connected,200,https://ridencare.co.in/bike-repair/panathur-road,"noindex, follow",No,10 of 479 pages,Yes,Yes — follows the area decision (noindex while the area page itself is noindex),INTENTIONAL EXCLUSION — KEEP (follows area-page decision),"Service×area page inherits the area gate: src/routes/$service.$area.tsx applies areaRobots(area); panathur-road is unconfirmed/non-priority → ""noindex, follow"". Live 2026-10-09: HTTP 200, robots=""noindex, follow"", canonical https://ridencare.co.in/bike-repair/panathur-road, absent from sitemap",LIVE_HTTP_VERIFIED (meta robots + status observed 2026-10-09; /privacy /terms /areas/gunjur re-checked 2026-10-10); SOURCE_CODE_VERIFIED (areas.ts areaRobots / route robots policy at HEAD),No change until the corresponding area page is promoted,High (live robots + committed policy agree),Low — GSC report noise only; do not remove noindex sitewide,Yes (any future change)
/bike-repair/parappana-agrahara,UNVERIFIED — no GSC export supplied (see 08-original-export-inventory.csv); GSC API not connected,200,https://ridencare.co.in/bike-repair/parappana-agrahara,"noindex, follow",No,8 of 479 pages,Yes,Yes — follows the area decision (noindex while the area page itself is noindex),INTENTIONAL EXCLUSION — KEEP (follows area-page decision),"Service×area page inherits the area gate: src/routes/$service.$area.tsx applies areaRobots(area); parappana-agrahara is unconfirmed/non-priority → ""noindex, follow"". Live 2026-10-09: HTTP 200, robots=""noindex, follow"", canonical https://ridencare.co.in/bike-repair/parappana-agrahara, absent from sitemap",LIVE_HTTP_VERIFIED (meta robots + status observed 2026-10-09; /privacy /terms /areas/gunjur re-checked 2026-10-10); SOURCE_CODE_VERIFIED (areas.ts areaRobots / route robots policy at HEAD),No change until the corresponding area page is promoted,High (live robots + committed policy agree),Low — GSC report noise only; do not remove noindex sitewide,Yes (any future change)
/bike-repair/peenya,UNVERIFIED — no GSC export supplied (see 08-original-export-inventory.csv); GSC API not connected,200,https://ridencare.co.in/bike-repair/peenya,"noindex, follow",No,7 of 479 pages,Yes,Yes — follows the area decision (noindex while the area page itself is noindex),INTENTIONAL EXCLUSION — KEEP (follows area-page decision),"Service×area page inherits the area gate: src/routes/$service.$area.tsx applies areaRobots(area); peenya is unconfirmed/non-priority → ""noindex, follow"". Live 2026-10-09: HTTP 200, robots=""noindex, follow"", canonical https://ridencare.co.in/bike-repair/peenya, absent from sitemap",LIVE_HTTP_VERIFIED (meta robots + status observed 2026-10-09; /privacy /terms /areas/gunjur re-checked 2026-10-10); SOURCE_CODE_VERIFIED (areas.ts areaRobots / route robots policy at HEAD),No change until the corresponding area page is promoted,High (live robots + committed policy agree),Low — GSC report noise only; do not remove noindex sitewide,Yes (any future change)
/bike-repair/rajajinagar,UNVERIFIED — no GSC export supplied (see 08-original-export-inventory.csv); GSC API not connected,200,https://ridencare.co.in/bike-repair/rajajinagar,"noindex, follow",No,8 of 479 pages,Yes,Yes — follows the area decision (noindex while the area page itself is noindex),INTENTIONAL EXCLUSION — KEEP (follows area-page decision),"Service×area page inherits the area gate: src/routes/$service.$area.tsx applies areaRobots(area); rajajinagar is unconfirmed/non-priority → ""noindex, follow"". Live 2026-10-09: HTTP 200, robots=""noindex, follow"", canonical https://ridencare.co.in/bike-repair/rajajinagar, absent from sitemap",LIVE_HTTP_VERIFIED (meta robots + status observed 2026-10-09; /privacy /terms /areas/gunjur re-checked 2026-10-10); SOURCE_CODE_VERIFIED (areas.ts areaRobots / route robots policy at HEAD),No change until the corresponding area page is promoted,High (live robots + committed policy agree),Low — GSC report noise only; do not remove noindex sitewide,Yes (any future change)
/bike-repair/singasandra,UNVERIFIED — no GSC export supplied (see 08-original-export-inventory.csv); GSC API not connected,200,https://ridencare.co.in/bike-repair/singasandra,"noindex, follow",No,9 of 479 pages,Yes,Yes — follows the area decision (noindex while the area page itself is noindex),INTENTIONAL EXCLUSION — KEEP (follows area-page decision),"Service×area page inherits the area gate: src/routes/$service.$area.tsx applies areaRobots(area); singasandra is unconfirmed/non-priority → ""noindex, follow"". Live 2026-10-09: HTTP 200, robots=""noindex, follow"", canonical https://ridencare.co.in/bike-repair/singasandra, absent from sitemap",LIVE_HTTP_VERIFIED (meta robots + status observed 2026-10-09; /privacy /terms /areas/gunjur re-checked 2026-10-10); SOURCE_CODE_VERIFIED (areas.ts areaRobots / route robots policy at HEAD),No change until the corresponding area page is promoted,High (live robots + committed policy agree),Low — GSC report noise only; do not remove noindex sitewide,Yes (any future change)
/bike-repair/varthur,UNVERIFIED — no GSC export supplied (see 08-original-export-inventory.csv); GSC API not connected,200,https://ridencare.co.in/bike-repair/varthur,"noindex, follow",No,8 of 479 pages,Yes,Yes — follows the area decision (noindex while the area page itself is noindex),INTENTIONAL EXCLUSION — KEEP (follows area-page decision),"Service×area page inherits the area gate: src/routes/$service.$area.tsx applies areaRobots(area); varthur is unconfirmed/non-priority → ""noindex, follow"". Live 2026-10-09: HTTP 200, robots=""noindex, follow"", canonical https://ridencare.co.in/bike-repair/varthur, absent from sitemap",LIVE_HTTP_VERIFIED (meta robots + status observed 2026-10-09; /privacy /terms /areas/gunjur re-checked 2026-10-10); SOURCE_CODE_VERIFIED (areas.ts areaRobots / route robots policy at HEAD),No change until the corresponding area page is promoted,High (live robots + committed policy agree),Low — GSC report noise only; do not remove noindex sitewide,Yes (any future change)
/bike-repair/yelahanka,UNVERIFIED — no GSC export supplied (see 08-original-export-inventory.csv); GSC API not connected,200,https://ridencare.co.in/bike-repair/yelahanka,"noindex, follow",No,6 of 479 pages,Yes,Yes — follows the area decision (noindex while the area page itself is noindex),INTENTIONAL EXCLUSION — KEEP (follows area-page decision),"Service×area page inherits the area gate: src/routes/$service.$area.tsx applies areaRobots(area); yelahanka is unconfirmed/non-priority → ""noindex, follow"". Live 2026-10-09: HTTP 200, robots=""noindex, follow"", canonical https://ridencare.co.in/bike-repair/yelahanka, absent from sitemap",LIVE_HTTP_VERIFIED (meta robots + status observed 2026-10-09; /privacy /terms /areas/gunjur re-checked 2026-10-10); SOURCE_CODE_VERIFIED (areas.ts areaRobots / route robots policy at HEAD),No change until the corresponding area page is promoted,High (live robots + committed policy agree),Low — GSC report noise only; do not remove noindex sitewide,Yes (any future change)
/bike-repair/yeshwanthpur,UNVERIFIED — no GSC export supplied (see 08-original-export-inventory.csv); GSC API not connected,200,https://ridencare.co.in/bike-repair/yeshwanthpur,"noindex, follow",No,9 of 479 pages,Yes,Yes — follows the area decision (noindex while the area page itself is noindex),INTENTIONAL EXCLUSION — KEEP (follows area-page decision),"Service×area page inherits the area gate: src/routes/$service.$area.tsx applies areaRobots(area); yeshwanthpur is unconfirmed/non-priority → ""noindex, follow"". Live 2026-10-09: HTTP 200, robots=""noindex, follow"", canonical https://ridencare.co.in/bike-repair/yeshwanthpur, absent from sitemap",LIVE_HTTP_VERIFIED (meta robots + status observed 2026-10-09; /privacy /terms /areas/gunjur re-checked 2026-10-10); SOURCE_CODE_VERIFIED (areas.ts areaRobots / route robots policy at HEAD),No change until the corresponding area page is promoted,High (live robots + committed policy agree),Low — GSC report noise only; do not remove noindex sitewide,Yes (any future change)
/bike-service/banashankari,UNVERIFIED — no GSC export supplied (see 08-original-export-inventory.csv); GSC API not connected,200,https://ridencare.co.in/bike-service/banashankari,"noindex, follow",No,10 of 479 pages,Yes,No — flip together with its /areas/{slug} P0 guide on deploy,CHANGE PENDING APPROVED P0 DEPLOY,"Service×area page inherits the area gate: src/routes/$service.$area.tsx applies areaRobots(area); banashankari is unconfirmed/non-priority → ""noindex, follow"". Live 2026-10-09: HTTP 200, robots=""noindex, follow"", canonical https://ridencare.co.in/bike-service/banashankari, absent from sitemap; P0 slug pair (2026-10-05 plan)",LIVE_HTTP_VERIFIED (meta robots + status observed 2026-10-09; /privacy /terms /areas/gunjur re-checked 2026-10-10); SOURCE_CODE_VERIFIED (areas.ts areaRobots / route robots policy at HEAD),Flip with the P0 deploy; verify robots + sitemap membership + GSC inspection afterwards,High (live robots + committed policy agree),Stays out of the index until the approved deploy lands; do not flip noindex outside that deploy,Yes
/bike-service/bannerghatta-road,UNVERIFIED — no GSC export supplied (see 08-original-export-inventory.csv); GSC API not connected,200,https://ridencare.co.in/bike-service/bannerghatta-road,"noindex, follow",No,7 of 479 pages,Yes,Yes — follows the area decision (noindex while the area page itself is noindex),INTENTIONAL EXCLUSION — KEEP (follows area-page decision),"Service×area page inherits the area gate: src/routes/$service.$area.tsx applies areaRobots(area); bannerghatta-road is unconfirmed/non-priority → ""noindex, follow"". Live 2026-10-09: HTTP 200, robots=""noindex, follow"", canonical https://ridencare.co.in/bike-service/bannerghatta-road, absent from sitemap",LIVE_HTTP_VERIFIED (meta robots + status observed 2026-10-09; /privacy /terms /areas/gunjur re-checked 2026-10-10); SOURCE_CODE_VERIFIED (areas.ts areaRobots / route robots policy at HEAD),No change until the corresponding area page is promoted,High (live robots + committed policy agree),Low — GSC report noise only; do not remove noindex sitewide,Yes (any future change)
/bike-service/bommanahalli,UNVERIFIED — no GSC export supplied (see 08-original-export-inventory.csv); GSC API not connected,200,https://ridencare.co.in/bike-service/bommanahalli,"noindex, follow",No,12 of 479 pages,Yes,Yes — follows the area decision (noindex while the area page itself is noindex),INTENTIONAL EXCLUSION — KEEP (follows area-page decision),"Service×area page inherits the area gate: src/routes/$service.$area.tsx applies areaRobots(area); bommanahalli is unconfirmed/non-priority → ""noindex, follow"". Live 2026-10-09: HTTP 200, robots=""noindex, follow"", canonical https://ridencare.co.in/bike-service/bommanahalli, absent from sitemap",LIVE_HTTP_VERIFIED (meta robots + status observed 2026-10-09; /privacy /terms /areas/gunjur re-checked 2026-10-10); SOURCE_CODE_VERIFIED (areas.ts areaRobots / route robots policy at HEAD),No change until the corresponding area page is promoted,High (live robots + committed policy agree),Low — GSC report noise only; do not remove noindex sitewide,Yes (any future change)
/bike-service/brookefield,UNVERIFIED — no GSC export supplied (see 08-original-export-inventory.csv); GSC API not connected,200,https://ridencare.co.in/bike-service/brookefield,"noindex, follow",No,8 of 479 pages,Yes,Yes — follows the area decision (noindex while the area page itself is noindex),INTENTIONAL EXCLUSION — KEEP (follows area-page decision),"Service×area page inherits the area gate: src/routes/$service.$area.tsx applies areaRobots(area); brookefield is unconfirmed/non-priority → ""noindex, follow"". Live 2026-10-09: HTTP 200, robots=""noindex, follow"", canonical https://ridencare.co.in/bike-service/brookefield, absent from sitemap",LIVE_HTTP_VERIFIED (meta robots + status observed 2026-10-09; /privacy /terms /areas/gunjur re-checked 2026-10-10); SOURCE_CODE_VERIFIED (areas.ts areaRobots / route robots policy at HEAD),No change until the corresponding area page is promoted,High (live robots + committed policy agree),Low — GSC report noise only; do not remove noindex sitewide,Yes (any future change)
/bike-service/choodasandra,UNVERIFIED — no GSC export supplied (see 08-original-export-inventory.csv); GSC API not connected,200,https://ridencare.co.in/bike-service/choodasandra,"noindex, follow",No,7 of 479 pages,Yes,Yes — follows the area decision (noindex while the area page itself is noindex),INTENTIONAL EXCLUSION — KEEP (follows area-page decision),"Service×area page inherits the area gate: src/routes/$service.$area.tsx applies areaRobots(area); choodasandra is unconfirmed/non-priority → ""noindex, follow"". Live 2026-10-09: HTTP 200, robots=""noindex, follow"", canonical https://ridencare.co.in/bike-service/choodasandra, absent from sitemap",LIVE_HTTP_VERIFIED (meta robots + status observed 2026-10-09; /privacy /terms /areas/gunjur re-checked 2026-10-10); SOURCE_CODE_VERIFIED (areas.ts areaRobots / route robots policy at HEAD),No change until the corresponding area page is promoted,High (live robots + committed policy agree),Low — GSC report noise only; do not remove noindex sitewide,Yes (any future change)
/bike-service/domlur,UNVERIFIED — no GSC export supplied (see 08-original-export-inventory.csv); GSC API not connected,200,https://ridencare.co.in/bike-service/domlur,"noindex, follow",No,10 of 479 pages,Yes,Yes — follows the area decision (noindex while the area page itself is noindex),INTENTIONAL EXCLUSION — KEEP (follows area-page decision),"Service×area page inherits the area gate: src/routes/$service.$area.tsx applies areaRobots(area); domlur is unconfirmed/non-priority → ""noindex, follow"". Live 2026-10-09: HTTP 200, robots=""noindex, follow"", canonical https://ridencare.co.in/bike-service/domlur, absent from sitemap",LIVE_HTTP_VERIFIED (meta robots + status observed 2026-10-09; /privacy /terms /areas/gunjur re-checked 2026-10-10); SOURCE_CODE_VERIFIED (areas.ts areaRobots / route robots policy at HEAD),No change until the corresponding area page is promoted,High (live robots + committed policy agree),Low — GSC report noise only; do not remove noindex sitewide,Yes (any future change)
/bike-service/ejipura,UNVERIFIED — no GSC export supplied (see 08-original-export-inventory.csv); GSC API not connected,200,https://ridencare.co.in/bike-service/ejipura,"noindex, follow",No,12 of 479 pages,Yes,Yes — follows the area decision (noindex while the area page itself is noindex),INTENTIONAL EXCLUSION — KEEP (follows area-page decision),"Service×area page inherits the area gate: src/routes/$service.$area.tsx applies areaRobots(area); ejipura is unconfirmed/non-priority → ""noindex, follow"". Live 2026-10-09: HTTP 200, robots=""noindex, follow"", canonical https://ridencare.co.in/bike-service/ejipura, absent from sitemap",LIVE_HTTP_VERIFIED (meta robots + status observed 2026-10-09; /privacy /terms /areas/gunjur re-checked 2026-10-10); SOURCE_CODE_VERIFIED (areas.ts areaRobots / route robots policy at HEAD),No change until the corresponding area page is promoted,High (live robots + committed policy agree),Low — GSC report noise only; do not remove noindex sitewide,Yes (any future change)
/bike-service/gunjur,UNVERIFIED — no GSC export supplied (see 08-original-export-inventory.csv); GSC API not connected,200,https://ridencare.co.in/bike-service/gunjur,"noindex, follow",No,8 of 479 pages,Yes,Yes — follows the area decision (noindex while the area page itself is noindex),INTENTIONAL EXCLUSION — KEEP (follows area-page decision),"Service×area page inherits the area gate: src/routes/$service.$area.tsx applies areaRobots(area); gunjur is unconfirmed/non-priority → ""noindex, follow"". Live 2026-10-09: HTTP 200, robots=""noindex, follow"", canonical https://ridencare.co.in/bike-service/gunjur, absent from sitemap",LIVE_HTTP_VERIFIED (meta robots + status observed 2026-10-09; /privacy /terms /areas/gunjur re-checked 2026-10-10); SOURCE_CODE_VERIFIED (areas.ts areaRobots / route robots policy at HEAD),No change until the corresponding area page is promoted,High (live robots + committed policy agree),Low — GSC report noise only; do not remove noindex sitewide,Yes (any future change)
/bike-service/hal,UNVERIFIED — no GSC export supplied (see 08-original-export-inventory.csv); GSC API not connected,200,https://ridencare.co.in/bike-service/hal,"noindex, follow",No,8 of 479 pages,Yes,Yes — follows the area decision (noindex while the area page itself is noindex),INTENTIONAL EXCLUSION — KEEP (follows area-page decision),"Service×area page inherits the area gate: src/routes/$service.$area.tsx applies areaRobots(area); hal is unconfirmed/non-priority → ""noindex, follow"". Live 2026-10-09: HTTP 200, robots=""noindex, follow"", canonical https://ridencare.co.in/bike-service/hal, absent from sitemap",LIVE_HTTP_VERIFIED (meta robots + status observed 2026-10-09; /privacy /terms /areas/gunjur re-checked 2026-10-10); SOURCE_CODE_VERIFIED (areas.ts areaRobots / route robots policy at HEAD),No change until the corresponding area page is promoted,High (live robots + committed policy agree),Low — GSC report noise only; do not remove noindex sitewide,Yes (any future change)
/bike-service/harlur,UNVERIFIED — no GSC export supplied (see 08-original-export-inventory.csv); GSC API not connected,200,https://ridencare.co.in/bike-service/harlur,"noindex, follow",No,9 of 479 pages,Yes,Yes — follows the area decision (noindex while the area page itself is noindex),INTENTIONAL EXCLUSION — KEEP (follows area-page decision),"Service×area page inherits the area gate: src/routes/$service.$area.tsx applies areaRobots(area); harlur is unconfirmed/non-priority → ""noindex, follow"". Live 2026-10-09: HTTP 200, robots=""noindex, follow"", canonical https://ridencare.co.in/bike-service/harlur, absent from sitemap",LIVE_HTTP_VERIFIED (meta robots + status observed 2026-10-09; /privacy /terms /areas/gunjur re-checked 2026-10-10); SOURCE_CODE_VERIFIED (areas.ts areaRobots / route robots policy at HEAD),No change until the corresponding area page is promoted,High (live robots + committed policy agree),Low — GSC report noise only; do not remove noindex sitewide,Yes (any future change)
/bike-service/kadubeesanahalli,UNVERIFIED — no GSC export supplied (see 08-original-export-inventory.csv); GSC API not connected,200,https://ridencare.co.in/bike-service/kadubeesanahalli,"noindex, follow",No,10 of 479 pages,Yes,Yes — follows the area decision (noindex while the area page itself is noindex),INTENTIONAL EXCLUSION — KEEP (follows area-page decision),"Service×area page inherits the area gate: src/routes/$service.$area.tsx applies areaRobots(area); kadubeesanahalli is unconfirmed/non-priority → ""noindex, follow"". Live 2026-10-09: HTTP 200, robots=""noindex, follow"", canonical https://ridencare.co.in/bike-service/kadubeesanahalli, absent from sitemap",LIVE_HTTP_VERIFIED (meta robots + status observed 2026-10-09; /privacy /terms /areas/gunjur re-checked 2026-10-10); SOURCE_CODE_VERIFIED (areas.ts areaRobots / route robots policy at HEAD),No change until the corresponding area page is promoted,High (live robots + committed policy agree),Low — GSC report noise only; do not remove noindex sitewide,Yes (any future change)
/bike-service/kalyan-nagar,UNVERIFIED — no GSC export supplied (see 08-original-export-inventory.csv); GSC API not connected,200,https://ridencare.co.in/bike-service/kalyan-nagar,"noindex, follow",No,8 of 479 pages,Yes,Yes — follows the area decision (noindex while the area page itself is noindex),INTENTIONAL EXCLUSION — KEEP (follows area-page decision),"Service×area page inherits the area gate: src/routes/$service.$area.tsx applies areaRobots(area); kalyan-nagar is unconfirmed/non-priority → ""noindex, follow"". Live 2026-10-09: HTTP 200, robots=""noindex, follow"", canonical https://ridencare.co.in/bike-service/kalyan-nagar, absent from sitemap",LIVE_HTTP_VERIFIED (meta robots + status observed 2026-10-09; /privacy /terms /areas/gunjur re-checked 2026-10-10); SOURCE_CODE_VERIFIED (areas.ts areaRobots / route robots policy at HEAD),No change until the corresponding area page is promoted,High (live robots + committed policy agree),Low — GSC report noise only; do not remove noindex sitewide,Yes (any future change)
/bike-service/kanakapura-road,UNVERIFIED — no GSC export supplied (see 08-original-export-inventory.csv); GSC API not connected,200,https://ridencare.co.in/bike-service/kanakapura-road,"noindex, follow",No,8 of 479 pages,Yes,Yes — follows the area decision (noindex while the area page itself is noindex),INTENTIONAL EXCLUSION — KEEP (follows area-page decision),"Service×area page inherits the area gate: src/routes/$service.$area.tsx applies areaRobots(area); kanakapura-road is unconfirmed/non-priority → ""noindex, follow"". Live 2026-10-09: HTTP 200, robots=""noindex, follow"", canonical https://ridencare.co.in/bike-service/kanakapura-road, absent from sitemap",LIVE_HTTP_VERIFIED (meta robots + status observed 2026-10-09; /privacy /terms /areas/gunjur re-checked 2026-10-10); SOURCE_CODE_VERIFIED (areas.ts areaRobots / route robots policy at HEAD),No change until the corresponding area page is promoted,High (live robots + committed policy agree),Low — GSC report noise only; do not remove noindex sitewide,Yes (any future change)
/bike-service/kasavanahalli,UNVERIFIED — no GSC export supplied (see 08-original-export-inventory.csv); GSC API not connected,200,https://ridencare.co.in/bike-service/kasavanahalli,"noindex, follow",No,8 of 479 pages,Yes,Yes — follows the area decision (noindex while the area page itself is noindex),INTENTIONAL EXCLUSION — KEEP (follows area-page decision),"Service×area page inherits the area gate: src/routes/$service.$area.tsx applies areaRobots(area); kasavanahalli is unconfirmed/non-priority → ""noindex, follow"". Live 2026-10-09: HTTP 200, robots=""noindex, follow"", canonical https://ridencare.co.in/bike-service/kasavanahalli, absent from sitemap",LIVE_HTTP_VERIFIED (meta robots + status observed 2026-10-09; /privacy /terms /areas/gunjur re-checked 2026-10-10); SOURCE_CODE_VERIFIED (areas.ts areaRobots / route robots policy at HEAD),No change until the corresponding area page is promoted,High (live robots + committed policy agree),Low — GSC report noise only; do not remove noindex sitewide,Yes (any future change)
/bike-service/kr-puram,UNVERIFIED — no GSC export supplied (see 08-original-export-inventory.csv); GSC API not connected,200,https://ridencare.co.in/bike-service/kr-puram,"noindex, follow",No,8 of 479 pages,Yes,No — flip together with its /areas/{slug} P0 guide on deploy,CHANGE PENDING APPROVED P0 DEPLOY,"Service×area page inherits the area gate: src/routes/$service.$area.tsx applies areaRobots(area); kr-puram is unconfirmed/non-priority → ""noindex, follow"". Live 2026-10-09: HTTP 200, robots=""noindex, follow"", canonical https://ridencare.co.in/bike-service/kr-puram, absent from sitemap; P0 slug pair (2026-10-05 plan)",LIVE_HTTP_VERIFIED (meta robots + status observed 2026-10-09; /privacy /terms /areas/gunjur re-checked 2026-10-10); SOURCE_CODE_VERIFIED (areas.ts areaRobots / route robots policy at HEAD),Flip with the P0 deploy; verify robots + sitemap membership + GSC inspection afterwards,High (live robots + committed policy agree),Stays out of the index until the approved deploy lands; do not flip noindex outside that deploy,Yes
/bike-service/kudlu-gate,UNVERIFIED — no GSC export supplied (see 08-original-export-inventory.csv); GSC API not connected,200,https://ridencare.co.in/bike-service/kudlu-gate,"noindex, follow",No,9 of 479 pages,Yes,Yes — follows the area decision (noindex while the area page itself is noindex),INTENTIONAL EXCLUSION — KEEP (follows area-page decision),"Service×area page inherits the area gate: src/routes/$service.$area.tsx applies areaRobots(area); kudlu-gate is unconfirmed/non-priority → ""noindex, follow"". Live 2026-10-09: HTTP 200, robots=""noindex, follow"", canonical https://ridencare.co.in/bike-service/kudlu-gate, absent from sitemap",LIVE_HTTP_VERIFIED (meta robots + status observed 2026-10-09; /privacy /terms /areas/gunjur re-checked 2026-10-10); SOURCE_CODE_VERIFIED (areas.ts areaRobots / route robots policy at HEAD),No change until the corresponding area page is promoted,High (live robots + committed policy agree),Low — GSC report noise only; do not remove noindex sitewide,Yes (any future change)
/bike-service/madiwala,UNVERIFIED — no GSC export supplied (see 08-original-export-inventory.csv); GSC API not connected,200,https://ridencare.co.in/bike-service/madiwala,"noindex, follow",No,13 of 479 pages,Yes,No — flip together with its /areas/{slug} P0 guide on deploy,CHANGE PENDING APPROVED P0 DEPLOY,"Service×area page inherits the area gate: src/routes/$service.$area.tsx applies areaRobots(area); madiwala is unconfirmed/non-priority → ""noindex, follow"". Live 2026-10-09: HTTP 200, robots=""noindex, follow"", canonical https://ridencare.co.in/bike-service/madiwala, absent from sitemap; P0 slug pair (2026-10-05 plan)",LIVE_HTTP_VERIFIED (meta robots + status observed 2026-10-09; /privacy /terms /areas/gunjur re-checked 2026-10-10); SOURCE_CODE_VERIFIED (areas.ts areaRobots / route robots policy at HEAD),Flip with the P0 deploy; verify robots + sitemap membership + GSC inspection afterwards,High (live robots + committed policy agree),Stays out of the index until the approved deploy lands; do not flip noindex outside that deploy,Yes
/bike-service/mahadevapura,UNVERIFIED — no GSC export supplied (see 08-original-export-inventory.csv); GSC API not connected,200,https://ridencare.co.in/bike-service/mahadevapura,"noindex, follow",No,9 of 479 pages,Yes,No — flip together with its /areas/{slug} P0 guide on deploy,CHANGE PENDING APPROVED P0 DEPLOY,"Service×area page inherits the area gate: src/routes/$service.$area.tsx applies areaRobots(area); mahadevapura is unconfirmed/non-priority → ""noindex, follow"". Live 2026-10-09: HTTP 200, robots=""noindex, follow"", canonical https://ridencare.co.in/bike-service/mahadevapura, absent from sitemap; P0 slug pair (2026-10-05 plan)",LIVE_HTTP_VERIFIED (meta robots + status observed 2026-10-09; /privacy /terms /areas/gunjur re-checked 2026-10-10); SOURCE_CODE_VERIFIED (areas.ts areaRobots / route robots policy at HEAD),Flip with the P0 deploy; verify robots + sitemap membership + GSC inspection afterwards,High (live robots + committed policy agree),Stays out of the index until the approved deploy lands; do not flip noindex outside that deploy,Yes
/bike-service/malleshwaram,UNVERIFIED — no GSC export supplied (see 08-original-export-inventory.csv); GSC API not connected,200,https://ridencare.co.in/bike-service/malleshwaram,"noindex, follow",No,8 of 479 pages,Yes,Yes — follows the area decision (noindex while the area page itself is noindex),INTENTIONAL EXCLUSION — KEEP (follows area-page decision),"Service×area page inherits the area gate: src/routes/$service.$area.tsx applies areaRobots(area); malleshwaram is unconfirmed/non-priority → ""noindex, follow"". Live 2026-10-09: HTTP 200, robots=""noindex, follow"", canonical https://ridencare.co.in/bike-service/malleshwaram, absent from sitemap",LIVE_HTTP_VERIFIED (meta robots + status observed 2026-10-09; /privacy /terms /areas/gunjur re-checked 2026-10-10); SOURCE_CODE_VERIFIED (areas.ts areaRobots / route robots policy at HEAD),No change until the corresponding area page is promoted,High (live robots + committed policy agree),Low — GSC report noise only; do not remove noindex sitewide,Yes (any future change)
/bike-service/mg-road,UNVERIFIED — no GSC export supplied (see 08-original-export-inventory.csv); GSC API not connected,200,https://ridencare.co.in/bike-service/mg-road,"noindex, follow",No,8 of 479 pages,Yes,No — flip together with its /areas/{slug} P0 guide on deploy,CHANGE PENDING APPROVED P0 DEPLOY,"Service×area page inherits the area gate: src/routes/$service.$area.tsx applies areaRobots(area); mg-road is unconfirmed/non-priority → ""noindex, follow"". Live 2026-10-09: HTTP 200, robots=""noindex, follow"", canonical https://ridencare.co.in/bike-service/mg-road, absent from sitemap; P0 slug pair (2026-10-05 plan)",LIVE_HTTP_VERIFIED (meta robots + status observed 2026-10-09; /privacy /terms /areas/gunjur re-checked 2026-10-10); SOURCE_CODE_VERIFIED (areas.ts areaRobots / route robots policy at HEAD),Flip with the P0 deploy; verify robots + sitemap membership + GSC inspection afterwards,High (live robots + committed policy agree),Stays out of the index until the approved deploy lands; do not flip noindex outside that deploy,Yes
/bike-service/panathur-road,UNVERIFIED — no GSC export supplied (see 08-original-export-inventory.csv); GSC API not connected,200,https://ridencare.co.in/bike-service/panathur-road,"noindex, follow",No,10 of 479 pages,Yes,Yes — follows the area decision (noindex while the area page itself is noindex),INTENTIONAL EXCLUSION — KEEP (follows area-page decision),"Service×area page inherits the area gate: src/routes/$service.$area.tsx applies areaRobots(area); panathur-road is unconfirmed/non-priority → ""noindex, follow"". Live 2026-10-09: HTTP 200, robots=""noindex, follow"", canonical https://ridencare.co.in/bike-service/panathur-road, absent from sitemap",LIVE_HTTP_VERIFIED (meta robots + status observed 2026-10-09; /privacy /terms /areas/gunjur re-checked 2026-10-10); SOURCE_CODE_VERIFIED (areas.ts areaRobots / route robots policy at HEAD),No change until the corresponding area page is promoted,High (live robots + committed policy agree),Low — GSC report noise only; do not remove noindex sitewide,Yes (any future change)
/bike-service/parappana-agrahara,UNVERIFIED — no GSC export supplied (see 08-original-export-inventory.csv); GSC API not connected,200,https://ridencare.co.in/bike-service/parappana-agrahara,"noindex, follow",No,8 of 479 pages,Yes,Yes — follows the area decision (noindex while the area page itself is noindex),INTENTIONAL EXCLUSION — KEEP (follows area-page decision),"Service×area page inherits the area gate: src/routes/$service.$area.tsx applies areaRobots(area); parappana-agrahara is unconfirmed/non-priority → ""noindex, follow"". Live 2026-10-09: HTTP 200, robots=""noindex, follow"", canonical https://ridencare.co.in/bike-service/parappana-agrahara, absent from sitemap",LIVE_HTTP_VERIFIED (meta robots + status observed 2026-10-09; /privacy /terms /areas/gunjur re-checked 2026-10-10); SOURCE_CODE_VERIFIED (areas.ts areaRobots / route robots policy at HEAD),No change until the corresponding area page is promoted,High (live robots + committed policy agree),Low — GSC report noise only; do not remove noindex sitewide,Yes (any future change)
/bike-service/peenya,UNVERIFIED — no GSC export supplied (see 08-original-export-inventory.csv); GSC API not connected,200,https://ridencare.co.in/bike-service/peenya,"noindex, follow",No,7 of 479 pages,Yes,Yes — follows the area decision (noindex while the area page itself is noindex),INTENTIONAL EXCLUSION — KEEP (follows area-page decision),"Service×area page inherits the area gate: src/routes/$service.$area.tsx applies areaRobots(area); peenya is unconfirmed/non-priority → ""noindex, follow"". Live 2026-10-09: HTTP 200, robots=""noindex, follow"", canonical https://ridencare.co.in/bike-service/peenya, absent from sitemap",LIVE_HTTP_VERIFIED (meta robots + status observed 2026-10-09; /privacy /terms /areas/gunjur re-checked 2026-10-10); SOURCE_CODE_VERIFIED (areas.ts areaRobots / route robots policy at HEAD),No change until the corresponding area page is promoted,High (live robots + committed policy agree),Low — GSC report noise only; do not remove noindex sitewide,Yes (any future change)
/bike-service/rajajinagar,UNVERIFIED — no GSC export supplied (see 08-original-export-inventory.csv); GSC API not connected,200,https://ridencare.co.in/bike-service/rajajinagar,"noindex, follow",No,8 of 479 pages,Yes,Yes — follows the area decision (noindex while the area page itself is noindex),INTENTIONAL EXCLUSION — KEEP (follows area-page decision),"Service×area page inherits the area gate: src/routes/$service.$area.tsx applies areaRobots(area); rajajinagar is unconfirmed/non-priority → ""noindex, follow"". Live 2026-10-09: HTTP 200, robots=""noindex, follow"", canonical https://ridencare.co.in/bike-service/rajajinagar, absent from sitemap",LIVE_HTTP_VERIFIED (meta robots + status observed 2026-10-09; /privacy /terms /areas/gunjur re-checked 2026-10-10); SOURCE_CODE_VERIFIED (areas.ts areaRobots / route robots policy at HEAD),No change until the corresponding area page is promoted,High (live robots + committed policy agree),Low — GSC report noise only; do not remove noindex sitewide,Yes (any future change)
/bike-service/singasandra,UNVERIFIED — no GSC export supplied (see 08-original-export-inventory.csv); GSC API not connected,200,https://ridencare.co.in/bike-service/singasandra,"noindex, follow",No,9 of 479 pages,Yes,Yes — follows the area decision (noindex while the area page itself is noindex),INTENTIONAL EXCLUSION — KEEP (follows area-page decision),"Service×area page inherits the area gate: src/routes/$service.$area.tsx applies areaRobots(area); singasandra is unconfirmed/non-priority → ""noindex, follow"". Live 2026-10-09: HTTP 200, robots=""noindex, follow"", canonical https://ridencare.co.in/bike-service/singasandra, absent from sitemap",LIVE_HTTP_VERIFIED (meta robots + status observed 2026-10-09; /privacy /terms /areas/gunjur re-checked 2026-10-10); SOURCE_CODE_VERIFIED (areas.ts areaRobots / route robots policy at HEAD),No change until the corresponding area page is promoted,High (live robots + committed policy agree),Low — GSC report noise only; do not remove noindex sitewide,Yes (any future change)
/bike-service/varthur,UNVERIFIED — no GSC export supplied (see 08-original-export-inventory.csv); GSC API not connected,200,https://ridencare.co.in/bike-service/varthur,"noindex, follow",No,8 of 479 pages,Yes,Yes — follows the area decision (noindex while the area page itself is noindex),INTENTIONAL EXCLUSION — KEEP (follows area-page decision),"Service×area page inherits the area gate: src/routes/$service.$area.tsx applies areaRobots(area); varthur is unconfirmed/non-priority → ""noindex, follow"". Live 2026-10-09: HTTP 200, robots=""noindex, follow"", canonical https://ridencare.co.in/bike-service/varthur, absent from sitemap",LIVE_HTTP_VERIFIED (meta robots + status observed 2026-10-09; /privacy /terms /areas/gunjur re-checked 2026-10-10); SOURCE_CODE_VERIFIED (areas.ts areaRobots / route robots policy at HEAD),No change until the corresponding area page is promoted,High (live robots + committed policy agree),Low — GSC report noise only; do not remove noindex sitewide,Yes (any future change)
/bike-service/yelahanka,UNVERIFIED — no GSC export supplied (see 08-original-export-inventory.csv); GSC API not connected,200,https://ridencare.co.in/bike-service/yelahanka,"noindex, follow",No,6 of 479 pages,Yes,Yes — follows the area decision (noindex while the area page itself is noindex),INTENTIONAL EXCLUSION — KEEP (follows area-page decision),"Service×area page inherits the area gate: src/routes/$service.$area.tsx applies areaRobots(area); yelahanka is unconfirmed/non-priority → ""noindex, follow"". Live 2026-10-09: HTTP 200, robots=""noindex, follow"", canonical https://ridencare.co.in/bike-service/yelahanka, absent from sitemap",LIVE_HTTP_VERIFIED (meta robots + status observed 2026-10-09; /privacy /terms /areas/gunjur re-checked 2026-10-10); SOURCE_CODE_VERIFIED (areas.ts areaRobots / route robots policy at HEAD),No change until the corresponding area page is promoted,High (live robots + committed policy agree),Low — GSC report noise only; do not remove noindex sitewide,Yes (any future change)
/bike-service/yeshwanthpur,UNVERIFIED — no GSC export supplied (see 08-original-export-inventory.csv); GSC API not connected,200,https://ridencare.co.in/bike-service/yeshwanthpur,"noindex, follow",No,9 of 479 pages,Yes,Yes — follows the area decision (noindex while the area page itself is noindex),INTENTIONAL EXCLUSION — KEEP (follows area-page decision),"Service×area page inherits the area gate: src/routes/$service.$area.tsx applies areaRobots(area); yeshwanthpur is unconfirmed/non-priority → ""noindex, follow"". Live 2026-10-09: HTTP 200, robots=""noindex, follow"", canonical https://ridencare.co.in/bike-service/yeshwanthpur, absent from sitemap",LIVE_HTTP_VERIFIED (meta robots + status observed 2026-10-09; /privacy /terms /areas/gunjur re-checked 2026-10-10); SOURCE_CODE_VERIFIED (areas.ts areaRobots / route robots policy at HEAD),No change until the corresponding area page is promoted,High (live robots + committed policy agree),Low — GSC report noise only; do not remove noindex sitewide,Yes (any future change)
/doorstep-bike-repair/banashankari,UNVERIFIED — no GSC export supplied (see 08-original-export-inventory.csv); GSC API not connected,200,https://ridencare.co.in/doorstep-bike-repair/banashankari,"noindex, follow",No,9 of 479 pages,Yes,No — flip together with its /areas/{slug} P0 guide on deploy,CHANGE PENDING APPROVED P0 DEPLOY,"Service×area page inherits the area gate: src/routes/$service.$area.tsx applies areaRobots(area); banashankari is unconfirmed/non-priority → ""noindex, follow"". Live 2026-10-09: HTTP 200, robots=""noindex, follow"", canonical https://ridencare.co.in/doorstep-bike-repair/banashankari, absent from sitemap; P0 slug pair (2026-10-05 plan)",LIVE_HTTP_VERIFIED (meta robots + status observed 2026-10-09; /privacy /terms /areas/gunjur re-checked 2026-10-10); SOURCE_CODE_VERIFIED (areas.ts areaRobots / route robots policy at HEAD),Flip with the P0 deploy; verify robots + sitemap membership + GSC inspection afterwards,High (live robots + committed policy agree),Stays out of the index until the approved deploy lands; do not flip noindex outside that deploy,Yes
/doorstep-bike-repair/bannerghatta-road,UNVERIFIED — no GSC export supplied (see 08-original-export-inventory.csv); GSC API not connected,200,https://ridencare.co.in/doorstep-bike-repair/bannerghatta-road,"noindex, follow",No,6 of 479 pages,Yes,Yes — follows the area decision (noindex while the area page itself is noindex),INTENTIONAL EXCLUSION — KEEP (follows area-page decision),"Service×area page inherits the area gate: src/routes/$service.$area.tsx applies areaRobots(area); bannerghatta-road is unconfirmed/non-priority → ""noindex, follow"". Live 2026-10-09: HTTP 200, robots=""noindex, follow"", canonical https://ridencare.co.in/doorstep-bike-repair/bannerghatta-road, absent from sitemap",LIVE_HTTP_VERIFIED (meta robots + status observed 2026-10-09; /privacy /terms /areas/gunjur re-checked 2026-10-10); SOURCE_CODE_VERIFIED (areas.ts areaRobots / route robots policy at HEAD),No change until the corresponding area page is promoted,High (live robots + committed policy agree),Low — GSC report noise only; do not remove noindex sitewide,Yes (any future change)
/doorstep-bike-repair/bommanahalli,UNVERIFIED — no GSC export supplied (see 08-original-export-inventory.csv); GSC API not connected,200,https://ridencare.co.in/doorstep-bike-repair/bommanahalli,"noindex, follow",No,11 of 479 pages,Yes,Yes — follows the area decision (noindex while the area page itself is noindex),INTENTIONAL EXCLUSION — KEEP (follows area-page decision),"Service×area page inherits the area gate: src/routes/$service.$area.tsx applies areaRobots(area); bommanahalli is unconfirmed/non-priority → ""noindex, follow"". Live 2026-10-09: HTTP 200, robots=""noindex, follow"", canonical https://ridencare.co.in/doorstep-bike-repair/bommanahalli, absent from sitemap",LIVE_HTTP_VERIFIED (meta robots + status observed 2026-10-09; /privacy /terms /areas/gunjur re-checked 2026-10-10); SOURCE_CODE_VERIFIED (areas.ts areaRobots / route robots policy at HEAD),No change until the corresponding area page is promoted,High (live robots + committed policy agree),Low — GSC report noise only; do not remove noindex sitewide,Yes (any future change)
/doorstep-bike-repair/brookefield,UNVERIFIED — no GSC export supplied (see 08-original-export-inventory.csv); GSC API not connected,200,https://ridencare.co.in/doorstep-bike-repair/brookefield,"noindex, follow",No,8 of 479 pages,Yes,Yes — follows the area decision (noindex while the area page itself is noindex),INTENTIONAL EXCLUSION — KEEP (follows area-page decision),"Service×area page inherits the area gate: src/routes/$service.$area.tsx applies areaRobots(area); brookefield is unconfirmed/non-priority → ""noindex, follow"". Live 2026-10-09: HTTP 200, robots=""noindex, follow"", canonical https://ridencare.co.in/doorstep-bike-repair/brookefield, absent from sitemap",LIVE_HTTP_VERIFIED (meta robots + status observed 2026-10-09; /privacy /terms /areas/gunjur re-checked 2026-10-10); SOURCE_CODE_VERIFIED (areas.ts areaRobots / route robots policy at HEAD),No change until the corresponding area page is promoted,High (live robots + committed policy agree),Low — GSC report noise only; do not remove noindex sitewide,Yes (any future change)
/doorstep-bike-repair/choodasandra,UNVERIFIED — no GSC export supplied (see 08-original-export-inventory.csv); GSC API not connected,200,https://ridencare.co.in/doorstep-bike-repair/choodasandra,"noindex, follow",No,7 of 479 pages,Yes,Yes — follows the area decision (noindex while the area page itself is noindex),INTENTIONAL EXCLUSION — KEEP (follows area-page decision),"Service×area page inherits the area gate: src/routes/$service.$area.tsx applies areaRobots(area); choodasandra is unconfirmed/non-priority → ""noindex, follow"". Live 2026-10-09: HTTP 200, robots=""noindex, follow"", canonical https://ridencare.co.in/doorstep-bike-repair/choodasandra, absent from sitemap",LIVE_HTTP_VERIFIED (meta robots + status observed 2026-10-09; /privacy /terms /areas/gunjur re-checked 2026-10-10); SOURCE_CODE_VERIFIED (areas.ts areaRobots / route robots policy at HEAD),No change until the corresponding area page is promoted,High (live robots + committed policy agree),Low — GSC report noise only; do not remove noindex sitewide,Yes (any future change)
/doorstep-bike-repair/domlur,UNVERIFIED — no GSC export supplied (see 08-original-export-inventory.csv); GSC API not connected,200,https://ridencare.co.in/doorstep-bike-repair/domlur,"noindex, follow",No,10 of 479 pages,Yes,Yes — follows the area decision (noindex while the area page itself is noindex),INTENTIONAL EXCLUSION — KEEP (follows area-page decision),"Service×area page inherits the area gate: src/routes/$service.$area.tsx applies areaRobots(area); domlur is unconfirmed/non-priority → ""noindex, follow"". Live 2026-10-09: HTTP 200, robots=""noindex, follow"", canonical https://ridencare.co.in/doorstep-bike-repair/domlur, absent from sitemap",LIVE_HTTP_VERIFIED (meta robots + status observed 2026-10-09; /privacy /terms /areas/gunjur re-checked 2026-10-10); SOURCE_CODE_VERIFIED (areas.ts areaRobots / route robots policy at HEAD),No change until the corresponding area page is promoted,High (live robots + committed policy agree),Low — GSC report noise only; do not remove noindex sitewide,Yes (any future change)
/doorstep-bike-repair/ejipura,UNVERIFIED — no GSC export supplied (see 08-original-export-inventory.csv); GSC API not connected,200,https://ridencare.co.in/doorstep-bike-repair/ejipura,"noindex, follow",No,11 of 479 pages,Yes,Yes — follows the area decision (noindex while the area page itself is noindex),INTENTIONAL EXCLUSION — KEEP (follows area-page decision),"Service×area page inherits the area gate: src/routes/$service.$area.tsx applies areaRobots(area); ejipura is unconfirmed/non-priority → ""noindex, follow"". Live 2026-10-09: HTTP 200, robots=""noindex, follow"", canonical https://ridencare.co.in/doorstep-bike-repair/ejipura, absent from sitemap",LIVE_HTTP_VERIFIED (meta robots + status observed 2026-10-09; /privacy /terms /areas/gunjur re-checked 2026-10-10); SOURCE_CODE_VERIFIED (areas.ts areaRobots / route robots policy at HEAD),No change until the corresponding area page is promoted,High (live robots + committed policy agree),Low — GSC report noise only; do not remove noindex sitewide,Yes (any future change)
/doorstep-bike-repair/gunjur,UNVERIFIED — no GSC export supplied (see 08-original-export-inventory.csv); GSC API not connected,200,https://ridencare.co.in/doorstep-bike-repair/gunjur,"noindex, follow",No,8 of 479 pages,Yes,Yes — follows the area decision (noindex while the area page itself is noindex),INTENTIONAL EXCLUSION — KEEP (follows area-page decision),"Service×area page inherits the area gate: src/routes/$service.$area.tsx applies areaRobots(area); gunjur is unconfirmed/non-priority → ""noindex, follow"". Live 2026-10-09: HTTP 200, robots=""noindex, follow"", canonical https://ridencare.co.in/doorstep-bike-repair/gunjur, absent from sitemap",LIVE_HTTP_VERIFIED (meta robots + status observed 2026-10-09; /privacy /terms /areas/gunjur re-checked 2026-10-10); SOURCE_CODE_VERIFIED (areas.ts areaRobots / route robots policy at HEAD),No change until the corresponding area page is promoted,High (live robots + committed policy agree),Low — GSC report noise only; do not remove noindex sitewide,Yes (any future change)
/doorstep-bike-repair/hal,UNVERIFIED — no GSC export supplied (see 08-original-export-inventory.csv); GSC API not connected,200,https://ridencare.co.in/doorstep-bike-repair/hal,"noindex, follow",No,8 of 479 pages,Yes,Yes — follows the area decision (noindex while the area page itself is noindex),INTENTIONAL EXCLUSION — KEEP (follows area-page decision),"Service×area page inherits the area gate: src/routes/$service.$area.tsx applies areaRobots(area); hal is unconfirmed/non-priority → ""noindex, follow"". Live 2026-10-09: HTTP 200, robots=""noindex, follow"", canonical https://ridencare.co.in/doorstep-bike-repair/hal, absent from sitemap",LIVE_HTTP_VERIFIED (meta robots + status observed 2026-10-09; /privacy /terms /areas/gunjur re-checked 2026-10-10); SOURCE_CODE_VERIFIED (areas.ts areaRobots / route robots policy at HEAD),No change until the corresponding area page is promoted,High (live robots + committed policy agree),Low — GSC report noise only; do not remove noindex sitewide,Yes (any future change)
/doorstep-bike-repair/harlur,UNVERIFIED — no GSC export supplied (see 08-original-export-inventory.csv); GSC API not connected,200,https://ridencare.co.in/doorstep-bike-repair/harlur,"noindex, follow",No,9 of 479 pages,Yes,Yes — follows the area decision (noindex while the area page itself is noindex),INTENTIONAL EXCLUSION — KEEP (follows area-page decision),"Service×area page inherits the area gate: src/routes/$service.$area.tsx applies areaRobots(area); harlur is unconfirmed/non-priority → ""noindex, follow"". Live 2026-10-09: HTTP 200, robots=""noindex, follow"", canonical https://ridencare.co.in/doorstep-bike-repair/harlur, absent from sitemap",LIVE_HTTP_VERIFIED (meta robots + status observed 2026-10-09; /privacy /terms /areas/gunjur re-checked 2026-10-10); SOURCE_CODE_VERIFIED (areas.ts areaRobots / route robots policy at HEAD),No change until the corresponding area page is promoted,High (live robots + committed policy agree),Low — GSC report noise only; do not remove noindex sitewide,Yes (any future change)
/doorstep-bike-repair/kadubeesanahalli,UNVERIFIED — no GSC export supplied (see 08-original-export-inventory.csv); GSC API not connected,200,https://ridencare.co.in/doorstep-bike-repair/kadubeesanahalli,"noindex, follow",No,10 of 479 pages,Yes,Yes — follows the area decision (noindex while the area page itself is noindex),INTENTIONAL EXCLUSION — KEEP (follows area-page decision),"Service×area page inherits the area gate: src/routes/$service.$area.tsx applies areaRobots(area); kadubeesanahalli is unconfirmed/non-priority → ""noindex, follow"". Live 2026-10-09: HTTP 200, robots=""noindex, follow"", canonical https://ridencare.co.in/doorstep-bike-repair/kadubeesanahalli, absent from sitemap",LIVE_HTTP_VERIFIED (meta robots + status observed 2026-10-09; /privacy /terms /areas/gunjur re-checked 2026-10-10); SOURCE_CODE_VERIFIED (areas.ts areaRobots / route robots policy at HEAD),No change until the corresponding area page is promoted,High (live robots + committed policy agree),Low — GSC report noise only; do not remove noindex sitewide,Yes (any future change)
/doorstep-bike-repair/kalyan-nagar,UNVERIFIED — no GSC export supplied (see 08-original-export-inventory.csv); GSC API not connected,200,https://ridencare.co.in/doorstep-bike-repair/kalyan-nagar,"noindex, follow",No,8 of 479 pages,Yes,Yes — follows the area decision (noindex while the area page itself is noindex),INTENTIONAL EXCLUSION — KEEP (follows area-page decision),"Service×area page inherits the area gate: src/routes/$service.$area.tsx applies areaRobots(area); kalyan-nagar is unconfirmed/non-priority → ""noindex, follow"". Live 2026-10-09: HTTP 200, robots=""noindex, follow"", canonical https://ridencare.co.in/doorstep-bike-repair/kalyan-nagar, absent from sitemap",LIVE_HTTP_VERIFIED (meta robots + status observed 2026-10-09; /privacy /terms /areas/gunjur re-checked 2026-10-10); SOURCE_CODE_VERIFIED (areas.ts areaRobots / route robots policy at HEAD),No change until the corresponding area page is promoted,High (live robots + committed policy agree),Low — GSC report noise only; do not remove noindex sitewide,Yes (any future change)
/doorstep-bike-repair/kanakapura-road,UNVERIFIED — no GSC export supplied (see 08-original-export-inventory.csv); GSC API not connected,200,https://ridencare.co.in/doorstep-bike-repair/kanakapura-road,"noindex, follow",No,7 of 479 pages,Yes,Yes — follows the area decision (noindex while the area page itself is noindex),INTENTIONAL EXCLUSION — KEEP (follows area-page decision),"Service×area page inherits the area gate: src/routes/$service.$area.tsx applies areaRobots(area); kanakapura-road is unconfirmed/non-priority → ""noindex, follow"". Live 2026-10-09: HTTP 200, robots=""noindex, follow"", canonical https://ridencare.co.in/doorstep-bike-repair/kanakapura-road, absent from sitemap",LIVE_HTTP_VERIFIED (meta robots + status observed 2026-10-09; /privacy /terms /areas/gunjur re-checked 2026-10-10); SOURCE_CODE_VERIFIED (areas.ts areaRobots / route robots policy at HEAD),No change until the corresponding area page is promoted,High (live robots + committed policy agree),Low — GSC report noise only; do not remove noindex sitewide,Yes (any future change)
/doorstep-bike-repair/kasavanahalli,UNVERIFIED — no GSC export supplied (see 08-original-export-inventory.csv); GSC API not connected,200,https://ridencare.co.in/doorstep-bike-repair/kasavanahalli,"noindex, follow",No,8 of 479 pages,Yes,Yes — follows the area decision (noindex while the area page itself is noindex),INTENTIONAL EXCLUSION — KEEP (follows area-page decision),"Service×area page inherits the area gate: src/routes/$service.$area.tsx applies areaRobots(area); kasavanahalli is unconfirmed/non-priority → ""noindex, follow"". Live 2026-10-09: HTTP 200, robots=""noindex, follow"", canonical https://ridencare.co.in/doorstep-bike-repair/kasavanahalli, absent from sitemap",LIVE_HTTP_VERIFIED (meta robots + status observed 2026-10-09; /privacy /terms /areas/gunjur re-checked 2026-10-10); SOURCE_CODE_VERIFIED (areas.ts areaRobots / route robots policy at HEAD),No change until the corresponding area page is promoted,High (live robots + committed policy agree),Low — GSC report noise only; do not remove noindex sitewide,Yes (any future change)
/doorstep-bike-repair/kr-puram,UNVERIFIED — no GSC export supplied (see 08-original-export-inventory.csv); GSC API not connected,200,https://ridencare.co.in/doorstep-bike-repair/kr-puram,"noindex, follow",No,8 of 479 pages,Yes,No — flip together with its /areas/{slug} P0 guide on deploy,CHANGE PENDING APPROVED P0 DEPLOY,"Service×area page inherits the area gate: src/routes/$service.$area.tsx applies areaRobots(area); kr-puram is unconfirmed/non-priority → ""noindex, follow"". Live 2026-10-09: HTTP 200, robots=""noindex, follow"", canonical https://ridencare.co.in/doorstep-bike-repair/kr-puram, absent from sitemap; P0 slug pair (2026-10-05 plan)",LIVE_HTTP_VERIFIED (meta robots + status observed 2026-10-09; /privacy /terms /areas/gunjur re-checked 2026-10-10); SOURCE_CODE_VERIFIED (areas.ts areaRobots / route robots policy at HEAD),Flip with the P0 deploy; verify robots + sitemap membership + GSC inspection afterwards,High (live robots + committed policy agree),Stays out of the index until the approved deploy lands; do not flip noindex outside that deploy,Yes
/doorstep-bike-repair/kudlu-gate,UNVERIFIED — no GSC export supplied (see 08-original-export-inventory.csv); GSC API not connected,200,https://ridencare.co.in/doorstep-bike-repair/kudlu-gate,"noindex, follow",No,9 of 479 pages,Yes,Yes — follows the area decision (noindex while the area page itself is noindex),INTENTIONAL EXCLUSION — KEEP (follows area-page decision),"Service×area page inherits the area gate: src/routes/$service.$area.tsx applies areaRobots(area); kudlu-gate is unconfirmed/non-priority → ""noindex, follow"". Live 2026-10-09: HTTP 200, robots=""noindex, follow"", canonical https://ridencare.co.in/doorstep-bike-repair/kudlu-gate, absent from sitemap",LIVE_HTTP_VERIFIED (meta robots + status observed 2026-10-09; /privacy /terms /areas/gunjur re-checked 2026-10-10); SOURCE_CODE_VERIFIED (areas.ts areaRobots / route robots policy at HEAD),No change until the corresponding area page is promoted,High (live robots + committed policy agree),Low — GSC report noise only; do not remove noindex sitewide,Yes (any future change)
/doorstep-bike-repair/madiwala,UNVERIFIED — no GSC export supplied (see 08-original-export-inventory.csv); GSC API not connected,200,https://ridencare.co.in/doorstep-bike-repair/madiwala,"noindex, follow",No,12 of 479 pages,Yes,No — flip together with its /areas/{slug} P0 guide on deploy,CHANGE PENDING APPROVED P0 DEPLOY,"Service×area page inherits the area gate: src/routes/$service.$area.tsx applies areaRobots(area); madiwala is unconfirmed/non-priority → ""noindex, follow"". Live 2026-10-09: HTTP 200, robots=""noindex, follow"", canonical https://ridencare.co.in/doorstep-bike-repair/madiwala, absent from sitemap; P0 slug pair (2026-10-05 plan)",LIVE_HTTP_VERIFIED (meta robots + status observed 2026-10-09; /privacy /terms /areas/gunjur re-checked 2026-10-10); SOURCE_CODE_VERIFIED (areas.ts areaRobots / route robots policy at HEAD),Flip with the P0 deploy; verify robots + sitemap membership + GSC inspection afterwards,High (live robots + committed policy agree),Stays out of the index until the approved deploy lands; do not flip noindex outside that deploy,Yes
/doorstep-bike-repair/mahadevapura,UNVERIFIED — no GSC export supplied (see 08-original-export-inventory.csv); GSC API not connected,200,https://ridencare.co.in/doorstep-bike-repair/mahadevapura,"noindex, follow",No,9 of 479 pages,Yes,No — flip together with its /areas/{slug} P0 guide on deploy,CHANGE PENDING APPROVED P0 DEPLOY,"Service×area page inherits the area gate: src/routes/$service.$area.tsx applies areaRobots(area); mahadevapura is unconfirmed/non-priority → ""noindex, follow"". Live 2026-10-09: HTTP 200, robots=""noindex, follow"", canonical https://ridencare.co.in/doorstep-bike-repair/mahadevapura, absent from sitemap; P0 slug pair (2026-10-05 plan)",LIVE_HTTP_VERIFIED (meta robots + status observed 2026-10-09; /privacy /terms /areas/gunjur re-checked 2026-10-10); SOURCE_CODE_VERIFIED (areas.ts areaRobots / route robots policy at HEAD),Flip with the P0 deploy; verify robots + sitemap membership + GSC inspection afterwards,High (live robots + committed policy agree),Stays out of the index until the approved deploy lands; do not flip noindex outside that deploy,Yes
/doorstep-bike-repair/malleshwaram,UNVERIFIED — no GSC export supplied (see 08-original-export-inventory.csv); GSC API not connected,200,https://ridencare.co.in/doorstep-bike-repair/malleshwaram,"noindex, follow",No,8 of 479 pages,Yes,Yes — follows the area decision (noindex while the area page itself is noindex),INTENTIONAL EXCLUSION — KEEP (follows area-page decision),"Service×area page inherits the area gate: src/routes/$service.$area.tsx applies areaRobots(area); malleshwaram is unconfirmed/non-priority → ""noindex, follow"". Live 2026-10-09: HTTP 200, robots=""noindex, follow"", canonical https://ridencare.co.in/doorstep-bike-repair/malleshwaram, absent from sitemap",LIVE_HTTP_VERIFIED (meta robots + status observed 2026-10-09; /privacy /terms /areas/gunjur re-checked 2026-10-10); SOURCE_CODE_VERIFIED (areas.ts areaRobots / route robots policy at HEAD),No change until the corresponding area page is promoted,High (live robots + committed policy agree),Low — GSC report noise only; do not remove noindex sitewide,Yes (any future change)
/doorstep-bike-repair/mg-road,UNVERIFIED — no GSC export supplied (see 08-original-export-inventory.csv); GSC API not connected,200,https://ridencare.co.in/doorstep-bike-repair/mg-road,"noindex, follow",No,8 of 479 pages,Yes,No — flip together with its /areas/{slug} P0 guide on deploy,CHANGE PENDING APPROVED P0 DEPLOY,"Service×area page inherits the area gate: src/routes/$service.$area.tsx applies areaRobots(area); mg-road is unconfirmed/non-priority → ""noindex, follow"". Live 2026-10-09: HTTP 200, robots=""noindex, follow"", canonical https://ridencare.co.in/doorstep-bike-repair/mg-road, absent from sitemap; P0 slug pair (2026-10-05 plan)",LIVE_HTTP_VERIFIED (meta robots + status observed 2026-10-09; /privacy /terms /areas/gunjur re-checked 2026-10-10); SOURCE_CODE_VERIFIED (areas.ts areaRobots / route robots policy at HEAD),Flip with the P0 deploy; verify robots + sitemap membership + GSC inspection afterwards,High (live robots + committed policy agree),Stays out of the index until the approved deploy lands; do not flip noindex outside that deploy,Yes
/doorstep-bike-repair/panathur-road,UNVERIFIED — no GSC export supplied (see 08-original-export-inventory.csv); GSC API not connected,200,https://ridencare.co.in/doorstep-bike-repair/panathur-road,"noindex, follow",No,10 of 479 pages,Yes,Yes — follows the area decision (noindex while the area page itself is noindex),INTENTIONAL EXCLUSION — KEEP (follows area-page decision),"Service×area page inherits the area gate: src/routes/$service.$area.tsx applies areaRobots(area); panathur-road is unconfirmed/non-priority → ""noindex, follow"". Live 2026-10-09: HTTP 200, robots=""noindex, follow"", canonical https://ridencare.co.in/doorstep-bike-repair/panathur-road, absent from sitemap",LIVE_HTTP_VERIFIED (meta robots + status observed 2026-10-09; /privacy /terms /areas/gunjur re-checked 2026-10-10); SOURCE_CODE_VERIFIED (areas.ts areaRobots / route robots policy at HEAD),No change until the corresponding area page is promoted,High (live robots + committed policy agree),Low — GSC report noise only; do not remove noindex sitewide,Yes (any future change)
/doorstep-bike-repair/parappana-agrahara,UNVERIFIED — no GSC export supplied (see 08-original-export-inventory.csv); GSC API not connected,200,https://ridencare.co.in/doorstep-bike-repair/parappana-agrahara,"noindex, follow",No,8 of 479 pages,Yes,Yes — follows the area decision (noindex while the area page itself is noindex),INTENTIONAL EXCLUSION — KEEP (follows area-page decision),"Service×area page inherits the area gate: src/routes/$service.$area.tsx applies areaRobots(area); parappana-agrahara is unconfirmed/non-priority → ""noindex, follow"". Live 2026-10-09: HTTP 200, robots=""noindex, follow"", canonical https://ridencare.co.in/doorstep-bike-repair/parappana-agrahara, absent from sitemap",LIVE_HTTP_VERIFIED (meta robots + status observed 2026-10-09; /privacy /terms /areas/gunjur re-checked 2026-10-10); SOURCE_CODE_VERIFIED (areas.ts areaRobots / route robots policy at HEAD),No change until the corresponding area page is promoted,High (live robots + committed policy agree),Low — GSC report noise only; do not remove noindex sitewide,Yes (any future change)
/doorstep-bike-repair/peenya,UNVERIFIED — no GSC export supplied (see 08-original-export-inventory.csv); GSC API not connected,200,https://ridencare.co.in/doorstep-bike-repair/peenya,"noindex, follow",No,7 of 479 pages,Yes,Yes — follows the area decision (noindex while the area page itself is noindex),INTENTIONAL EXCLUSION — KEEP (follows area-page decision),"Service×area page inherits the area gate: src/routes/$service.$area.tsx applies areaRobots(area); peenya is unconfirmed/non-priority → ""noindex, follow"". Live 2026-10-09: HTTP 200, robots=""noindex, follow"", canonical https://ridencare.co.in/doorstep-bike-repair/peenya, absent from sitemap",LIVE_HTTP_VERIFIED (meta robots + status observed 2026-10-09; /privacy /terms /areas/gunjur re-checked 2026-10-10); SOURCE_CODE_VERIFIED (areas.ts areaRobots / route robots policy at HEAD),No change until the corresponding area page is promoted,High (live robots + committed policy agree),Low — GSC report noise only; do not remove noindex sitewide,Yes (any future change)
/doorstep-bike-repair/rajajinagar,UNVERIFIED — no GSC export supplied (see 08-original-export-inventory.csv); GSC API not connected,200,https://ridencare.co.in/doorstep-bike-repair/rajajinagar,"noindex, follow",No,8 of 479 pages,Yes,Yes — follows the area decision (noindex while the area page itself is noindex),INTENTIONAL EXCLUSION — KEEP (follows area-page decision),"Service×area page inherits the area gate: src/routes/$service.$area.tsx applies areaRobots(area); rajajinagar is unconfirmed/non-priority → ""noindex, follow"". Live 2026-10-09: HTTP 200, robots=""noindex, follow"", canonical https://ridencare.co.in/doorstep-bike-repair/rajajinagar, absent from sitemap",LIVE_HTTP_VERIFIED (meta robots + status observed 2026-10-09; /privacy /terms /areas/gunjur re-checked 2026-10-10); SOURCE_CODE_VERIFIED (areas.ts areaRobots / route robots policy at HEAD),No change until the corresponding area page is promoted,High (live robots + committed policy agree),Low — GSC report noise only; do not remove noindex sitewide,Yes (any future change)
/doorstep-bike-repair/singasandra,UNVERIFIED — no GSC export supplied (see 08-original-export-inventory.csv); GSC API not connected,200,https://ridencare.co.in/doorstep-bike-repair/singasandra,"noindex, follow",No,9 of 479 pages,Yes,Yes — follows the area decision (noindex while the area page itself is noindex),INTENTIONAL EXCLUSION — KEEP (follows area-page decision),"Service×area page inherits the area gate: src/routes/$service.$area.tsx applies areaRobots(area); singasandra is unconfirmed/non-priority → ""noindex, follow"". Live 2026-10-09: HTTP 200, robots=""noindex, follow"", canonical https://ridencare.co.in/doorstep-bike-repair/singasandra, absent from sitemap",LIVE_HTTP_VERIFIED (meta robots + status observed 2026-10-09; /privacy /terms /areas/gunjur re-checked 2026-10-10); SOURCE_CODE_VERIFIED (areas.ts areaRobots / route robots policy at HEAD),No change until the corresponding area page is promoted,High (live robots + committed policy agree),Low — GSC report noise only; do not remove noindex sitewide,Yes (any future change)
/doorstep-bike-repair/varthur,UNVERIFIED — no GSC export supplied (see 08-original-export-inventory.csv); GSC API not connected,200,https://ridencare.co.in/doorstep-bike-repair/varthur,"noindex, follow",No,8 of 479 pages,Yes,Yes — follows the area decision (noindex while the area page itself is noindex),INTENTIONAL EXCLUSION — KEEP (follows area-page decision),"Service×area page inherits the area gate: src/routes/$service.$area.tsx applies areaRobots(area); varthur is unconfirmed/non-priority → ""noindex, follow"". Live 2026-10-09: HTTP 200, robots=""noindex, follow"", canonical https://ridencare.co.in/doorstep-bike-repair/varthur, absent from sitemap",LIVE_HTTP_VERIFIED (meta robots + status observed 2026-10-09; /privacy /terms /areas/gunjur re-checked 2026-10-10); SOURCE_CODE_VERIFIED (areas.ts areaRobots / route robots policy at HEAD),No change until the corresponding area page is promoted,High (live robots + committed policy agree),Low — GSC report noise only; do not remove noindex sitewide,Yes (any future change)
/doorstep-bike-repair/yelahanka,UNVERIFIED — no GSC export supplied (see 08-original-export-inventory.csv); GSC API not connected,200,https://ridencare.co.in/doorstep-bike-repair/yelahanka,"noindex, follow",No,6 of 479 pages,Yes,Yes — follows the area decision (noindex while the area page itself is noindex),INTENTIONAL EXCLUSION — KEEP (follows area-page decision),"Service×area page inherits the area gate: src/routes/$service.$area.tsx applies areaRobots(area); yelahanka is unconfirmed/non-priority → ""noindex, follow"". Live 2026-10-09: HTTP 200, robots=""noindex, follow"", canonical https://ridencare.co.in/doorstep-bike-repair/yelahanka, absent from sitemap",LIVE_HTTP_VERIFIED (meta robots + status observed 2026-10-09; /privacy /terms /areas/gunjur re-checked 2026-10-10); SOURCE_CODE_VERIFIED (areas.ts areaRobots / route robots policy at HEAD),No change until the corresponding area page is promoted,High (live robots + committed policy agree),Low — GSC report noise only; do not remove noindex sitewide,Yes (any future change)
/doorstep-bike-repair/yeshwanthpur,UNVERIFIED — no GSC export supplied (see 08-original-export-inventory.csv); GSC API not connected,200,https://ridencare.co.in/doorstep-bike-repair/yeshwanthpur,"noindex, follow",No,9 of 479 pages,Yes,Yes — follows the area decision (noindex while the area page itself is noindex),INTENTIONAL EXCLUSION — KEEP (follows area-page decision),"Service×area page inherits the area gate: src/routes/$service.$area.tsx applies areaRobots(area); yeshwanthpur is unconfirmed/non-priority → ""noindex, follow"". Live 2026-10-09: HTTP 200, robots=""noindex, follow"", canonical https://ridencare.co.in/doorstep-bike-repair/yeshwanthpur, absent from sitemap",LIVE_HTTP_VERIFIED (meta robots + status observed 2026-10-09; /privacy /terms /areas/gunjur re-checked 2026-10-10); SOURCE_CODE_VERIFIED (areas.ts areaRobots / route robots policy at HEAD),No change until the corresponding area page is promoted,High (live robots + committed policy agree),Low — GSC report noise only; do not remove noindex sitewide,Yes (any future change)
/doorstep-bike-service/banashankari,UNVERIFIED — no GSC export supplied (see 08-original-export-inventory.csv); GSC API not connected,200,https://ridencare.co.in/doorstep-bike-service/banashankari,"noindex, follow",No,9 of 479 pages,Yes,No — flip together with its /areas/{slug} P0 guide on deploy,CHANGE PENDING APPROVED P0 DEPLOY,"Service×area page inherits the area gate: src/routes/$service.$area.tsx applies areaRobots(area); banashankari is unconfirmed/non-priority → ""noindex, follow"". Live 2026-10-09: HTTP 200, robots=""noindex, follow"", canonical https://ridencare.co.in/doorstep-bike-service/banashankari, absent from sitemap; P0 slug pair (2026-10-05 plan)",LIVE_HTTP_VERIFIED (meta robots + status observed 2026-10-09; /privacy /terms /areas/gunjur re-checked 2026-10-10); SOURCE_CODE_VERIFIED (areas.ts areaRobots / route robots policy at HEAD),Flip with the P0 deploy; verify robots + sitemap membership + GSC inspection afterwards,High (live robots + committed policy agree),Stays out of the index until the approved deploy lands; do not flip noindex outside that deploy,Yes
/doorstep-bike-service/bannerghatta-road,UNVERIFIED — no GSC export supplied (see 08-original-export-inventory.csv); GSC API not connected,200,https://ridencare.co.in/doorstep-bike-service/bannerghatta-road,"noindex, follow",No,6 of 479 pages,Yes,Yes — follows the area decision (noindex while the area page itself is noindex),INTENTIONAL EXCLUSION — KEEP (follows area-page decision),"Service×area page inherits the area gate: src/routes/$service.$area.tsx applies areaRobots(area); bannerghatta-road is unconfirmed/non-priority → ""noindex, follow"". Live 2026-10-09: HTTP 200, robots=""noindex, follow"", canonical https://ridencare.co.in/doorstep-bike-service/bannerghatta-road, absent from sitemap",LIVE_HTTP_VERIFIED (meta robots + status observed 2026-10-09; /privacy /terms /areas/gunjur re-checked 2026-10-10); SOURCE_CODE_VERIFIED (areas.ts areaRobots / route robots policy at HEAD),No change until the corresponding area page is promoted,High (live robots + committed policy agree),Low — GSC report noise only; do not remove noindex sitewide,Yes (any future change)
/doorstep-bike-service/bommanahalli,UNVERIFIED — no GSC export supplied (see 08-original-export-inventory.csv); GSC API not connected,200,https://ridencare.co.in/doorstep-bike-service/bommanahalli,"noindex, follow",No,11 of 479 pages,Yes,Yes — follows the area decision (noindex while the area page itself is noindex),INTENTIONAL EXCLUSION — KEEP (follows area-page decision),"Service×area page inherits the area gate: src/routes/$service.$area.tsx applies areaRobots(area); bommanahalli is unconfirmed/non-priority → ""noindex, follow"". Live 2026-10-09: HTTP 200, robots=""noindex, follow"", canonical https://ridencare.co.in/doorstep-bike-service/bommanahalli, absent from sitemap",LIVE_HTTP_VERIFIED (meta robots + status observed 2026-10-09; /privacy /terms /areas/gunjur re-checked 2026-10-10); SOURCE_CODE_VERIFIED (areas.ts areaRobots / route robots policy at HEAD),No change until the corresponding area page is promoted,High (live robots + committed policy agree),Low — GSC report noise only; do not remove noindex sitewide,Yes (any future change)
/doorstep-bike-service/brookefield,UNVERIFIED — no GSC export supplied (see 08-original-export-inventory.csv); GSC API not connected,200,https://ridencare.co.in/doorstep-bike-service/brookefield,"noindex, follow",No,8 of 479 pages,Yes,Yes — follows the area decision (noindex while the area page itself is noindex),INTENTIONAL EXCLUSION — KEEP (follows area-page decision),"Service×area page inherits the area gate: src/routes/$service.$area.tsx applies areaRobots(area); brookefield is unconfirmed/non-priority → ""noindex, follow"". Live 2026-10-09: HTTP 200, robots=""noindex, follow"", canonical https://ridencare.co.in/doorstep-bike-service/brookefield, absent from sitemap",LIVE_HTTP_VERIFIED (meta robots + status observed 2026-10-09; /privacy /terms /areas/gunjur re-checked 2026-10-10); SOURCE_CODE_VERIFIED (areas.ts areaRobots / route robots policy at HEAD),No change until the corresponding area page is promoted,High (live robots + committed policy agree),Low — GSC report noise only; do not remove noindex sitewide,Yes (any future change)
/doorstep-bike-service/choodasandra,UNVERIFIED — no GSC export supplied (see 08-original-export-inventory.csv); GSC API not connected,200,https://ridencare.co.in/doorstep-bike-service/choodasandra,"noindex, follow",No,7 of 479 pages,Yes,Yes — follows the area decision (noindex while the area page itself is noindex),INTENTIONAL EXCLUSION — KEEP (follows area-page decision),"Service×area page inherits the area gate: src/routes/$service.$area.tsx applies areaRobots(area); choodasandra is unconfirmed/non-priority → ""noindex, follow"". Live 2026-10-09: HTTP 200, robots=""noindex, follow"", canonical https://ridencare.co.in/doorstep-bike-service/choodasandra, absent from sitemap",LIVE_HTTP_VERIFIED (meta robots + status observed 2026-10-09; /privacy /terms /areas/gunjur re-checked 2026-10-10); SOURCE_CODE_VERIFIED (areas.ts areaRobots / route robots policy at HEAD),No change until the corresponding area page is promoted,High (live robots + committed policy agree),Low — GSC report noise only; do not remove noindex sitewide,Yes (any future change)
/doorstep-bike-service/domlur,UNVERIFIED — no GSC export supplied (see 08-original-export-inventory.csv); GSC API not connected,200,https://ridencare.co.in/doorstep-bike-service/domlur,"noindex, follow",No,10 of 479 pages,Yes,Yes — follows the area decision (noindex while the area page itself is noindex),INTENTIONAL EXCLUSION — KEEP (follows area-page decision),"Service×area page inherits the area gate: src/routes/$service.$area.tsx applies areaRobots(area); domlur is unconfirmed/non-priority → ""noindex, follow"". Live 2026-10-09: HTTP 200, robots=""noindex, follow"", canonical https://ridencare.co.in/doorstep-bike-service/domlur, absent from sitemap",LIVE_HTTP_VERIFIED (meta robots + status observed 2026-10-09; /privacy /terms /areas/gunjur re-checked 2026-10-10); SOURCE_CODE_VERIFIED (areas.ts areaRobots / route robots policy at HEAD),No change until the corresponding area page is promoted,High (live robots + committed policy agree),Low — GSC report noise only; do not remove noindex sitewide,Yes (any future change)
/doorstep-bike-service/ejipura,UNVERIFIED — no GSC export supplied (see 08-original-export-inventory.csv); GSC API not connected,200,https://ridencare.co.in/doorstep-bike-service/ejipura,"noindex, follow",No,11 of 479 pages,Yes,Yes — follows the area decision (noindex while the area page itself is noindex),INTENTIONAL EXCLUSION — KEEP (follows area-page decision),"Service×area page inherits the area gate: src/routes/$service.$area.tsx applies areaRobots(area); ejipura is unconfirmed/non-priority → ""noindex, follow"". Live 2026-10-09: HTTP 200, robots=""noindex, follow"", canonical https://ridencare.co.in/doorstep-bike-service/ejipura, absent from sitemap",LIVE_HTTP_VERIFIED (meta robots + status observed 2026-10-09; /privacy /terms /areas/gunjur re-checked 2026-10-10); SOURCE_CODE_VERIFIED (areas.ts areaRobots / route robots policy at HEAD),No change until the corresponding area page is promoted,High (live robots + committed policy agree),Low — GSC report noise only; do not remove noindex sitewide,Yes (any future change)
/doorstep-bike-service/gunjur,UNVERIFIED — no GSC export supplied (see 08-original-export-inventory.csv); GSC API not connected,200,https://ridencare.co.in/doorstep-bike-service/gunjur,"noindex, follow",No,8 of 479 pages,Yes,Yes — follows the area decision (noindex while the area page itself is noindex),INTENTIONAL EXCLUSION — KEEP (follows area-page decision),"Service×area page inherits the area gate: src/routes/$service.$area.tsx applies areaRobots(area); gunjur is unconfirmed/non-priority → ""noindex, follow"". Live 2026-10-09: HTTP 200, robots=""noindex, follow"", canonical https://ridencare.co.in/doorstep-bike-service/gunjur, absent from sitemap",LIVE_HTTP_VERIFIED (meta robots + status observed 2026-10-09; /privacy /terms /areas/gunjur re-checked 2026-10-10); SOURCE_CODE_VERIFIED (areas.ts areaRobots / route robots policy at HEAD),No change until the corresponding area page is promoted,High (live robots + committed policy agree),Low — GSC report noise only; do not remove noindex sitewide,Yes (any future change)
/doorstep-bike-service/hal,UNVERIFIED — no GSC export supplied (see 08-original-export-inventory.csv); GSC API not connected,200,https://ridencare.co.in/doorstep-bike-service/hal,"noindex, follow",No,8 of 479 pages,Yes,Yes — follows the area decision (noindex while the area page itself is noindex),INTENTIONAL EXCLUSION — KEEP (follows area-page decision),"Service×area page inherits the area gate: src/routes/$service.$area.tsx applies areaRobots(area); hal is unconfirmed/non-priority → ""noindex, follow"". Live 2026-10-09: HTTP 200, robots=""noindex, follow"", canonical https://ridencare.co.in/doorstep-bike-service/hal, absent from sitemap",LIVE_HTTP_VERIFIED (meta robots + status observed 2026-10-09; /privacy /terms /areas/gunjur re-checked 2026-10-10); SOURCE_CODE_VERIFIED (areas.ts areaRobots / route robots policy at HEAD),No change until the corresponding area page is promoted,High (live robots + committed policy agree),Low — GSC report noise only; do not remove noindex sitewide,Yes (any future change)
/doorstep-bike-service/harlur,UNVERIFIED — no GSC export supplied (see 08-original-export-inventory.csv); GSC API not connected,200,https://ridencare.co.in/doorstep-bike-service/harlur,"noindex, follow",No,9 of 479 pages,Yes,Yes — follows the area decision (noindex while the area page itself is noindex),INTENTIONAL EXCLUSION — KEEP (follows area-page decision),"Service×area page inherits the area gate: src/routes/$service.$area.tsx applies areaRobots(area); harlur is unconfirmed/non-priority → ""noindex, follow"". Live 2026-10-09: HTTP 200, robots=""noindex, follow"", canonical https://ridencare.co.in/doorstep-bike-service/harlur, absent from sitemap",LIVE_HTTP_VERIFIED (meta robots + status observed 2026-10-09; /privacy /terms /areas/gunjur re-checked 2026-10-10); SOURCE_CODE_VERIFIED (areas.ts areaRobots / route robots policy at HEAD),No change until the corresponding area page is promoted,High (live robots + committed policy agree),Low — GSC report noise only; do not remove noindex sitewide,Yes (any future change)
/doorstep-bike-service/kadubeesanahalli,UNVERIFIED — no GSC export supplied (see 08-original-export-inventory.csv); GSC API not connected,200,https://ridencare.co.in/doorstep-bike-service/kadubeesanahalli,"noindex, follow",No,10 of 479 pages,Yes,Yes — follows the area decision (noindex while the area page itself is noindex),INTENTIONAL EXCLUSION — KEEP (follows area-page decision),"Service×area page inherits the area gate: src/routes/$service.$area.tsx applies areaRobots(area); kadubeesanahalli is unconfirmed/non-priority → ""noindex, follow"". Live 2026-10-09: HTTP 200, robots=""noindex, follow"", canonical https://ridencare.co.in/doorstep-bike-service/kadubeesanahalli, absent from sitemap",LIVE_HTTP_VERIFIED (meta robots + status observed 2026-10-09; /privacy /terms /areas/gunjur re-checked 2026-10-10); SOURCE_CODE_VERIFIED (areas.ts areaRobots / route robots policy at HEAD),No change until the corresponding area page is promoted,High (live robots + committed policy agree),Low — GSC report noise only; do not remove noindex sitewide,Yes (any future change)
/doorstep-bike-service/kalyan-nagar,UNVERIFIED — no GSC export supplied (see 08-original-export-inventory.csv); GSC API not connected,200,https://ridencare.co.in/doorstep-bike-service/kalyan-nagar,"noindex, follow",No,8 of 479 pages,Yes,Yes — follows the area decision (noindex while the area page itself is noindex),INTENTIONAL EXCLUSION — KEEP (follows area-page decision),"Service×area page inherits the area gate: src/routes/$service.$area.tsx applies areaRobots(area); kalyan-nagar is unconfirmed/non-priority → ""noindex, follow"". Live 2026-10-09: HTTP 200, robots=""noindex, follow"", canonical https://ridencare.co.in/doorstep-bike-service/kalyan-nagar, absent from sitemap",LIVE_HTTP_VERIFIED (meta robots + status observed 2026-10-09; /privacy /terms /areas/gunjur re-checked 2026-10-10); SOURCE_CODE_VERIFIED (areas.ts areaRobots / route robots policy at HEAD),No change until the corresponding area page is promoted,High (live robots + committed policy agree),Low — GSC report noise only; do not remove noindex sitewide,Yes (any future change)
/doorstep-bike-service/kanakapura-road,UNVERIFIED — no GSC export supplied (see 08-original-export-inventory.csv); GSC API not connected,200,https://ridencare.co.in/doorstep-bike-service/kanakapura-road,"noindex, follow",No,7 of 479 pages,Yes,Yes — follows the area decision (noindex while the area page itself is noindex),INTENTIONAL EXCLUSION — KEEP (follows area-page decision),"Service×area page inherits the area gate: src/routes/$service.$area.tsx applies areaRobots(area); kanakapura-road is unconfirmed/non-priority → ""noindex, follow"". Live 2026-10-09: HTTP 200, robots=""noindex, follow"", canonical https://ridencare.co.in/doorstep-bike-service/kanakapura-road, absent from sitemap",LIVE_HTTP_VERIFIED (meta robots + status observed 2026-10-09; /privacy /terms /areas/gunjur re-checked 2026-10-10); SOURCE_CODE_VERIFIED (areas.ts areaRobots / route robots policy at HEAD),No change until the corresponding area page is promoted,High (live robots + committed policy agree),Low — GSC report noise only; do not remove noindex sitewide,Yes (any future change)
/doorstep-bike-service/kasavanahalli,UNVERIFIED — no GSC export supplied (see 08-original-export-inventory.csv); GSC API not connected,200,https://ridencare.co.in/doorstep-bike-service/kasavanahalli,"noindex, follow",No,8 of 479 pages,Yes,Yes — follows the area decision (noindex while the area page itself is noindex),INTENTIONAL EXCLUSION — KEEP (follows area-page decision),"Service×area page inherits the area gate: src/routes/$service.$area.tsx applies areaRobots(area); kasavanahalli is unconfirmed/non-priority → ""noindex, follow"". Live 2026-10-09: HTTP 200, robots=""noindex, follow"", canonical https://ridencare.co.in/doorstep-bike-service/kasavanahalli, absent from sitemap",LIVE_HTTP_VERIFIED (meta robots + status observed 2026-10-09; /privacy /terms /areas/gunjur re-checked 2026-10-10); SOURCE_CODE_VERIFIED (areas.ts areaRobots / route robots policy at HEAD),No change until the corresponding area page is promoted,High (live robots + committed policy agree),Low — GSC report noise only; do not remove noindex sitewide,Yes (any future change)
/doorstep-bike-service/kr-puram,UNVERIFIED — no GSC export supplied (see 08-original-export-inventory.csv); GSC API not connected,200,https://ridencare.co.in/doorstep-bike-service/kr-puram,"noindex, follow",No,8 of 479 pages,Yes,No — flip together with its /areas/{slug} P0 guide on deploy,CHANGE PENDING APPROVED P0 DEPLOY,"Service×area page inherits the area gate: src/routes/$service.$area.tsx applies areaRobots(area); kr-puram is unconfirmed/non-priority → ""noindex, follow"". Live 2026-10-09: HTTP 200, robots=""noindex, follow"", canonical https://ridencare.co.in/doorstep-bike-service/kr-puram, absent from sitemap; P0 slug pair (2026-10-05 plan)",LIVE_HTTP_VERIFIED (meta robots + status observed 2026-10-09; /privacy /terms /areas/gunjur re-checked 2026-10-10); SOURCE_CODE_VERIFIED (areas.ts areaRobots / route robots policy at HEAD),Flip with the P0 deploy; verify robots + sitemap membership + GSC inspection afterwards,High (live robots + committed policy agree),Stays out of the index until the approved deploy lands; do not flip noindex outside that deploy,Yes
/doorstep-bike-service/kudlu-gate,UNVERIFIED — no GSC export supplied (see 08-original-export-inventory.csv); GSC API not connected,200,https://ridencare.co.in/doorstep-bike-service/kudlu-gate,"noindex, follow",No,9 of 479 pages,Yes,Yes — follows the area decision (noindex while the area page itself is noindex),INTENTIONAL EXCLUSION — KEEP (follows area-page decision),"Service×area page inherits the area gate: src/routes/$service.$area.tsx applies areaRobots(area); kudlu-gate is unconfirmed/non-priority → ""noindex, follow"". Live 2026-10-09: HTTP 200, robots=""noindex, follow"", canonical https://ridencare.co.in/doorstep-bike-service/kudlu-gate, absent from sitemap",LIVE_HTTP_VERIFIED (meta robots + status observed 2026-10-09; /privacy /terms /areas/gunjur re-checked 2026-10-10); SOURCE_CODE_VERIFIED (areas.ts areaRobots / route robots policy at HEAD),No change until the corresponding area page is promoted,High (live robots + committed policy agree),Low — GSC report noise only; do not remove noindex sitewide,Yes (any future change)
/doorstep-bike-service/madiwala,UNVERIFIED — no GSC export supplied (see 08-original-export-inventory.csv); GSC API not connected,200,https://ridencare.co.in/doorstep-bike-service/madiwala,"noindex, follow",No,12 of 479 pages,Yes,No — flip together with its /areas/{slug} P0 guide on deploy,CHANGE PENDING APPROVED P0 DEPLOY,"Service×area page inherits the area gate: src/routes/$service.$area.tsx applies areaRobots(area); madiwala is unconfirmed/non-priority → ""noindex, follow"". Live 2026-10-09: HTTP 200, robots=""noindex, follow"", canonical https://ridencare.co.in/doorstep-bike-service/madiwala, absent from sitemap; P0 slug pair (2026-10-05 plan)",LIVE_HTTP_VERIFIED (meta robots + status observed 2026-10-09; /privacy /terms /areas/gunjur re-checked 2026-10-10); SOURCE_CODE_VERIFIED (areas.ts areaRobots / route robots policy at HEAD),Flip with the P0 deploy; verify robots + sitemap membership + GSC inspection afterwards,High (live robots + committed policy agree),Stays out of the index until the approved deploy lands; do not flip noindex outside that deploy,Yes
/doorstep-bike-service/mahadevapura,UNVERIFIED — no GSC export supplied (see 08-original-export-inventory.csv); GSC API not connected,200,https://ridencare.co.in/doorstep-bike-service/mahadevapura,"noindex, follow",No,9 of 479 pages,Yes,No — flip together with its /areas/{slug} P0 guide on deploy,CHANGE PENDING APPROVED P0 DEPLOY,"Service×area page inherits the area gate: src/routes/$service.$area.tsx applies areaRobots(area); mahadevapura is unconfirmed/non-priority → ""noindex, follow"". Live 2026-10-09: HTTP 200, robots=""noindex, follow"", canonical https://ridencare.co.in/doorstep-bike-service/mahadevapura, absent from sitemap; P0 slug pair (2026-10-05 plan)",LIVE_HTTP_VERIFIED (meta robots + status observed 2026-10-09; /privacy /terms /areas/gunjur re-checked 2026-10-10); SOURCE_CODE_VERIFIED (areas.ts areaRobots / route robots policy at HEAD),Flip with the P0 deploy; verify robots + sitemap membership + GSC inspection afterwards,High (live robots + committed policy agree),Stays out of the index until the approved deploy lands; do not flip noindex outside that deploy,Yes
/doorstep-bike-service/malleshwaram,UNVERIFIED — no GSC export supplied (see 08-original-export-inventory.csv); GSC API not connected,200,https://ridencare.co.in/doorstep-bike-service/malleshwaram,"noindex, follow",No,8 of 479 pages,Yes,Yes — follows the area decision (noindex while the area page itself is noindex),INTENTIONAL EXCLUSION — KEEP (follows area-page decision),"Service×area page inherits the area gate: src/routes/$service.$area.tsx applies areaRobots(area); malleshwaram is unconfirmed/non-priority → ""noindex, follow"". Live 2026-10-09: HTTP 200, robots=""noindex, follow"", canonical https://ridencare.co.in/doorstep-bike-service/malleshwaram, absent from sitemap",LIVE_HTTP_VERIFIED (meta robots + status observed 2026-10-09; /privacy /terms /areas/gunjur re-checked 2026-10-10); SOURCE_CODE_VERIFIED (areas.ts areaRobots / route robots policy at HEAD),No change until the corresponding area page is promoted,High (live robots + committed policy agree),Low — GSC report noise only; do not remove noindex sitewide,Yes (any future change)
/doorstep-bike-service/mg-road,UNVERIFIED — no GSC export supplied (see 08-original-export-inventory.csv); GSC API not connected,200,https://ridencare.co.in/doorstep-bike-service/mg-road,"noindex, follow",No,8 of 479 pages,Yes,No — flip together with its /areas/{slug} P0 guide on deploy,CHANGE PENDING APPROVED P0 DEPLOY,"Service×area page inherits the area gate: src/routes/$service.$area.tsx applies areaRobots(area); mg-road is unconfirmed/non-priority → ""noindex, follow"". Live 2026-10-09: HTTP 200, robots=""noindex, follow"", canonical https://ridencare.co.in/doorstep-bike-service/mg-road, absent from sitemap; P0 slug pair (2026-10-05 plan)",LIVE_HTTP_VERIFIED (meta robots + status observed 2026-10-09; /privacy /terms /areas/gunjur re-checked 2026-10-10); SOURCE_CODE_VERIFIED (areas.ts areaRobots / route robots policy at HEAD),Flip with the P0 deploy; verify robots + sitemap membership + GSC inspection afterwards,High (live robots + committed policy agree),Stays out of the index until the approved deploy lands; do not flip noindex outside that deploy,Yes
/doorstep-bike-service/panathur-road,UNVERIFIED — no GSC export supplied (see 08-original-export-inventory.csv); GSC API not connected,200,https://ridencare.co.in/doorstep-bike-service/panathur-road,"noindex, follow",No,10 of 479 pages,Yes,Yes — follows the area decision (noindex while the area page itself is noindex),INTENTIONAL EXCLUSION — KEEP (follows area-page decision),"Service×area page inherits the area gate: src/routes/$service.$area.tsx applies areaRobots(area); panathur-road is unconfirmed/non-priority → ""noindex, follow"". Live 2026-10-09: HTTP 200, robots=""noindex, follow"", canonical https://ridencare.co.in/doorstep-bike-service/panathur-road, absent from sitemap",LIVE_HTTP_VERIFIED (meta robots + status observed 2026-10-09; /privacy /terms /areas/gunjur re-checked 2026-10-10); SOURCE_CODE_VERIFIED (areas.ts areaRobots / route robots policy at HEAD),No change until the corresponding area page is promoted,High (live robots + committed policy agree),Low — GSC report noise only; do not remove noindex sitewide,Yes (any future change)
/doorstep-bike-service/parappana-agrahara,UNVERIFIED — no GSC export supplied (see 08-original-export-inventory.csv); GSC API not connected,200,https://ridencare.co.in/doorstep-bike-service/parappana-agrahara,"noindex, follow",No,8 of 479 pages,Yes,Yes — follows the area decision (noindex while the area page itself is noindex),INTENTIONAL EXCLUSION — KEEP (follows area-page decision),"Service×area page inherits the area gate: src/routes/$service.$area.tsx applies areaRobots(area); parappana-agrahara is unconfirmed/non-priority → ""noindex, follow"". Live 2026-10-09: HTTP 200, robots=""noindex, follow"", canonical https://ridencare.co.in/doorstep-bike-service/parappana-agrahara, absent from sitemap",LIVE_HTTP_VERIFIED (meta robots + status observed 2026-10-09; /privacy /terms /areas/gunjur re-checked 2026-10-10); SOURCE_CODE_VERIFIED (areas.ts areaRobots / route robots policy at HEAD),No change until the corresponding area page is promoted,High (live robots + committed policy agree),Low — GSC report noise only; do not remove noindex sitewide,Yes (any future change)
/doorstep-bike-service/peenya,UNVERIFIED — no GSC export supplied (see 08-original-export-inventory.csv); GSC API not connected,200,https://ridencare.co.in/doorstep-bike-service/peenya,"noindex, follow",No,7 of 479 pages,Yes,Yes — follows the area decision (noindex while the area page itself is noindex),INTENTIONAL EXCLUSION — KEEP (follows area-page decision),"Service×area page inherits the area gate: src/routes/$service.$area.tsx applies areaRobots(area); peenya is unconfirmed/non-priority → ""noindex, follow"". Live 2026-10-09: HTTP 200, robots=""noindex, follow"", canonical https://ridencare.co.in/doorstep-bike-service/peenya, absent from sitemap",LIVE_HTTP_VERIFIED (meta robots + status observed 2026-10-09; /privacy /terms /areas/gunjur re-checked 2026-10-10); SOURCE_CODE_VERIFIED (areas.ts areaRobots / route robots policy at HEAD),No change until the corresponding area page is promoted,High (live robots + committed policy agree),Low — GSC report noise only; do not remove noindex sitewide,Yes (any future change)
/doorstep-bike-service/rajajinagar,UNVERIFIED — no GSC export supplied (see 08-original-export-inventory.csv); GSC API not connected,200,https://ridencare.co.in/doorstep-bike-service/rajajinagar,"noindex, follow",No,8 of 479 pages,Yes,Yes — follows the area decision (noindex while the area page itself is noindex),INTENTIONAL EXCLUSION — KEEP (follows area-page decision),"Service×area page inherits the area gate: src/routes/$service.$area.tsx applies areaRobots(area); rajajinagar is unconfirmed/non-priority → ""noindex, follow"". Live 2026-10-09: HTTP 200, robots=""noindex, follow"", canonical https://ridencare.co.in/doorstep-bike-service/rajajinagar, absent from sitemap",LIVE_HTTP_VERIFIED (meta robots + status observed 2026-10-09; /privacy /terms /areas/gunjur re-checked 2026-10-10); SOURCE_CODE_VERIFIED (areas.ts areaRobots / route robots policy at HEAD),No change until the corresponding area page is promoted,High (live robots + committed policy agree),Low — GSC report noise only; do not remove noindex sitewide,Yes (any future change)
/doorstep-bike-service/singasandra,UNVERIFIED — no GSC export supplied (see 08-original-export-inventory.csv); GSC API not connected,200,https://ridencare.co.in/doorstep-bike-service/singasandra,"noindex, follow",No,9 of 479 pages,Yes,Yes — follows the area decision (noindex while the area page itself is noindex),INTENTIONAL EXCLUSION — KEEP (follows area-page decision),"Service×area page inherits the area gate: src/routes/$service.$area.tsx applies areaRobots(area); singasandra is unconfirmed/non-priority → ""noindex, follow"". Live 2026-10-09: HTTP 200, robots=""noindex, follow"", canonical https://ridencare.co.in/doorstep-bike-service/singasandra, absent from sitemap",LIVE_HTTP_VERIFIED (meta robots + status observed 2026-10-09; /privacy /terms /areas/gunjur re-checked 2026-10-10); SOURCE_CODE_VERIFIED (areas.ts areaRobots / route robots policy at HEAD),No change until the corresponding area page is promoted,High (live robots + committed policy agree),Low — GSC report noise only; do not remove noindex sitewide,Yes (any future change)
/doorstep-bike-service/varthur,UNVERIFIED — no GSC export supplied (see 08-original-export-inventory.csv); GSC API not connected,200,https://ridencare.co.in/doorstep-bike-service/varthur,"noindex, follow",No,8 of 479 pages,Yes,Yes — follows the area decision (noindex while the area page itself is noindex),INTENTIONAL EXCLUSION — KEEP (follows area-page decision),"Service×area page inherits the area gate: src/routes/$service.$area.tsx applies areaRobots(area); varthur is unconfirmed/non-priority → ""noindex, follow"". Live 2026-10-09: HTTP 200, robots=""noindex, follow"", canonical https://ridencare.co.in/doorstep-bike-service/varthur, absent from sitemap",LIVE_HTTP_VERIFIED (meta robots + status observed 2026-10-09; /privacy /terms /areas/gunjur re-checked 2026-10-10); SOURCE_CODE_VERIFIED (areas.ts areaRobots / route robots policy at HEAD),No change until the corresponding area page is promoted,High (live robots + committed policy agree),Low — GSC report noise only; do not remove noindex sitewide,Yes (any future change)
/doorstep-bike-service/yelahanka,UNVERIFIED — no GSC export supplied (see 08-original-export-inventory.csv); GSC API not connected,200,https://ridencare.co.in/doorstep-bike-service/yelahanka,"noindex, follow",No,6 of 479 pages,Yes,Yes — follows the area decision (noindex while the area page itself is noindex),INTENTIONAL EXCLUSION — KEEP (follows area-page decision),"Service×area page inherits the area gate: src/routes/$service.$area.tsx applies areaRobots(area); yelahanka is unconfirmed/non-priority → ""noindex, follow"". Live 2026-10-09: HTTP 200, robots=""noindex, follow"", canonical https://ridencare.co.in/doorstep-bike-service/yelahanka, absent from sitemap",LIVE_HTTP_VERIFIED (meta robots + status observed 2026-10-09; /privacy /terms /areas/gunjur re-checked 2026-10-10); SOURCE_CODE_VERIFIED (areas.ts areaRobots / route robots policy at HEAD),No change until the corresponding area page is promoted,High (live robots + committed policy agree),Low — GSC report noise only; do not remove noindex sitewide,Yes (any future change)
/doorstep-bike-service/yeshwanthpur,UNVERIFIED — no GSC export supplied (see 08-original-export-inventory.csv); GSC API not connected,200,https://ridencare.co.in/doorstep-bike-service/yeshwanthpur,"noindex, follow",No,9 of 479 pages,Yes,Yes — follows the area decision (noindex while the area page itself is noindex),INTENTIONAL EXCLUSION — KEEP (follows area-page decision),"Service×area page inherits the area gate: src/routes/$service.$area.tsx applies areaRobots(area); yeshwanthpur is unconfirmed/non-priority → ""noindex, follow"". Live 2026-10-09: HTTP 200, robots=""noindex, follow"", canonical https://ridencare.co.in/doorstep-bike-service/yeshwanthpur, absent from sitemap",LIVE_HTTP_VERIFIED (meta robots + status observed 2026-10-09; /privacy /terms /areas/gunjur re-checked 2026-10-10); SOURCE_CODE_VERIFIED (areas.ts areaRobots / route robots policy at HEAD),No change until the corresponding area page is promoted,High (live robots + committed policy agree),Low — GSC report noise only; do not remove noindex sitewide,Yes (any future change)
/emergency-bike-repair/banashankari,UNVERIFIED — no GSC export supplied (see 08-original-export-inventory.csv); GSC API not connected,200,https://ridencare.co.in/emergency-bike-repair/banashankari,"noindex, follow",No,8 of 479 pages,Yes,No — flip together with its /areas/{slug} P0 guide on deploy,CHANGE PENDING APPROVED P0 DEPLOY,"Service×area page inherits the area gate: src/routes/$service.$area.tsx applies areaRobots(area); banashankari is unconfirmed/non-priority → ""noindex, follow"". Live 2026-10-09: HTTP 200, robots=""noindex, follow"", canonical https://ridencare.co.in/emergency-bike-repair/banashankari, absent from sitemap; P0 slug pair (2026-10-05 plan)",LIVE_HTTP_VERIFIED (meta robots + status observed 2026-10-09; /privacy /terms /areas/gunjur re-checked 2026-10-10); SOURCE_CODE_VERIFIED (areas.ts areaRobots / route robots policy at HEAD),Flip with the P0 deploy; verify robots + sitemap membership + GSC inspection afterwards,High (live robots + committed policy agree),Stays out of the index until the approved deploy lands; do not flip noindex outside that deploy,Yes
/emergency-bike-repair/bannerghatta-road,UNVERIFIED — no GSC export supplied (see 08-original-export-inventory.csv); GSC API not connected,200,https://ridencare.co.in/emergency-bike-repair/bannerghatta-road,"noindex, follow",No,5 of 479 pages,Yes,Yes — follows the area decision (noindex while the area page itself is noindex),INTENTIONAL EXCLUSION — KEEP (follows area-page decision),"Service×area page inherits the area gate: src/routes/$service.$area.tsx applies areaRobots(area); bannerghatta-road is unconfirmed/non-priority → ""noindex, follow"". Live 2026-10-09: HTTP 200, robots=""noindex, follow"", canonical https://ridencare.co.in/emergency-bike-repair/bannerghatta-road, absent from sitemap",LIVE_HTTP_VERIFIED (meta robots + status observed 2026-10-09; /privacy /terms /areas/gunjur re-checked 2026-10-10); SOURCE_CODE_VERIFIED (areas.ts areaRobots / route robots policy at HEAD),No change until the corresponding area page is promoted,High (live robots + committed policy agree),Low — GSC report noise only; do not remove noindex sitewide,Yes (any future change)
/emergency-bike-repair/bommanahalli,UNVERIFIED — no GSC export supplied (see 08-original-export-inventory.csv); GSC API not connected,200,https://ridencare.co.in/emergency-bike-repair/bommanahalli,"noindex, follow",No,10 of 479 pages,Yes,Yes — follows the area decision (noindex while the area page itself is noindex),INTENTIONAL EXCLUSION — KEEP (follows area-page decision),"Service×area page inherits the area gate: src/routes/$service.$area.tsx applies areaRobots(area); bommanahalli is unconfirmed/non-priority → ""noindex, follow"". Live 2026-10-09: HTTP 200, robots=""noindex, follow"", canonical https://ridencare.co.in/emergency-bike-repair/bommanahalli, absent from sitemap",LIVE_HTTP_VERIFIED (meta robots + status observed 2026-10-09; /privacy /terms /areas/gunjur re-checked 2026-10-10); SOURCE_CODE_VERIFIED (areas.ts areaRobots / route robots policy at HEAD),No change until the corresponding area page is promoted,High (live robots + committed policy agree),Low — GSC report noise only; do not remove noindex sitewide,Yes (any future change)
/emergency-bike-repair/brookefield,UNVERIFIED — no GSC export supplied (see 08-original-export-inventory.csv); GSC API not connected,200,https://ridencare.co.in/emergency-bike-repair/brookefield,"noindex, follow",No,7 of 479 pages,Yes,Yes — follows the area decision (noindex while the area page itself is noindex),INTENTIONAL EXCLUSION — KEEP (follows area-page decision),"Service×area page inherits the area gate: src/routes/$service.$area.tsx applies areaRobots(area); brookefield is unconfirmed/non-priority → ""noindex, follow"". Live 2026-10-09: HTTP 200, robots=""noindex, follow"", canonical https://ridencare.co.in/emergency-bike-repair/brookefield, absent from sitemap",LIVE_HTTP_VERIFIED (meta robots + status observed 2026-10-09; /privacy /terms /areas/gunjur re-checked 2026-10-10); SOURCE_CODE_VERIFIED (areas.ts areaRobots / route robots policy at HEAD),No change until the corresponding area page is promoted,High (live robots + committed policy agree),Low — GSC report noise only; do not remove noindex sitewide,Yes (any future change)
/emergency-bike-repair/choodasandra,UNVERIFIED — no GSC export supplied (see 08-original-export-inventory.csv); GSC API not connected,200,https://ridencare.co.in/emergency-bike-repair/choodasandra,"noindex, follow",No,6 of 479 pages,Yes,Yes — follows the area decision (noindex while the area page itself is noindex),INTENTIONAL EXCLUSION — KEEP (follows area-page decision),"Service×area page inherits the area gate: src/routes/$service.$area.tsx applies areaRobots(area); choodasandra is unconfirmed/non-priority → ""noindex, follow"". Live 2026-10-09: HTTP 200, robots=""noindex, follow"", canonical https://ridencare.co.in/emergency-bike-repair/choodasandra, absent from sitemap",LIVE_HTTP_VERIFIED (meta robots + status observed 2026-10-09; /privacy /terms /areas/gunjur re-checked 2026-10-10); SOURCE_CODE_VERIFIED (areas.ts areaRobots / route robots policy at HEAD),No change until the corresponding area page is promoted,High (live robots + committed policy agree),Low — GSC report noise only; do not remove noindex sitewide,Yes (any future change)
/emergency-bike-repair/domlur,UNVERIFIED — no GSC export supplied (see 08-original-export-inventory.csv); GSC API not connected,200,https://ridencare.co.in/emergency-bike-repair/domlur,"noindex, follow",No,9 of 479 pages,Yes,Yes — follows the area decision (noindex while the area page itself is noindex),INTENTIONAL EXCLUSION — KEEP (follows area-page decision),"Service×area page inherits the area gate: src/routes/$service.$area.tsx applies areaRobots(area); domlur is unconfirmed/non-priority → ""noindex, follow"". Live 2026-10-09: HTTP 200, robots=""noindex, follow"", canonical https://ridencare.co.in/emergency-bike-repair/domlur, absent from sitemap",LIVE_HTTP_VERIFIED (meta robots + status observed 2026-10-09; /privacy /terms /areas/gunjur re-checked 2026-10-10); SOURCE_CODE_VERIFIED (areas.ts areaRobots / route robots policy at HEAD),No change until the corresponding area page is promoted,High (live robots + committed policy agree),Low — GSC report noise only; do not remove noindex sitewide,Yes (any future change)
/emergency-bike-repair/ejipura,UNVERIFIED — no GSC export supplied (see 08-original-export-inventory.csv); GSC API not connected,200,https://ridencare.co.in/emergency-bike-repair/ejipura,"noindex, follow",No,10 of 479 pages,Yes,Yes — follows the area decision (noindex while the area page itself is noindex),INTENTIONAL EXCLUSION — KEEP (follows area-page decision),"Service×area page inherits the area gate: src/routes/$service.$area.tsx applies areaRobots(area); ejipura is unconfirmed/non-priority → ""noindex, follow"". Live 2026-10-09: HTTP 200, robots=""noindex, follow"", canonical https://ridencare.co.in/emergency-bike-repair/ejipura, absent from sitemap",LIVE_HTTP_VERIFIED (meta robots + status observed 2026-10-09; /privacy /terms /areas/gunjur re-checked 2026-10-10); SOURCE_CODE_VERIFIED (areas.ts areaRobots / route robots policy at HEAD),No change until the corresponding area page is promoted,High (live robots + committed policy agree),Low — GSC report noise only; do not remove noindex sitewide,Yes (any future change)
/emergency-bike-repair/gunjur,UNVERIFIED — no GSC export supplied (see 08-original-export-inventory.csv); GSC API not connected,200,https://ridencare.co.in/emergency-bike-repair/gunjur,"noindex, follow",No,7 of 479 pages,Yes,Yes — follows the area decision (noindex while the area page itself is noindex),INTENTIONAL EXCLUSION — KEEP (follows area-page decision),"Service×area page inherits the area gate: src/routes/$service.$area.tsx applies areaRobots(area); gunjur is unconfirmed/non-priority → ""noindex, follow"". Live 2026-10-09: HTTP 200, robots=""noindex, follow"", canonical https://ridencare.co.in/emergency-bike-repair/gunjur, absent from sitemap",LIVE_HTTP_VERIFIED (meta robots + status observed 2026-10-09; /privacy /terms /areas/gunjur re-checked 2026-10-10); SOURCE_CODE_VERIFIED (areas.ts areaRobots / route robots policy at HEAD),No change until the corresponding area page is promoted,High (live robots + committed policy agree),Low — GSC report noise only; do not remove noindex sitewide,Yes (any future change)
/emergency-bike-repair/hal,UNVERIFIED — no GSC export supplied (see 08-original-export-inventory.csv); GSC API not connected,200,https://ridencare.co.in/emergency-bike-repair/hal,"noindex, follow",No,7 of 479 pages,Yes,Yes — follows the area decision (noindex while the area page itself is noindex),INTENTIONAL EXCLUSION — KEEP (follows area-page decision),"Service×area page inherits the area gate: src/routes/$service.$area.tsx applies areaRobots(area); hal is unconfirmed/non-priority → ""noindex, follow"". Live 2026-10-09: HTTP 200, robots=""noindex, follow"", canonical https://ridencare.co.in/emergency-bike-repair/hal, absent from sitemap",LIVE_HTTP_VERIFIED (meta robots + status observed 2026-10-09; /privacy /terms /areas/gunjur re-checked 2026-10-10); SOURCE_CODE_VERIFIED (areas.ts areaRobots / route robots policy at HEAD),No change until the corresponding area page is promoted,High (live robots + committed policy agree),Low — GSC report noise only; do not remove noindex sitewide,Yes (any future change)
/emergency-bike-repair/harlur,UNVERIFIED — no GSC export supplied (see 08-original-export-inventory.csv); GSC API not connected,200,https://ridencare.co.in/emergency-bike-repair/harlur,"noindex, follow",No,8 of 479 pages,Yes,Yes — follows the area decision (noindex while the area page itself is noindex),INTENTIONAL EXCLUSION — KEEP (follows area-page decision),"Service×area page inherits the area gate: src/routes/$service.$area.tsx applies areaRobots(area); harlur is unconfirmed/non-priority → ""noindex, follow"". Live 2026-10-09: HTTP 200, robots=""noindex, follow"", canonical https://ridencare.co.in/emergency-bike-repair/harlur, absent from sitemap",LIVE_HTTP_VERIFIED (meta robots + status observed 2026-10-09; /privacy /terms /areas/gunjur re-checked 2026-10-10); SOURCE_CODE_VERIFIED (areas.ts areaRobots / route robots policy at HEAD),No change until the corresponding area page is promoted,High (live robots + committed policy agree),Low — GSC report noise only; do not remove noindex sitewide,Yes (any future change)
/emergency-bike-repair/kadubeesanahalli,UNVERIFIED — no GSC export supplied (see 08-original-export-inventory.csv); GSC API not connected,200,https://ridencare.co.in/emergency-bike-repair/kadubeesanahalli,"noindex, follow",No,9 of 479 pages,Yes,Yes — follows the area decision (noindex while the area page itself is noindex),INTENTIONAL EXCLUSION — KEEP (follows area-page decision),"Service×area page inherits the area gate: src/routes/$service.$area.tsx applies areaRobots(area); kadubeesanahalli is unconfirmed/non-priority → ""noindex, follow"". Live 2026-10-09: HTTP 200, robots=""noindex, follow"", canonical https://ridencare.co.in/emergency-bike-repair/kadubeesanahalli, absent from sitemap",LIVE_HTTP_VERIFIED (meta robots + status observed 2026-10-09; /privacy /terms /areas/gunjur re-checked 2026-10-10); SOURCE_CODE_VERIFIED (areas.ts areaRobots / route robots policy at HEAD),No change until the corresponding area page is promoted,High (live robots + committed policy agree),Low — GSC report noise only; do not remove noindex sitewide,Yes (any future change)
/emergency-bike-repair/kalyan-nagar,UNVERIFIED — no GSC export supplied (see 08-original-export-inventory.csv); GSC API not connected,200,https://ridencare.co.in/emergency-bike-repair/kalyan-nagar,"noindex, follow",No,7 of 479 pages,Yes,Yes — follows the area decision (noindex while the area page itself is noindex),INTENTIONAL EXCLUSION — KEEP (follows area-page decision),"Service×area page inherits the area gate: src/routes/$service.$area.tsx applies areaRobots(area); kalyan-nagar is unconfirmed/non-priority → ""noindex, follow"". Live 2026-10-09: HTTP 200, robots=""noindex, follow"", canonical https://ridencare.co.in/emergency-bike-repair/kalyan-nagar, absent from sitemap",LIVE_HTTP_VERIFIED (meta robots + status observed 2026-10-09; /privacy /terms /areas/gunjur re-checked 2026-10-10); SOURCE_CODE_VERIFIED (areas.ts areaRobots / route robots policy at HEAD),No change until the corresponding area page is promoted,High (live robots + committed policy agree),Low — GSC report noise only; do not remove noindex sitewide,Yes (any future change)
/emergency-bike-repair/kanakapura-road,UNVERIFIED — no GSC export supplied (see 08-original-export-inventory.csv); GSC API not connected,200,https://ridencare.co.in/emergency-bike-repair/kanakapura-road,"noindex, follow",No,6 of 479 pages,Yes,Yes — follows the area decision (noindex while the area page itself is noindex),INTENTIONAL EXCLUSION — KEEP (follows area-page decision),"Service×area page inherits the area gate: src/routes/$service.$area.tsx applies areaRobots(area); kanakapura-road is unconfirmed/non-priority → ""noindex, follow"". Live 2026-10-09: HTTP 200, robots=""noindex, follow"", canonical https://ridencare.co.in/emergency-bike-repair/kanakapura-road, absent from sitemap",LIVE_HTTP_VERIFIED (meta robots + status observed 2026-10-09; /privacy /terms /areas/gunjur re-checked 2026-10-10); SOURCE_CODE_VERIFIED (areas.ts areaRobots / route robots policy at HEAD),No change until the corresponding area page is promoted,High (live robots + committed policy agree),Low — GSC report noise only; do not remove noindex sitewide,Yes (any future change)
/emergency-bike-repair/kasavanahalli,UNVERIFIED — no GSC export supplied (see 08-original-export-inventory.csv); GSC API not connected,200,https://ridencare.co.in/emergency-bike-repair/kasavanahalli,"noindex, follow",No,7 of 479 pages,Yes,Yes — follows the area decision (noindex while the area page itself is noindex),INTENTIONAL EXCLUSION — KEEP (follows area-page decision),"Service×area page inherits the area gate: src/routes/$service.$area.tsx applies areaRobots(area); kasavanahalli is unconfirmed/non-priority → ""noindex, follow"". Live 2026-10-09: HTTP 200, robots=""noindex, follow"", canonical https://ridencare.co.in/emergency-bike-repair/kasavanahalli, absent from sitemap",LIVE_HTTP_VERIFIED (meta robots + status observed 2026-10-09; /privacy /terms /areas/gunjur re-checked 2026-10-10); SOURCE_CODE_VERIFIED (areas.ts areaRobots / route robots policy at HEAD),No change until the corresponding area page is promoted,High (live robots + committed policy agree),Low — GSC report noise only; do not remove noindex sitewide,Yes (any future change)
/emergency-bike-repair/kr-puram,UNVERIFIED — no GSC export supplied (see 08-original-export-inventory.csv); GSC API not connected,200,https://ridencare.co.in/emergency-bike-repair/kr-puram,"noindex, follow",No,7 of 479 pages,Yes,No — flip together with its /areas/{slug} P0 guide on deploy,CHANGE PENDING APPROVED P0 DEPLOY,"Service×area page inherits the area gate: src/routes/$service.$area.tsx applies areaRobots(area); kr-puram is unconfirmed/non-priority → ""noindex, follow"". Live 2026-10-09: HTTP 200, robots=""noindex, follow"", canonical https://ridencare.co.in/emergency-bike-repair/kr-puram, absent from sitemap; P0 slug pair (2026-10-05 plan)",LIVE_HTTP_VERIFIED (meta robots + status observed 2026-10-09; /privacy /terms /areas/gunjur re-checked 2026-10-10); SOURCE_CODE_VERIFIED (areas.ts areaRobots / route robots policy at HEAD),Flip with the P0 deploy; verify robots + sitemap membership + GSC inspection afterwards,High (live robots + committed policy agree),Stays out of the index until the approved deploy lands; do not flip noindex outside that deploy,Yes
/emergency-bike-repair/kudlu-gate,UNVERIFIED — no GSC export supplied (see 08-original-export-inventory.csv); GSC API not connected,200,https://ridencare.co.in/emergency-bike-repair/kudlu-gate,"noindex, follow",No,8 of 479 pages,Yes,Yes — follows the area decision (noindex while the area page itself is noindex),INTENTIONAL EXCLUSION — KEEP (follows area-page decision),"Service×area page inherits the area gate: src/routes/$service.$area.tsx applies areaRobots(area); kudlu-gate is unconfirmed/non-priority → ""noindex, follow"". Live 2026-10-09: HTTP 200, robots=""noindex, follow"", canonical https://ridencare.co.in/emergency-bike-repair/kudlu-gate, absent from sitemap",LIVE_HTTP_VERIFIED (meta robots + status observed 2026-10-09; /privacy /terms /areas/gunjur re-checked 2026-10-10); SOURCE_CODE_VERIFIED (areas.ts areaRobots / route robots policy at HEAD),No change until the corresponding area page is promoted,High (live robots + committed policy agree),Low — GSC report noise only; do not remove noindex sitewide,Yes (any future change)
/emergency-bike-repair/madiwala,UNVERIFIED — no GSC export supplied (see 08-original-export-inventory.csv); GSC API not connected,200,https://ridencare.co.in/emergency-bike-repair/madiwala,"noindex, follow",No,11 of 479 pages,Yes,No — flip together with its /areas/{slug} P0 guide on deploy,CHANGE PENDING APPROVED P0 DEPLOY,"Service×area page inherits the area gate: src/routes/$service.$area.tsx applies areaRobots(area); madiwala is unconfirmed/non-priority → ""noindex, follow"". Live 2026-10-09: HTTP 200, robots=""noindex, follow"", canonical https://ridencare.co.in/emergency-bike-repair/madiwala, absent from sitemap; P0 slug pair (2026-10-05 plan)",LIVE_HTTP_VERIFIED (meta robots + status observed 2026-10-09; /privacy /terms /areas/gunjur re-checked 2026-10-10); SOURCE_CODE_VERIFIED (areas.ts areaRobots / route robots policy at HEAD),Flip with the P0 deploy; verify robots + sitemap membership + GSC inspection afterwards,High (live robots + committed policy agree),Stays out of the index until the approved deploy lands; do not flip noindex outside that deploy,Yes
/emergency-bike-repair/mahadevapura,UNVERIFIED — no GSC export supplied (see 08-original-export-inventory.csv); GSC API not connected,200,https://ridencare.co.in/emergency-bike-repair/mahadevapura,"noindex, follow",No,8 of 479 pages,Yes,No — flip together with its /areas/{slug} P0 guide on deploy,CHANGE PENDING APPROVED P0 DEPLOY,"Service×area page inherits the area gate: src/routes/$service.$area.tsx applies areaRobots(area); mahadevapura is unconfirmed/non-priority → ""noindex, follow"". Live 2026-10-09: HTTP 200, robots=""noindex, follow"", canonical https://ridencare.co.in/emergency-bike-repair/mahadevapura, absent from sitemap; P0 slug pair (2026-10-05 plan)",LIVE_HTTP_VERIFIED (meta robots + status observed 2026-10-09; /privacy /terms /areas/gunjur re-checked 2026-10-10); SOURCE_CODE_VERIFIED (areas.ts areaRobots / route robots policy at HEAD),Flip with the P0 deploy; verify robots + sitemap membership + GSC inspection afterwards,High (live robots + committed policy agree),Stays out of the index until the approved deploy lands; do not flip noindex outside that deploy,Yes
/emergency-bike-repair/malleshwaram,UNVERIFIED — no GSC export supplied (see 08-original-export-inventory.csv); GSC API not connected,200,https://ridencare.co.in/emergency-bike-repair/malleshwaram,"noindex, follow",No,7 of 479 pages,Yes,Yes — follows the area decision (noindex while the area page itself is noindex),INTENTIONAL EXCLUSION — KEEP (follows area-page decision),"Service×area page inherits the area gate: src/routes/$service.$area.tsx applies areaRobots(area); malleshwaram is unconfirmed/non-priority → ""noindex, follow"". Live 2026-10-09: HTTP 200, robots=""noindex, follow"", canonical https://ridencare.co.in/emergency-bike-repair/malleshwaram, absent from sitemap",LIVE_HTTP_VERIFIED (meta robots + status observed 2026-10-09; /privacy /terms /areas/gunjur re-checked 2026-10-10); SOURCE_CODE_VERIFIED (areas.ts areaRobots / route robots policy at HEAD),No change until the corresponding area page is promoted,High (live robots + committed policy agree),Low — GSC report noise only; do not remove noindex sitewide,Yes (any future change)
/emergency-bike-repair/mg-road,UNVERIFIED — no GSC export supplied (see 08-original-export-inventory.csv); GSC API not connected,200,https://ridencare.co.in/emergency-bike-repair/mg-road,"noindex, follow",No,7 of 479 pages,Yes,No — flip together with its /areas/{slug} P0 guide on deploy,CHANGE PENDING APPROVED P0 DEPLOY,"Service×area page inherits the area gate: src/routes/$service.$area.tsx applies areaRobots(area); mg-road is unconfirmed/non-priority → ""noindex, follow"". Live 2026-10-09: HTTP 200, robots=""noindex, follow"", canonical https://ridencare.co.in/emergency-bike-repair/mg-road, absent from sitemap; P0 slug pair (2026-10-05 plan)",LIVE_HTTP_VERIFIED (meta robots + status observed 2026-10-09; /privacy /terms /areas/gunjur re-checked 2026-10-10); SOURCE_CODE_VERIFIED (areas.ts areaRobots / route robots policy at HEAD),Flip with the P0 deploy; verify robots + sitemap membership + GSC inspection afterwards,High (live robots + committed policy agree),Stays out of the index until the approved deploy lands; do not flip noindex outside that deploy,Yes
/emergency-bike-repair/panathur-road,UNVERIFIED — no GSC export supplied (see 08-original-export-inventory.csv); GSC API not connected,200,https://ridencare.co.in/emergency-bike-repair/panathur-road,"noindex, follow",No,9 of 479 pages,Yes,Yes — follows the area decision (noindex while the area page itself is noindex),INTENTIONAL EXCLUSION — KEEP (follows area-page decision),"Service×area page inherits the area gate: src/routes/$service.$area.tsx applies areaRobots(area); panathur-road is unconfirmed/non-priority → ""noindex, follow"". Live 2026-10-09: HTTP 200, robots=""noindex, follow"", canonical https://ridencare.co.in/emergency-bike-repair/panathur-road, absent from sitemap",LIVE_HTTP_VERIFIED (meta robots + status observed 2026-10-09; /privacy /terms /areas/gunjur re-checked 2026-10-10); SOURCE_CODE_VERIFIED (areas.ts areaRobots / route robots policy at HEAD),No change until the corresponding area page is promoted,High (live robots + committed policy agree),Low — GSC report noise only; do not remove noindex sitewide,Yes (any future change)
/emergency-bike-repair/parappana-agrahara,UNVERIFIED — no GSC export supplied (see 08-original-export-inventory.csv); GSC API not connected,200,https://ridencare.co.in/emergency-bike-repair/parappana-agrahara,"noindex, follow",No,7 of 479 pages,Yes,Yes — follows the area decision (noindex while the area page itself is noindex),INTENTIONAL EXCLUSION — KEEP (follows area-page decision),"Service×area page inherits the area gate: src/routes/$service.$area.tsx applies areaRobots(area); parappana-agrahara is unconfirmed/non-priority → ""noindex, follow"". Live 2026-10-09: HTTP 200, robots=""noindex, follow"", canonical https://ridencare.co.in/emergency-bike-repair/parappana-agrahara, absent from sitemap",LIVE_HTTP_VERIFIED (meta robots + status observed 2026-10-09; /privacy /terms /areas/gunjur re-checked 2026-10-10); SOURCE_CODE_VERIFIED (areas.ts areaRobots / route robots policy at HEAD),No change until the corresponding area page is promoted,High (live robots + committed policy agree),Low — GSC report noise only; do not remove noindex sitewide,Yes (any future change)
/emergency-bike-repair/peenya,UNVERIFIED — no GSC export supplied (see 08-original-export-inventory.csv); GSC API not connected,200,https://ridencare.co.in/emergency-bike-repair/peenya,"noindex, follow",No,6 of 479 pages,Yes,Yes — follows the area decision (noindex while the area page itself is noindex),INTENTIONAL EXCLUSION — KEEP (follows area-page decision),"Service×area page inherits the area gate: src/routes/$service.$area.tsx applies areaRobots(area); peenya is unconfirmed/non-priority → ""noindex, follow"". Live 2026-10-09: HTTP 200, robots=""noindex, follow"", canonical https://ridencare.co.in/emergency-bike-repair/peenya, absent from sitemap",LIVE_HTTP_VERIFIED (meta robots + status observed 2026-10-09; /privacy /terms /areas/gunjur re-checked 2026-10-10); SOURCE_CODE_VERIFIED (areas.ts areaRobots / route robots policy at HEAD),No change until the corresponding area page is promoted,High (live robots + committed policy agree),Low — GSC report noise only; do not remove noindex sitewide,Yes (any future change)
/emergency-bike-repair/rajajinagar,UNVERIFIED — no GSC export supplied (see 08-original-export-inventory.csv); GSC API not connected,200,https://ridencare.co.in/emergency-bike-repair/rajajinagar,"noindex, follow",No,7 of 479 pages,Yes,Yes — follows the area decision (noindex while the area page itself is noindex),INTENTIONAL EXCLUSION — KEEP (follows area-page decision),"Service×area page inherits the area gate: src/routes/$service.$area.tsx applies areaRobots(area); rajajinagar is unconfirmed/non-priority → ""noindex, follow"". Live 2026-10-09: HTTP 200, robots=""noindex, follow"", canonical https://ridencare.co.in/emergency-bike-repair/rajajinagar, absent from sitemap",LIVE_HTTP_VERIFIED (meta robots + status observed 2026-10-09; /privacy /terms /areas/gunjur re-checked 2026-10-10); SOURCE_CODE_VERIFIED (areas.ts areaRobots / route robots policy at HEAD),No change until the corresponding area page is promoted,High (live robots + committed policy agree),Low — GSC report noise only; do not remove noindex sitewide,Yes (any future change)
/emergency-bike-repair/singasandra,UNVERIFIED — no GSC export supplied (see 08-original-export-inventory.csv); GSC API not connected,200,https://ridencare.co.in/emergency-bike-repair/singasandra,"noindex, follow",No,8 of 479 pages,Yes,Yes — follows the area decision (noindex while the area page itself is noindex),INTENTIONAL EXCLUSION — KEEP (follows area-page decision),"Service×area page inherits the area gate: src/routes/$service.$area.tsx applies areaRobots(area); singasandra is unconfirmed/non-priority → ""noindex, follow"". Live 2026-10-09: HTTP 200, robots=""noindex, follow"", canonical https://ridencare.co.in/emergency-bike-repair/singasandra, absent from sitemap",LIVE_HTTP_VERIFIED (meta robots + status observed 2026-10-09; /privacy /terms /areas/gunjur re-checked 2026-10-10); SOURCE_CODE_VERIFIED (areas.ts areaRobots / route robots policy at HEAD),No change until the corresponding area page is promoted,High (live robots + committed policy agree),Low — GSC report noise only; do not remove noindex sitewide,Yes (any future change)
/emergency-bike-repair/varthur,UNVERIFIED — no GSC export supplied (see 08-original-export-inventory.csv); GSC API not connected,200,https://ridencare.co.in/emergency-bike-repair/varthur,"noindex, follow",No,7 of 479 pages,Yes,Yes — follows the area decision (noindex while the area page itself is noindex),INTENTIONAL EXCLUSION — KEEP (follows area-page decision),"Service×area page inherits the area gate: src/routes/$service.$area.tsx applies areaRobots(area); varthur is unconfirmed/non-priority → ""noindex, follow"". Live 2026-10-09: HTTP 200, robots=""noindex, follow"", canonical https://ridencare.co.in/emergency-bike-repair/varthur, absent from sitemap",LIVE_HTTP_VERIFIED (meta robots + status observed 2026-10-09; /privacy /terms /areas/gunjur re-checked 2026-10-10); SOURCE_CODE_VERIFIED (areas.ts areaRobots / route robots policy at HEAD),No change until the corresponding area page is promoted,High (live robots + committed policy agree),Low — GSC report noise only; do not remove noindex sitewide,Yes (any future change)
/emergency-bike-repair/yelahanka,UNVERIFIED — no GSC export supplied (see 08-original-export-inventory.csv); GSC API not connected,200,https://ridencare.co.in/emergency-bike-repair/yelahanka,"noindex, follow",No,5 of 479 pages,Yes,Yes — follows the area decision (noindex while the area page itself is noindex),INTENTIONAL EXCLUSION — KEEP (follows area-page decision),"Service×area page inherits the area gate: src/routes/$service.$area.tsx applies areaRobots(area); yelahanka is unconfirmed/non-priority → ""noindex, follow"". Live 2026-10-09: HTTP 200, robots=""noindex, follow"", canonical https://ridencare.co.in/emergency-bike-repair/yelahanka, absent from sitemap",LIVE_HTTP_VERIFIED (meta robots + status observed 2026-10-09; /privacy /terms /areas/gunjur re-checked 2026-10-10); SOURCE_CODE_VERIFIED (areas.ts areaRobots / route robots policy at HEAD),No change until the corresponding area page is promoted,High (live robots + committed policy agree),Low — GSC report noise only; do not remove noindex sitewide,Yes (any future change)
/emergency-bike-repair/yeshwanthpur,UNVERIFIED — no GSC export supplied (see 08-original-export-inventory.csv); GSC API not connected,200,https://ridencare.co.in/emergency-bike-repair/yeshwanthpur,"noindex, follow",No,8 of 479 pages,Yes,Yes — follows the area decision (noindex while the area page itself is noindex),INTENTIONAL EXCLUSION — KEEP (follows area-page decision),"Service×area page inherits the area gate: src/routes/$service.$area.tsx applies areaRobots(area); yeshwanthpur is unconfirmed/non-priority → ""noindex, follow"". Live 2026-10-09: HTTP 200, robots=""noindex, follow"", canonical https://ridencare.co.in/emergency-bike-repair/yeshwanthpur, absent from sitemap",LIVE_HTTP_VERIFIED (meta robots + status observed 2026-10-09; /privacy /terms /areas/gunjur re-checked 2026-10-10); SOURCE_CODE_VERIFIED (areas.ts areaRobots / route robots policy at HEAD),No change until the corresponding area page is promoted,High (live robots + committed policy agree),Low — GSC report noise only; do not remove noindex sitewide,Yes (any future change)
/map,UNVERIFIED — no GSC export supplied (see 08-original-export-inventory.csv); GSC API not connected,200,https://ridencare.co.in/map,"noindex, follow",No,1 of 479 pages,Yes,Yes — utility page,INTENTIONAL EXCLUSION — KEEP,"Live 2026-10-09: HTTP 200, robots=""noindex, follow"", canonical https://ridencare.co.in/map, absent from sitemap. Map-only utility page; meta-robots noindex intentional, excluded from sitemap (docs/seo/31 §3b)",LIVE_HTTP_VERIFIED (meta robots + status observed 2026-10-09; /privacy /terms /areas/gunjur re-checked 2026-10-10); SOURCE_CODE_VERIFIED (areas.ts areaRobots / route robots policy at HEAD),No change,High (live robots + committed policy agree),None while kept excluded; promoting it would publish irrelevant or unreviewed content,Yes (any future change)
/motorcycle-service/banashankari,UNVERIFIED — no GSC export supplied (see 08-original-export-inventory.csv); GSC API not connected,200,https://ridencare.co.in/motorcycle-service/banashankari,"noindex, follow",No,6 of 479 pages,Yes,No — flip together with its /areas/{slug} P0 guide on deploy,CHANGE PENDING APPROVED P0 DEPLOY,"Service×area page inherits the area gate: src/routes/$service.$area.tsx applies areaRobots(area); banashankari is unconfirmed/non-priority → ""noindex, follow"". Live 2026-10-09: HTTP 200, robots=""noindex, follow"", canonical https://ridencare.co.in/motorcycle-service/banashankari, absent from sitemap; P0 slug pair (2026-10-05 plan)",LIVE_HTTP_VERIFIED (meta robots + status observed 2026-10-09; /privacy /terms /areas/gunjur re-checked 2026-10-10); SOURCE_CODE_VERIFIED (areas.ts areaRobots / route robots policy at HEAD),Flip with the P0 deploy; verify robots + sitemap membership + GSC inspection afterwards,High (live robots + committed policy agree),Stays out of the index until the approved deploy lands; do not flip noindex outside that deploy,Yes
/motorcycle-service/bannerghatta-road,UNVERIFIED — no GSC export supplied (see 08-original-export-inventory.csv); GSC API not connected,200,https://ridencare.co.in/motorcycle-service/bannerghatta-road,"noindex, follow",No,3 of 479 pages,Yes,Yes — follows the area decision (noindex while the area page itself is noindex),INTENTIONAL EXCLUSION — KEEP (follows area-page decision),"Service×area page inherits the area gate: src/routes/$service.$area.tsx applies areaRobots(area); bannerghatta-road is unconfirmed/non-priority → ""noindex, follow"". Live 2026-10-09: HTTP 200, robots=""noindex, follow"", canonical https://ridencare.co.in/motorcycle-service/bannerghatta-road, absent from sitemap",LIVE_HTTP_VERIFIED (meta robots + status observed 2026-10-09; /privacy /terms /areas/gunjur re-checked 2026-10-10); SOURCE_CODE_VERIFIED (areas.ts areaRobots / route robots policy at HEAD),No change until the corresponding area page is promoted,High (live robots + committed policy agree),Low — GSC report noise only; do not remove noindex sitewide,Yes (any future change)
/motorcycle-service/bommanahalli,UNVERIFIED — no GSC export supplied (see 08-original-export-inventory.csv); GSC API not connected,200,https://ridencare.co.in/motorcycle-service/bommanahalli,"noindex, follow",No,8 of 479 pages,Yes,Yes — follows the area decision (noindex while the area page itself is noindex),INTENTIONAL EXCLUSION — KEEP (follows area-page decision),"Service×area page inherits the area gate: src/routes/$service.$area.tsx applies areaRobots(area); bommanahalli is unconfirmed/non-priority → ""noindex, follow"". Live 2026-10-09: HTTP 200, robots=""noindex, follow"", canonical https://ridencare.co.in/motorcycle-service/bommanahalli, absent from sitemap",LIVE_HTTP_VERIFIED (meta robots + status observed 2026-10-09; /privacy /terms /areas/gunjur re-checked 2026-10-10); SOURCE_CODE_VERIFIED (areas.ts areaRobots / route robots policy at HEAD),No change until the corresponding area page is promoted,High (live robots + committed policy agree),Low — GSC report noise only; do not remove noindex sitewide,Yes (any future change)
/motorcycle-service/brookefield,UNVERIFIED — no GSC export supplied (see 08-original-export-inventory.csv); GSC API not connected,200,https://ridencare.co.in/motorcycle-service/brookefield,"noindex, follow",No,5 of 479 pages,Yes,Yes — follows the area decision (noindex while the area page itself is noindex),INTENTIONAL EXCLUSION — KEEP (follows area-page decision),"Service×area page inherits the area gate: src/routes/$service.$area.tsx applies areaRobots(area); brookefield is unconfirmed/non-priority → ""noindex, follow"". Live 2026-10-09: HTTP 200, robots=""noindex, follow"", canonical https://ridencare.co.in/motorcycle-service/brookefield, absent from sitemap",LIVE_HTTP_VERIFIED (meta robots + status observed 2026-10-09; /privacy /terms /areas/gunjur re-checked 2026-10-10); SOURCE_CODE_VERIFIED (areas.ts areaRobots / route robots policy at HEAD),No change until the corresponding area page is promoted,High (live robots + committed policy agree),Low — GSC report noise only; do not remove noindex sitewide,Yes (any future change)
/motorcycle-service/choodasandra,UNVERIFIED — no GSC export supplied (see 08-original-export-inventory.csv); GSC API not connected,200,https://ridencare.co.in/motorcycle-service/choodasandra,"noindex, follow",No,4 of 479 pages,Yes,Yes — follows the area decision (noindex while the area page itself is noindex),INTENTIONAL EXCLUSION — KEEP (follows area-page decision),"Service×area page inherits the area gate: src/routes/$service.$area.tsx applies areaRobots(area); choodasandra is unconfirmed/non-priority → ""noindex, follow"". Live 2026-10-09: HTTP 200, robots=""noindex, follow"", canonical https://ridencare.co.in/motorcycle-service/choodasandra, absent from sitemap",LIVE_HTTP_VERIFIED (meta robots + status observed 2026-10-09; /privacy /terms /areas/gunjur re-checked 2026-10-10); SOURCE_CODE_VERIFIED (areas.ts areaRobots / route robots policy at HEAD),No change until the corresponding area page is promoted,High (live robots + committed policy agree),Low — GSC report noise only; do not remove noindex sitewide,Yes (any future change)
/motorcycle-service/domlur,UNVERIFIED — no GSC export supplied (see 08-original-export-inventory.csv); GSC API not connected,200,https://ridencare.co.in/motorcycle-service/domlur,"noindex, follow",No,7 of 479 pages,Yes,Yes — follows the area decision (noindex while the area page itself is noindex),INTENTIONAL EXCLUSION — KEEP (follows area-page decision),"Service×area page inherits the area gate: src/routes/$service.$area.tsx applies areaRobots(area); domlur is unconfirmed/non-priority → ""noindex, follow"". Live 2026-10-09: HTTP 200, robots=""noindex, follow"", canonical https://ridencare.co.in/motorcycle-service/domlur, absent from sitemap",LIVE_HTTP_VERIFIED (meta robots + status observed 2026-10-09; /privacy /terms /areas/gunjur re-checked 2026-10-10); SOURCE_CODE_VERIFIED (areas.ts areaRobots / route robots policy at HEAD),No change until the corresponding area page is promoted,High (live robots + committed policy agree),Low — GSC report noise only; do not remove noindex sitewide,Yes (any future change)
/motorcycle-service/ejipura,UNVERIFIED — no GSC export supplied (see 08-original-export-inventory.csv); GSC API not connected,200,https://ridencare.co.in/motorcycle-service/ejipura,"noindex, follow",No,8 of 479 pages,Yes,Yes — follows the area decision (noindex while the area page itself is noindex),INTENTIONAL EXCLUSION — KEEP (follows area-page decision),"Service×area page inherits the area gate: src/routes/$service.$area.tsx applies areaRobots(area); ejipura is unconfirmed/non-priority → ""noindex, follow"". Live 2026-10-09: HTTP 200, robots=""noindex, follow"", canonical https://ridencare.co.in/motorcycle-service/ejipura, absent from sitemap",LIVE_HTTP_VERIFIED (meta robots + status observed 2026-10-09; /privacy /terms /areas/gunjur re-checked 2026-10-10); SOURCE_CODE_VERIFIED (areas.ts areaRobots / route robots policy at HEAD),No change until the corresponding area page is promoted,High (live robots + committed policy agree),Low — GSC report noise only; do not remove noindex sitewide,Yes (any future change)
/motorcycle-service/gunjur,UNVERIFIED — no GSC export supplied (see 08-original-export-inventory.csv); GSC API not connected,200,https://ridencare.co.in/motorcycle-service/gunjur,"noindex, follow",No,5 of 479 pages,Yes,Yes — follows the area decision (noindex while the area page itself is noindex),INTENTIONAL EXCLUSION — KEEP (follows area-page decision),"Service×area page inherits the area gate: src/routes/$service.$area.tsx applies areaRobots(area); gunjur is unconfirmed/non-priority → ""noindex, follow"". Live 2026-10-09: HTTP 200, robots=""noindex, follow"", canonical https://ridencare.co.in/motorcycle-service/gunjur, absent from sitemap",LIVE_HTTP_VERIFIED (meta robots + status observed 2026-10-09; /privacy /terms /areas/gunjur re-checked 2026-10-10); SOURCE_CODE_VERIFIED (areas.ts areaRobots / route robots policy at HEAD),No change until the corresponding area page is promoted,High (live robots + committed policy agree),Low — GSC report noise only; do not remove noindex sitewide,Yes (any future change)
/motorcycle-service/hal,UNVERIFIED — no GSC export supplied (see 08-original-export-inventory.csv); GSC API not connected,200,https://ridencare.co.in/motorcycle-service/hal,"noindex, follow",No,5 of 479 pages,Yes,Yes — follows the area decision (noindex while the area page itself is noindex),INTENTIONAL EXCLUSION — KEEP (follows area-page decision),"Service×area page inherits the area gate: src/routes/$service.$area.tsx applies areaRobots(area); hal is unconfirmed/non-priority → ""noindex, follow"". Live 2026-10-09: HTTP 200, robots=""noindex, follow"", canonical https://ridencare.co.in/motorcycle-service/hal, absent from sitemap",LIVE_HTTP_VERIFIED (meta robots + status observed 2026-10-09; /privacy /terms /areas/gunjur re-checked 2026-10-10); SOURCE_CODE_VERIFIED (areas.ts areaRobots / route robots policy at HEAD),No change until the corresponding area page is promoted,High (live robots + committed policy agree),Low — GSC report noise only; do not remove noindex sitewide,Yes (any future change)
/motorcycle-service/harlur,UNVERIFIED — no GSC export supplied (see 08-original-export-inventory.csv); GSC API not connected,200,https://ridencare.co.in/motorcycle-service/harlur,"noindex, follow",No,6 of 479 pages,Yes,Yes — follows the area decision (noindex while the area page itself is noindex),INTENTIONAL EXCLUSION — KEEP (follows area-page decision),"Service×area page inherits the area gate: src/routes/$service.$area.tsx applies areaRobots(area); harlur is unconfirmed/non-priority → ""noindex, follow"". Live 2026-10-09: HTTP 200, robots=""noindex, follow"", canonical https://ridencare.co.in/motorcycle-service/harlur, absent from sitemap",LIVE_HTTP_VERIFIED (meta robots + status observed 2026-10-09; /privacy /terms /areas/gunjur re-checked 2026-10-10); SOURCE_CODE_VERIFIED (areas.ts areaRobots / route robots policy at HEAD),No change until the corresponding area page is promoted,High (live robots + committed policy agree),Low — GSC report noise only; do not remove noindex sitewide,Yes (any future change)
/motorcycle-service/kadubeesanahalli,UNVERIFIED — no GSC export supplied (see 08-original-export-inventory.csv); GSC API not connected,200,https://ridencare.co.in/motorcycle-service/kadubeesanahalli,"noindex, follow",No,7 of 479 pages,Yes,Yes — follows the area decision (noindex while the area page itself is noindex),INTENTIONAL EXCLUSION — KEEP (follows area-page decision),"Service×area page inherits the area gate: src/routes/$service.$area.tsx applies areaRobots(area); kadubeesanahalli is unconfirmed/non-priority → ""noindex, follow"". Live 2026-10-09: HTTP 200, robots=""noindex, follow"", canonical https://ridencare.co.in/motorcycle-service/kadubeesanahalli, absent from sitemap",LIVE_HTTP_VERIFIED (meta robots + status observed 2026-10-09; /privacy /terms /areas/gunjur re-checked 2026-10-10); SOURCE_CODE_VERIFIED (areas.ts areaRobots / route robots policy at HEAD),No change until the corresponding area page is promoted,High (live robots + committed policy agree),Low — GSC report noise only; do not remove noindex sitewide,Yes (any future change)
/motorcycle-service/kalyan-nagar,UNVERIFIED — no GSC export supplied (see 08-original-export-inventory.csv); GSC API not connected,200,https://ridencare.co.in/motorcycle-service/kalyan-nagar,"noindex, follow",No,5 of 479 pages,Yes,Yes — follows the area decision (noindex while the area page itself is noindex),INTENTIONAL EXCLUSION — KEEP (follows area-page decision),"Service×area page inherits the area gate: src/routes/$service.$area.tsx applies areaRobots(area); kalyan-nagar is unconfirmed/non-priority → ""noindex, follow"". Live 2026-10-09: HTTP 200, robots=""noindex, follow"", canonical https://ridencare.co.in/motorcycle-service/kalyan-nagar, absent from sitemap",LIVE_HTTP_VERIFIED (meta robots + status observed 2026-10-09; /privacy /terms /areas/gunjur re-checked 2026-10-10); SOURCE_CODE_VERIFIED (areas.ts areaRobots / route robots policy at HEAD),No change until the corresponding area page is promoted,High (live robots + committed policy agree),Low — GSC report noise only; do not remove noindex sitewide,Yes (any future change)
/motorcycle-service/kanakapura-road,UNVERIFIED — no GSC export supplied (see 08-original-export-inventory.csv); GSC API not connected,200,https://ridencare.co.in/motorcycle-service/kanakapura-road,"noindex, follow",No,4 of 479 pages,Yes,Yes — follows the area decision (noindex while the area page itself is noindex),INTENTIONAL EXCLUSION — KEEP (follows area-page decision),"Service×area page inherits the area gate: src/routes/$service.$area.tsx applies areaRobots(area); kanakapura-road is unconfirmed/non-priority → ""noindex, follow"". Live 2026-10-09: HTTP 200, robots=""noindex, follow"", canonical https://ridencare.co.in/motorcycle-service/kanakapura-road, absent from sitemap",LIVE_HTTP_VERIFIED (meta robots + status observed 2026-10-09; /privacy /terms /areas/gunjur re-checked 2026-10-10); SOURCE_CODE_VERIFIED (areas.ts areaRobots / route robots policy at HEAD),No change until the corresponding area page is promoted,High (live robots + committed policy agree),Low — GSC report noise only; do not remove noindex sitewide,Yes (any future change)
/motorcycle-service/kasavanahalli,UNVERIFIED — no GSC export supplied (see 08-original-export-inventory.csv); GSC API not connected,200,https://ridencare.co.in/motorcycle-service/kasavanahalli,"noindex, follow",No,5 of 479 pages,Yes,Yes — follows the area decision (noindex while the area page itself is noindex),INTENTIONAL EXCLUSION — KEEP (follows area-page decision),"Service×area page inherits the area gate: src/routes/$service.$area.tsx applies areaRobots(area); kasavanahalli is unconfirmed/non-priority → ""noindex, follow"". Live 2026-10-09: HTTP 200, robots=""noindex, follow"", canonical https://ridencare.co.in/motorcycle-service/kasavanahalli, absent from sitemap",LIVE_HTTP_VERIFIED (meta robots + status observed 2026-10-09; /privacy /terms /areas/gunjur re-checked 2026-10-10); SOURCE_CODE_VERIFIED (areas.ts areaRobots / route robots policy at HEAD),No change until the corresponding area page is promoted,High (live robots + committed policy agree),Low — GSC report noise only; do not remove noindex sitewide,Yes (any future change)
/motorcycle-service/kr-puram,UNVERIFIED — no GSC export supplied (see 08-original-export-inventory.csv); GSC API not connected,200,https://ridencare.co.in/motorcycle-service/kr-puram,"noindex, follow",No,5 of 479 pages,Yes,No — flip together with its /areas/{slug} P0 guide on deploy,CHANGE PENDING APPROVED P0 DEPLOY,"Service×area page inherits the area gate: src/routes/$service.$area.tsx applies areaRobots(area); kr-puram is unconfirmed/non-priority → ""noindex, follow"". Live 2026-10-09: HTTP 200, robots=""noindex, follow"", canonical https://ridencare.co.in/motorcycle-service/kr-puram, absent from sitemap; P0 slug pair (2026-10-05 plan)",LIVE_HTTP_VERIFIED (meta robots + status observed 2026-10-09; /privacy /terms /areas/gunjur re-checked 2026-10-10); SOURCE_CODE_VERIFIED (areas.ts areaRobots / route robots policy at HEAD),Flip with the P0 deploy; verify robots + sitemap membership + GSC inspection afterwards,High (live robots + committed policy agree),Stays out of the index until the approved deploy lands; do not flip noindex outside that deploy,Yes
/motorcycle-service/kudlu-gate,UNVERIFIED — no GSC export supplied (see 08-original-export-inventory.csv); GSC API not connected,200,https://ridencare.co.in/motorcycle-service/kudlu-gate,"noindex, follow",No,6 of 479 pages,Yes,Yes — follows the area decision (noindex while the area page itself is noindex),INTENTIONAL EXCLUSION — KEEP (follows area-page decision),"Service×area page inherits the area gate: src/routes/$service.$area.tsx applies areaRobots(area); kudlu-gate is unconfirmed/non-priority → ""noindex, follow"". Live 2026-10-09: HTTP 200, robots=""noindex, follow"", canonical https://ridencare.co.in/motorcycle-service/kudlu-gate, absent from sitemap",LIVE_HTTP_VERIFIED (meta robots + status observed 2026-10-09; /privacy /terms /areas/gunjur re-checked 2026-10-10); SOURCE_CODE_VERIFIED (areas.ts areaRobots / route robots policy at HEAD),No change until the corresponding area page is promoted,High (live robots + committed policy agree),Low — GSC report noise only; do not remove noindex sitewide,Yes (any future change)
/motorcycle-service/madiwala,UNVERIFIED — no GSC export supplied (see 08-original-export-inventory.csv); GSC API not connected,200,https://ridencare.co.in/motorcycle-service/madiwala,"noindex, follow",No,9 of 479 pages,Yes,No — flip together with its /areas/{slug} P0 guide on deploy,CHANGE PENDING APPROVED P0 DEPLOY,"Service×area page inherits the area gate: src/routes/$service.$area.tsx applies areaRobots(area); madiwala is unconfirmed/non-priority → ""noindex, follow"". Live 2026-10-09: HTTP 200, robots=""noindex, follow"", canonical https://ridencare.co.in/motorcycle-service/madiwala, absent from sitemap; P0 slug pair (2026-10-05 plan)",LIVE_HTTP_VERIFIED (meta robots + status observed 2026-10-09; /privacy /terms /areas/gunjur re-checked 2026-10-10); SOURCE_CODE_VERIFIED (areas.ts areaRobots / route robots policy at HEAD),Flip with the P0 deploy; verify robots + sitemap membership + GSC inspection afterwards,High (live robots + committed policy agree),Stays out of the index until the approved deploy lands; do not flip noindex outside that deploy,Yes
/motorcycle-service/mahadevapura,UNVERIFIED — no GSC export supplied (see 08-original-export-inventory.csv); GSC API not connected,200,https://ridencare.co.in/motorcycle-service/mahadevapura,"noindex, follow",No,6 of 479 pages,Yes,No — flip together with its /areas/{slug} P0 guide on deploy,CHANGE PENDING APPROVED P0 DEPLOY,"Service×area page inherits the area gate: src/routes/$service.$area.tsx applies areaRobots(area); mahadevapura is unconfirmed/non-priority → ""noindex, follow"". Live 2026-10-09: HTTP 200, robots=""noindex, follow"", canonical https://ridencare.co.in/motorcycle-service/mahadevapura, absent from sitemap; P0 slug pair (2026-10-05 plan)",LIVE_HTTP_VERIFIED (meta robots + status observed 2026-10-09; /privacy /terms /areas/gunjur re-checked 2026-10-10); SOURCE_CODE_VERIFIED (areas.ts areaRobots / route robots policy at HEAD),Flip with the P0 deploy; verify robots + sitemap membership + GSC inspection afterwards,High (live robots + committed policy agree),Stays out of the index until the approved deploy lands; do not flip noindex outside that deploy,Yes
/motorcycle-service/malleshwaram,UNVERIFIED — no GSC export supplied (see 08-original-export-inventory.csv); GSC API not connected,200,https://ridencare.co.in/motorcycle-service/malleshwaram,"noindex, follow",No,5 of 479 pages,Yes,Yes — follows the area decision (noindex while the area page itself is noindex),INTENTIONAL EXCLUSION — KEEP (follows area-page decision),"Service×area page inherits the area gate: src/routes/$service.$area.tsx applies areaRobots(area); malleshwaram is unconfirmed/non-priority → ""noindex, follow"". Live 2026-10-09: HTTP 200, robots=""noindex, follow"", canonical https://ridencare.co.in/motorcycle-service/malleshwaram, absent from sitemap",LIVE_HTTP_VERIFIED (meta robots + status observed 2026-10-09; /privacy /terms /areas/gunjur re-checked 2026-10-10); SOURCE_CODE_VERIFIED (areas.ts areaRobots / route robots policy at HEAD),No change until the corresponding area page is promoted,High (live robots + committed policy agree),Low — GSC report noise only; do not remove noindex sitewide,Yes (any future change)
/motorcycle-service/mg-road,UNVERIFIED — no GSC export supplied (see 08-original-export-inventory.csv); GSC API not connected,200,https://ridencare.co.in/motorcycle-service/mg-road,"noindex, follow",No,5 of 479 pages,Yes,No — flip together with its /areas/{slug} P0 guide on deploy,CHANGE PENDING APPROVED P0 DEPLOY,"Service×area page inherits the area gate: src/routes/$service.$area.tsx applies areaRobots(area); mg-road is unconfirmed/non-priority → ""noindex, follow"". Live 2026-10-09: HTTP 200, robots=""noindex, follow"", canonical https://ridencare.co.in/motorcycle-service/mg-road, absent from sitemap; P0 slug pair (2026-10-05 plan)",LIVE_HTTP_VERIFIED (meta robots + status observed 2026-10-09; /privacy /terms /areas/gunjur re-checked 2026-10-10); SOURCE_CODE_VERIFIED (areas.ts areaRobots / route robots policy at HEAD),Flip with the P0 deploy; verify robots + sitemap membership + GSC inspection afterwards,High (live robots + committed policy agree),Stays out of the index until the approved deploy lands; do not flip noindex outside that deploy,Yes
/motorcycle-service/panathur-road,UNVERIFIED — no GSC export supplied (see 08-original-export-inventory.csv); GSC API not connected,200,https://ridencare.co.in/motorcycle-service/panathur-road,"noindex, follow",No,7 of 479 pages,Yes,Yes — follows the area decision (noindex while the area page itself is noindex),INTENTIONAL EXCLUSION — KEEP (follows area-page decision),"Service×area page inherits the area gate: src/routes/$service.$area.tsx applies areaRobots(area); panathur-road is unconfirmed/non-priority → ""noindex, follow"". Live 2026-10-09: HTTP 200, robots=""noindex, follow"", canonical https://ridencare.co.in/motorcycle-service/panathur-road, absent from sitemap",LIVE_HTTP_VERIFIED (meta robots + status observed 2026-10-09; /privacy /terms /areas/gunjur re-checked 2026-10-10); SOURCE_CODE_VERIFIED (areas.ts areaRobots / route robots policy at HEAD),No change until the corresponding area page is promoted,High (live robots + committed policy agree),Low — GSC report noise only; do not remove noindex sitewide,Yes (any future change)
/motorcycle-service/parappana-agrahara,UNVERIFIED — no GSC export supplied (see 08-original-export-inventory.csv); GSC API not connected,200,https://ridencare.co.in/motorcycle-service/parappana-agrahara,"noindex, follow",No,5 of 479 pages,Yes,Yes — follows the area decision (noindex while the area page itself is noindex),INTENTIONAL EXCLUSION — KEEP (follows area-page decision),"Service×area page inherits the area gate: src/routes/$service.$area.tsx applies areaRobots(area); parappana-agrahara is unconfirmed/non-priority → ""noindex, follow"". Live 2026-10-09: HTTP 200, robots=""noindex, follow"", canonical https://ridencare.co.in/motorcycle-service/parappana-agrahara, absent from sitemap",LIVE_HTTP_VERIFIED (meta robots + status observed 2026-10-09; /privacy /terms /areas/gunjur re-checked 2026-10-10); SOURCE_CODE_VERIFIED (areas.ts areaRobots / route robots policy at HEAD),No change until the corresponding area page is promoted,High (live robots + committed policy agree),Low — GSC report noise only; do not remove noindex sitewide,Yes (any future change)
/motorcycle-service/peenya,UNVERIFIED — no GSC export supplied (see 08-original-export-inventory.csv); GSC API not connected,200,https://ridencare.co.in/motorcycle-service/peenya,"noindex, follow",No,4 of 479 pages,Yes,Yes — follows the area decision (noindex while the area page itself is noindex),INTENTIONAL EXCLUSION — KEEP (follows area-page decision),"Service×area page inherits the area gate: src/routes/$service.$area.tsx applies areaRobots(area); peenya is unconfirmed/non-priority → ""noindex, follow"". Live 2026-10-09: HTTP 200, robots=""noindex, follow"", canonical https://ridencare.co.in/motorcycle-service/peenya, absent from sitemap",LIVE_HTTP_VERIFIED (meta robots + status observed 2026-10-09; /privacy /terms /areas/gunjur re-checked 2026-10-10); SOURCE_CODE_VERIFIED (areas.ts areaRobots / route robots policy at HEAD),No change until the corresponding area page is promoted,High (live robots + committed policy agree),Low — GSC report noise only; do not remove noindex sitewide,Yes (any future change)
/motorcycle-service/rajajinagar,UNVERIFIED — no GSC export supplied (see 08-original-export-inventory.csv); GSC API not connected,200,https://ridencare.co.in/motorcycle-service/rajajinagar,"noindex, follow",No,5 of 479 pages,Yes,Yes — follows the area decision (noindex while the area page itself is noindex),INTENTIONAL EXCLUSION — KEEP (follows area-page decision),"Service×area page inherits the area gate: src/routes/$service.$area.tsx applies areaRobots(area); rajajinagar is unconfirmed/non-priority → ""noindex, follow"". Live 2026-10-09: HTTP 200, robots=""noindex, follow"", canonical https://ridencare.co.in/motorcycle-service/rajajinagar, absent from sitemap",LIVE_HTTP_VERIFIED (meta robots + status observed 2026-10-09; /privacy /terms /areas/gunjur re-checked 2026-10-10); SOURCE_CODE_VERIFIED (areas.ts areaRobots / route robots policy at HEAD),No change until the corresponding area page is promoted,High (live robots + committed policy agree),Low — GSC report noise only; do not remove noindex sitewide,Yes (any future change)
/motorcycle-service/singasandra,UNVERIFIED — no GSC export supplied (see 08-original-export-inventory.csv); GSC API not connected,200,https://ridencare.co.in/motorcycle-service/singasandra,"noindex, follow",No,6 of 479 pages,Yes,Yes — follows the area decision (noindex while the area page itself is noindex),INTENTIONAL EXCLUSION — KEEP (follows area-page decision),"Service×area page inherits the area gate: src/routes/$service.$area.tsx applies areaRobots(area); singasandra is unconfirmed/non-priority → ""noindex, follow"". Live 2026-10-09: HTTP 200, robots=""noindex, follow"", canonical https://ridencare.co.in/motorcycle-service/singasandra, absent from sitemap",LIVE_HTTP_VERIFIED (meta robots + status observed 2026-10-09; /privacy /terms /areas/gunjur re-checked 2026-10-10); SOURCE_CODE_VERIFIED (areas.ts areaRobots / route robots policy at HEAD),No change until the corresponding area page is promoted,High (live robots + committed policy agree),Low — GSC report noise only; do not remove noindex sitewide,Yes (any future change)
/motorcycle-service/varthur,UNVERIFIED — no GSC export supplied (see 08-original-export-inventory.csv); GSC API not connected,200,https://ridencare.co.in/motorcycle-service/varthur,"noindex, follow",No,5 of 479 pages,Yes,Yes — follows the area decision (noindex while the area page itself is noindex),INTENTIONAL EXCLUSION — KEEP (follows area-page decision),"Service×area page inherits the area gate: src/routes/$service.$area.tsx applies areaRobots(area); varthur is unconfirmed/non-priority → ""noindex, follow"". Live 2026-10-09: HTTP 200, robots=""noindex, follow"", canonical https://ridencare.co.in/motorcycle-service/varthur, absent from sitemap",LIVE_HTTP_VERIFIED (meta robots + status observed 2026-10-09; /privacy /terms /areas/gunjur re-checked 2026-10-10); SOURCE_CODE_VERIFIED (areas.ts areaRobots / route robots policy at HEAD),No change until the corresponding area page is promoted,High (live robots + committed policy agree),Low — GSC report noise only; do not remove noindex sitewide,Yes (any future change)
/motorcycle-service/yelahanka,UNVERIFIED — no GSC export supplied (see 08-original-export-inventory.csv); GSC API not connected,200,https://ridencare.co.in/motorcycle-service/yelahanka,"noindex, follow",No,3 of 479 pages,Yes,Yes — follows the area decision (noindex while the area page itself is noindex),INTENTIONAL EXCLUSION — KEEP (follows area-page decision),"Service×area page inherits the area gate: src/routes/$service.$area.tsx applies areaRobots(area); yelahanka is unconfirmed/non-priority → ""noindex, follow"". Live 2026-10-09: HTTP 200, robots=""noindex, follow"", canonical https://ridencare.co.in/motorcycle-service/yelahanka, absent from sitemap",LIVE_HTTP_VERIFIED (meta robots + status observed 2026-10-09; /privacy /terms /areas/gunjur re-checked 2026-10-10); SOURCE_CODE_VERIFIED (areas.ts areaRobots / route robots policy at HEAD),No change until the corresponding area page is promoted,High (live robots + committed policy agree),Low — GSC report noise only; do not remove noindex sitewide,Yes (any future change)
/motorcycle-service/yeshwanthpur,UNVERIFIED — no GSC export supplied (see 08-original-export-inventory.csv); GSC API not connected,200,https://ridencare.co.in/motorcycle-service/yeshwanthpur,"noindex, follow",No,6 of 479 pages,Yes,Yes — follows the area decision (noindex while the area page itself is noindex),INTENTIONAL EXCLUSION — KEEP (follows area-page decision),"Service×area page inherits the area gate: src/routes/$service.$area.tsx applies areaRobots(area); yeshwanthpur is unconfirmed/non-priority → ""noindex, follow"". Live 2026-10-09: HTTP 200, robots=""noindex, follow"", canonical https://ridencare.co.in/motorcycle-service/yeshwanthpur, absent from sitemap",LIVE_HTTP_VERIFIED (meta robots + status observed 2026-10-09; /privacy /terms /areas/gunjur re-checked 2026-10-10); SOURCE_CODE_VERIFIED (areas.ts areaRobots / route robots policy at HEAD),No change until the corresponding area page is promoted,High (live robots + committed policy agree),Low — GSC report noise only; do not remove noindex sitewide,Yes (any future change)
/privacy,UNVERIFIED — no GSC export supplied (see 08-original-export-inventory.csv); GSC API not connected,200,https://ridencare.co.in/privacy,"noindex, follow",No,479 of 479 pages,Yes,Yes — until the owner approves the final copy,INTENTIONAL EXCLUSION PENDING OWNER COPY APPROVAL,"Live 2026-10-09: HTTP 200, robots=""noindex, follow"", canonical https://ridencare.co.in/privacy, absent from sitemap. Legal page with [OWNER TO REVIEW] placeholders (docs/seo/STATE.md Part 2; docs/seo/31 §5)",LIVE_HTTP_VERIFIED (meta robots + status observed 2026-10-09; /privacy /terms /areas/gunjur re-checked 2026-10-10); SOURCE_CODE_VERIFIED (areas.ts areaRobots / route robots policy at HEAD),"Owner completes copy review, then flip to indexable (already footer-linked)",High (live robots + committed policy agree),Publishing unapproved copy is a content-approval risk,Yes
/sample-invoice,UNVERIFIED — no GSC export supplied (see 08-original-export-inventory.csv); GSC API not connected,200,https://ridencare.co.in/sample-invoice,"noindex, nofollow",No,1 of 479 pages,Yes,Yes — never indexable,INTENTIONAL EXCLUSION — KEEP,"Live 2026-10-09: HTTP 200, robots=""noindex, nofollow"", canonical https://ridencare.co.in/sample-invoice, absent from sitemap. Sample invoice with dummy data, noindex,nofollow by design (STATE.md Part 9.3)",LIVE_HTTP_VERIFIED (meta robots + status observed 2026-10-09; /privacy /terms /areas/gunjur re-checked 2026-10-10); SOURCE_CODE_VERIFIED (areas.ts areaRobots / route robots policy at HEAD),No change,High (live robots + committed policy agree),None while kept excluded; promoting it would publish irrelevant or unreviewed content,Yes (any future change)
/scooter-service/banashankari,UNVERIFIED — no GSC export supplied (see 08-original-export-inventory.csv); GSC API not connected,200,https://ridencare.co.in/scooter-service/banashankari,"noindex, follow",No,7 of 479 pages,Yes,No — flip together with its /areas/{slug} P0 guide on deploy,CHANGE PENDING APPROVED P0 DEPLOY,"Service×area page inherits the area gate: src/routes/$service.$area.tsx applies areaRobots(area); banashankari is unconfirmed/non-priority → ""noindex, follow"". Live 2026-10-09: HTTP 200, robots=""noindex, follow"", canonical https://ridencare.co.in/scooter-service/banashankari, absent from sitemap; P0 slug pair (2026-10-05 plan)",LIVE_HTTP_VERIFIED (meta robots + status observed 2026-10-09; /privacy /terms /areas/gunjur re-checked 2026-10-10); SOURCE_CODE_VERIFIED (areas.ts areaRobots / route robots policy at HEAD),Flip with the P0 deploy; verify robots + sitemap membership + GSC inspection afterwards,High (live robots + committed policy agree),Stays out of the index until the approved deploy lands; do not flip noindex outside that deploy,Yes
/scooter-service/bannerghatta-road,UNVERIFIED — no GSC export supplied (see 08-original-export-inventory.csv); GSC API not connected,200,https://ridencare.co.in/scooter-service/bannerghatta-road,"noindex, follow",No,4 of 479 pages,Yes,Yes — follows the area decision (noindex while the area page itself is noindex),INTENTIONAL EXCLUSION — KEEP (follows area-page decision),"Service×area page inherits the area gate: src/routes/$service.$area.tsx applies areaRobots(area); bannerghatta-road is unconfirmed/non-priority → ""noindex, follow"". Live 2026-10-09: HTTP 200, robots=""noindex, follow"", canonical https://ridencare.co.in/scooter-service/bannerghatta-road, absent from sitemap",LIVE_HTTP_VERIFIED (meta robots + status observed 2026-10-09; /privacy /terms /areas/gunjur re-checked 2026-10-10); SOURCE_CODE_VERIFIED (areas.ts areaRobots / route robots policy at HEAD),No change until the corresponding area page is promoted,High (live robots + committed policy agree),Low — GSC report noise only; do not remove noindex sitewide,Yes (any future change)
/scooter-service/bommanahalli,UNVERIFIED — no GSC export supplied (see 08-original-export-inventory.csv); GSC API not connected,200,https://ridencare.co.in/scooter-service/bommanahalli,"noindex, follow",No,9 of 479 pages,Yes,Yes — follows the area decision (noindex while the area page itself is noindex),INTENTIONAL EXCLUSION — KEEP (follows area-page decision),"Service×area page inherits the area gate: src/routes/$service.$area.tsx applies areaRobots(area); bommanahalli is unconfirmed/non-priority → ""noindex, follow"". Live 2026-10-09: HTTP 200, robots=""noindex, follow"", canonical https://ridencare.co.in/scooter-service/bommanahalli, absent from sitemap",LIVE_HTTP_VERIFIED (meta robots + status observed 2026-10-09; /privacy /terms /areas/gunjur re-checked 2026-10-10); SOURCE_CODE_VERIFIED (areas.ts areaRobots / route robots policy at HEAD),No change until the corresponding area page is promoted,High (live robots + committed policy agree),Low — GSC report noise only; do not remove noindex sitewide,Yes (any future change)
/scooter-service/brookefield,UNVERIFIED — no GSC export supplied (see 08-original-export-inventory.csv); GSC API not connected,200,https://ridencare.co.in/scooter-service/brookefield,"noindex, follow",No,6 of 479 pages,Yes,Yes — follows the area decision (noindex while the area page itself is noindex),INTENTIONAL EXCLUSION — KEEP (follows area-page decision),"Service×area page inherits the area gate: src/routes/$service.$area.tsx applies areaRobots(area); brookefield is unconfirmed/non-priority → ""noindex, follow"". Live 2026-10-09: HTTP 200, robots=""noindex, follow"", canonical https://ridencare.co.in/scooter-service/brookefield, absent from sitemap",LIVE_HTTP_VERIFIED (meta robots + status observed 2026-10-09; /privacy /terms /areas/gunjur re-checked 2026-10-10); SOURCE_CODE_VERIFIED (areas.ts areaRobots / route robots policy at HEAD),No change until the corresponding area page is promoted,High (live robots + committed policy agree),Low — GSC report noise only; do not remove noindex sitewide,Yes (any future change)
/scooter-service/choodasandra,UNVERIFIED — no GSC export supplied (see 08-original-export-inventory.csv); GSC API not connected,200,https://ridencare.co.in/scooter-service/choodasandra,"noindex, follow",No,5 of 479 pages,Yes,Yes — follows the area decision (noindex while the area page itself is noindex),INTENTIONAL EXCLUSION — KEEP (follows area-page decision),"Service×area page inherits the area gate: src/routes/$service.$area.tsx applies areaRobots(area); choodasandra is unconfirmed/non-priority → ""noindex, follow"". Live 2026-10-09: HTTP 200, robots=""noindex, follow"", canonical https://ridencare.co.in/scooter-service/choodasandra, absent from sitemap",LIVE_HTTP_VERIFIED (meta robots + status observed 2026-10-09; /privacy /terms /areas/gunjur re-checked 2026-10-10); SOURCE_CODE_VERIFIED (areas.ts areaRobots / route robots policy at HEAD),No change until the corresponding area page is promoted,High (live robots + committed policy agree),Low — GSC report noise only; do not remove noindex sitewide,Yes (any future change)
/scooter-service/domlur,UNVERIFIED — no GSC export supplied (see 08-original-export-inventory.csv); GSC API not connected,200,https://ridencare.co.in/scooter-service/domlur,"noindex, follow",No,8 of 479 pages,Yes,Yes — follows the area decision (noindex while the area page itself is noindex),INTENTIONAL EXCLUSION — KEEP (follows area-page decision),"Service×area page inherits the area gate: src/routes/$service.$area.tsx applies areaRobots(area); domlur is unconfirmed/non-priority → ""noindex, follow"". Live 2026-10-09: HTTP 200, robots=""noindex, follow"", canonical https://ridencare.co.in/scooter-service/domlur, absent from sitemap",LIVE_HTTP_VERIFIED (meta robots + status observed 2026-10-09; /privacy /terms /areas/gunjur re-checked 2026-10-10); SOURCE_CODE_VERIFIED (areas.ts areaRobots / route robots policy at HEAD),No change until the corresponding area page is promoted,High (live robots + committed policy agree),Low — GSC report noise only; do not remove noindex sitewide,Yes (any future change)
/scooter-service/ejipura,UNVERIFIED — no GSC export supplied (see 08-original-export-inventory.csv); GSC API not connected,200,https://ridencare.co.in/scooter-service/ejipura,"noindex, follow",No,9 of 479 pages,Yes,Yes — follows the area decision (noindex while the area page itself is noindex),INTENTIONAL EXCLUSION — KEEP (follows area-page decision),"Service×area page inherits the area gate: src/routes/$service.$area.tsx applies areaRobots(area); ejipura is unconfirmed/non-priority → ""noindex, follow"". Live 2026-10-09: HTTP 200, robots=""noindex, follow"", canonical https://ridencare.co.in/scooter-service/ejipura, absent from sitemap",LIVE_HTTP_VERIFIED (meta robots + status observed 2026-10-09; /privacy /terms /areas/gunjur re-checked 2026-10-10); SOURCE_CODE_VERIFIED (areas.ts areaRobots / route robots policy at HEAD),No change until the corresponding area page is promoted,High (live robots + committed policy agree),Low — GSC report noise only; do not remove noindex sitewide,Yes (any future change)
/scooter-service/gunjur,UNVERIFIED — no GSC export supplied (see 08-original-export-inventory.csv); GSC API not connected,200,https://ridencare.co.in/scooter-service/gunjur,"noindex, follow",No,6 of 479 pages,Yes,Yes — follows the area decision (noindex while the area page itself is noindex),INTENTIONAL EXCLUSION — KEEP (follows area-page decision),"Service×area page inherits the area gate: src/routes/$service.$area.tsx applies areaRobots(area); gunjur is unconfirmed/non-priority → ""noindex, follow"". Live 2026-10-09: HTTP 200, robots=""noindex, follow"", canonical https://ridencare.co.in/scooter-service/gunjur, absent from sitemap",LIVE_HTTP_VERIFIED (meta robots + status observed 2026-10-09; /privacy /terms /areas/gunjur re-checked 2026-10-10); SOURCE_CODE_VERIFIED (areas.ts areaRobots / route robots policy at HEAD),No change until the corresponding area page is promoted,High (live robots + committed policy agree),Low — GSC report noise only; do not remove noindex sitewide,Yes (any future change)
/scooter-service/hal,UNVERIFIED — no GSC export supplied (see 08-original-export-inventory.csv); GSC API not connected,200,https://ridencare.co.in/scooter-service/hal,"noindex, follow",No,6 of 479 pages,Yes,Yes — follows the area decision (noindex while the area page itself is noindex),INTENTIONAL EXCLUSION — KEEP (follows area-page decision),"Service×area page inherits the area gate: src/routes/$service.$area.tsx applies areaRobots(area); hal is unconfirmed/non-priority → ""noindex, follow"". Live 2026-10-09: HTTP 200, robots=""noindex, follow"", canonical https://ridencare.co.in/scooter-service/hal, absent from sitemap",LIVE_HTTP_VERIFIED (meta robots + status observed 2026-10-09; /privacy /terms /areas/gunjur re-checked 2026-10-10); SOURCE_CODE_VERIFIED (areas.ts areaRobots / route robots policy at HEAD),No change until the corresponding area page is promoted,High (live robots + committed policy agree),Low — GSC report noise only; do not remove noindex sitewide,Yes (any future change)
/scooter-service/harlur,UNVERIFIED — no GSC export supplied (see 08-original-export-inventory.csv); GSC API not connected,200,https://ridencare.co.in/scooter-service/harlur,"noindex, follow",No,7 of 479 pages,Yes,Yes — follows the area decision (noindex while the area page itself is noindex),INTENTIONAL EXCLUSION — KEEP (follows area-page decision),"Service×area page inherits the area gate: src/routes/$service.$area.tsx applies areaRobots(area); harlur is unconfirmed/non-priority → ""noindex, follow"". Live 2026-10-09: HTTP 200, robots=""noindex, follow"", canonical https://ridencare.co.in/scooter-service/harlur, absent from sitemap",LIVE_HTTP_VERIFIED (meta robots + status observed 2026-10-09; /privacy /terms /areas/gunjur re-checked 2026-10-10); SOURCE_CODE_VERIFIED (areas.ts areaRobots / route robots policy at HEAD),No change until the corresponding area page is promoted,High (live robots + committed policy agree),Low — GSC report noise only; do not remove noindex sitewide,Yes (any future change)
/scooter-service/kadubeesanahalli,UNVERIFIED — no GSC export supplied (see 08-original-export-inventory.csv); GSC API not connected,200,https://ridencare.co.in/scooter-service/kadubeesanahalli,"noindex, follow",No,8 of 479 pages,Yes,Yes — follows the area decision (noindex while the area page itself is noindex),INTENTIONAL EXCLUSION — KEEP (follows area-page decision),"Service×area page inherits the area gate: src/routes/$service.$area.tsx applies areaRobots(area); kadubeesanahalli is unconfirmed/non-priority → ""noindex, follow"". Live 2026-10-09: HTTP 200, robots=""noindex, follow"", canonical https://ridencare.co.in/scooter-service/kadubeesanahalli, absent from sitemap",LIVE_HTTP_VERIFIED (meta robots + status observed 2026-10-09; /privacy /terms /areas/gunjur re-checked 2026-10-10); SOURCE_CODE_VERIFIED (areas.ts areaRobots / route robots policy at HEAD),No change until the corresponding area page is promoted,High (live robots + committed policy agree),Low — GSC report noise only; do not remove noindex sitewide,Yes (any future change)
/scooter-service/kalyan-nagar,UNVERIFIED — no GSC export supplied (see 08-original-export-inventory.csv); GSC API not connected,200,https://ridencare.co.in/scooter-service/kalyan-nagar,"noindex, follow",No,6 of 479 pages,Yes,Yes — follows the area decision (noindex while the area page itself is noindex),INTENTIONAL EXCLUSION — KEEP (follows area-page decision),"Service×area page inherits the area gate: src/routes/$service.$area.tsx applies areaRobots(area); kalyan-nagar is unconfirmed/non-priority → ""noindex, follow"". Live 2026-10-09: HTTP 200, robots=""noindex, follow"", canonical https://ridencare.co.in/scooter-service/kalyan-nagar, absent from sitemap",LIVE_HTTP_VERIFIED (meta robots + status observed 2026-10-09; /privacy /terms /areas/gunjur re-checked 2026-10-10); SOURCE_CODE_VERIFIED (areas.ts areaRobots / route robots policy at HEAD),No change until the corresponding area page is promoted,High (live robots + committed policy agree),Low — GSC report noise only; do not remove noindex sitewide,Yes (any future change)
/scooter-service/kanakapura-road,UNVERIFIED — no GSC export supplied (see 08-original-export-inventory.csv); GSC API not connected,200,https://ridencare.co.in/scooter-service/kanakapura-road,"noindex, follow",No,5 of 479 pages,Yes,Yes — follows the area decision (noindex while the area page itself is noindex),INTENTIONAL EXCLUSION — KEEP (follows area-page decision),"Service×area page inherits the area gate: src/routes/$service.$area.tsx applies areaRobots(area); kanakapura-road is unconfirmed/non-priority → ""noindex, follow"". Live 2026-10-09: HTTP 200, robots=""noindex, follow"", canonical https://ridencare.co.in/scooter-service/kanakapura-road, absent from sitemap",LIVE_HTTP_VERIFIED (meta robots + status observed 2026-10-09; /privacy /terms /areas/gunjur re-checked 2026-10-10); SOURCE_CODE_VERIFIED (areas.ts areaRobots / route robots policy at HEAD),No change until the corresponding area page is promoted,High (live robots + committed policy agree),Low — GSC report noise only; do not remove noindex sitewide,Yes (any future change)
/scooter-service/kasavanahalli,UNVERIFIED — no GSC export supplied (see 08-original-export-inventory.csv); GSC API not connected,200,https://ridencare.co.in/scooter-service/kasavanahalli,"noindex, follow",No,6 of 479 pages,Yes,Yes — follows the area decision (noindex while the area page itself is noindex),INTENTIONAL EXCLUSION — KEEP (follows area-page decision),"Service×area page inherits the area gate: src/routes/$service.$area.tsx applies areaRobots(area); kasavanahalli is unconfirmed/non-priority → ""noindex, follow"". Live 2026-10-09: HTTP 200, robots=""noindex, follow"", canonical https://ridencare.co.in/scooter-service/kasavanahalli, absent from sitemap",LIVE_HTTP_VERIFIED (meta robots + status observed 2026-10-09; /privacy /terms /areas/gunjur re-checked 2026-10-10); SOURCE_CODE_VERIFIED (areas.ts areaRobots / route robots policy at HEAD),No change until the corresponding area page is promoted,High (live robots + committed policy agree),Low — GSC report noise only; do not remove noindex sitewide,Yes (any future change)
/scooter-service/kr-puram,UNVERIFIED — no GSC export supplied (see 08-original-export-inventory.csv); GSC API not connected,200,https://ridencare.co.in/scooter-service/kr-puram,"noindex, follow",No,6 of 479 pages,Yes,No — flip together with its /areas/{slug} P0 guide on deploy,CHANGE PENDING APPROVED P0 DEPLOY,"Service×area page inherits the area gate: src/routes/$service.$area.tsx applies areaRobots(area); kr-puram is unconfirmed/non-priority → ""noindex, follow"". Live 2026-10-09: HTTP 200, robots=""noindex, follow"", canonical https://ridencare.co.in/scooter-service/kr-puram, absent from sitemap; P0 slug pair (2026-10-05 plan)",LIVE_HTTP_VERIFIED (meta robots + status observed 2026-10-09; /privacy /terms /areas/gunjur re-checked 2026-10-10); SOURCE_CODE_VERIFIED (areas.ts areaRobots / route robots policy at HEAD),Flip with the P0 deploy; verify robots + sitemap membership + GSC inspection afterwards,High (live robots + committed policy agree),Stays out of the index until the approved deploy lands; do not flip noindex outside that deploy,Yes
/scooter-service/kudlu-gate,UNVERIFIED — no GSC export supplied (see 08-original-export-inventory.csv); GSC API not connected,200,https://ridencare.co.in/scooter-service/kudlu-gate,"noindex, follow",No,7 of 479 pages,Yes,Yes — follows the area decision (noindex while the area page itself is noindex),INTENTIONAL EXCLUSION — KEEP (follows area-page decision),"Service×area page inherits the area gate: src/routes/$service.$area.tsx applies areaRobots(area); kudlu-gate is unconfirmed/non-priority → ""noindex, follow"". Live 2026-10-09: HTTP 200, robots=""noindex, follow"", canonical https://ridencare.co.in/scooter-service/kudlu-gate, absent from sitemap",LIVE_HTTP_VERIFIED (meta robots + status observed 2026-10-09; /privacy /terms /areas/gunjur re-checked 2026-10-10); SOURCE_CODE_VERIFIED (areas.ts areaRobots / route robots policy at HEAD),No change until the corresponding area page is promoted,High (live robots + committed policy agree),Low — GSC report noise only; do not remove noindex sitewide,Yes (any future change)
/scooter-service/madiwala,UNVERIFIED — no GSC export supplied (see 08-original-export-inventory.csv); GSC API not connected,200,https://ridencare.co.in/scooter-service/madiwala,"noindex, follow",No,10 of 479 pages,Yes,No — flip together with its /areas/{slug} P0 guide on deploy,CHANGE PENDING APPROVED P0 DEPLOY,"Service×area page inherits the area gate: src/routes/$service.$area.tsx applies areaRobots(area); madiwala is unconfirmed/non-priority → ""noindex, follow"". Live 2026-10-09: HTTP 200, robots=""noindex, follow"", canonical https://ridencare.co.in/scooter-service/madiwala, absent from sitemap; P0 slug pair (2026-10-05 plan)",LIVE_HTTP_VERIFIED (meta robots + status observed 2026-10-09; /privacy /terms /areas/gunjur re-checked 2026-10-10); SOURCE_CODE_VERIFIED (areas.ts areaRobots / route robots policy at HEAD),Flip with the P0 deploy; verify robots + sitemap membership + GSC inspection afterwards,High (live robots + committed policy agree),Stays out of the index until the approved deploy lands; do not flip noindex outside that deploy,Yes
/scooter-service/mahadevapura,UNVERIFIED — no GSC export supplied (see 08-original-export-inventory.csv); GSC API not connected,200,https://ridencare.co.in/scooter-service/mahadevapura,"noindex, follow",No,7 of 479 pages,Yes,No — flip together with its /areas/{slug} P0 guide on deploy,CHANGE PENDING APPROVED P0 DEPLOY,"Service×area page inherits the area gate: src/routes/$service.$area.tsx applies areaRobots(area); mahadevapura is unconfirmed/non-priority → ""noindex, follow"". Live 2026-10-09: HTTP 200, robots=""noindex, follow"", canonical https://ridencare.co.in/scooter-service/mahadevapura, absent from sitemap; P0 slug pair (2026-10-05 plan)",LIVE_HTTP_VERIFIED (meta robots + status observed 2026-10-09; /privacy /terms /areas/gunjur re-checked 2026-10-10); SOURCE_CODE_VERIFIED (areas.ts areaRobots / route robots policy at HEAD),Flip with the P0 deploy; verify robots + sitemap membership + GSC inspection afterwards,High (live robots + committed policy agree),Stays out of the index until the approved deploy lands; do not flip noindex outside that deploy,Yes
/scooter-service/malleshwaram,UNVERIFIED — no GSC export supplied (see 08-original-export-inventory.csv); GSC API not connected,200,https://ridencare.co.in/scooter-service/malleshwaram,"noindex, follow",No,6 of 479 pages,Yes,Yes — follows the area decision (noindex while the area page itself is noindex),INTENTIONAL EXCLUSION — KEEP (follows area-page decision),"Service×area page inherits the area gate: src/routes/$service.$area.tsx applies areaRobots(area); malleshwaram is unconfirmed/non-priority → ""noindex, follow"". Live 2026-10-09: HTTP 200, robots=""noindex, follow"", canonical https://ridencare.co.in/scooter-service/malleshwaram, absent from sitemap",LIVE_HTTP_VERIFIED (meta robots + status observed 2026-10-09; /privacy /terms /areas/gunjur re-checked 2026-10-10); SOURCE_CODE_VERIFIED (areas.ts areaRobots / route robots policy at HEAD),No change until the corresponding area page is promoted,High (live robots + committed policy agree),Low — GSC report noise only; do not remove noindex sitewide,Yes (any future change)
/scooter-service/mg-road,UNVERIFIED — no GSC export supplied (see 08-original-export-inventory.csv); GSC API not connected,200,https://ridencare.co.in/scooter-service/mg-road,"noindex, follow",No,6 of 479 pages,Yes,No — flip together with its /areas/{slug} P0 guide on deploy,CHANGE PENDING APPROVED P0 DEPLOY,"Service×area page inherits the area gate: src/routes/$service.$area.tsx applies areaRobots(area); mg-road is unconfirmed/non-priority → ""noindex, follow"". Live 2026-10-09: HTTP 200, robots=""noindex, follow"", canonical https://ridencare.co.in/scooter-service/mg-road, absent from sitemap; P0 slug pair (2026-10-05 plan)",LIVE_HTTP_VERIFIED (meta robots + status observed 2026-10-09; /privacy /terms /areas/gunjur re-checked 2026-10-10); SOURCE_CODE_VERIFIED (areas.ts areaRobots / route robots policy at HEAD),Flip with the P0 deploy; verify robots + sitemap membership + GSC inspection afterwards,High (live robots + committed policy agree),Stays out of the index until the approved deploy lands; do not flip noindex outside that deploy,Yes
/scooter-service/panathur-road,UNVERIFIED — no GSC export supplied (see 08-original-export-inventory.csv); GSC API not connected,200,https://ridencare.co.in/scooter-service/panathur-road,"noindex, follow",No,8 of 479 pages,Yes,Yes — follows the area decision (noindex while the area page itself is noindex),INTENTIONAL EXCLUSION — KEEP (follows area-page decision),"Service×area page inherits the area gate: src/routes/$service.$area.tsx applies areaRobots(area); panathur-road is unconfirmed/non-priority → ""noindex, follow"". Live 2026-10-09: HTTP 200, robots=""noindex, follow"", canonical https://ridencare.co.in/scooter-service/panathur-road, absent from sitemap",LIVE_HTTP_VERIFIED (meta robots + status observed 2026-10-09; /privacy /terms /areas/gunjur re-checked 2026-10-10); SOURCE_CODE_VERIFIED (areas.ts areaRobots / route robots policy at HEAD),No change until the corresponding area page is promoted,High (live robots + committed policy agree),Low — GSC report noise only; do not remove noindex sitewide,Yes (any future change)
/scooter-service/parappana-agrahara,UNVERIFIED — no GSC export supplied (see 08-original-export-inventory.csv); GSC API not connected,200,https://ridencare.co.in/scooter-service/parappana-agrahara,"noindex, follow",No,6 of 479 pages,Yes,Yes — follows the area decision (noindex while the area page itself is noindex),INTENTIONAL EXCLUSION — KEEP (follows area-page decision),"Service×area page inherits the area gate: src/routes/$service.$area.tsx applies areaRobots(area); parappana-agrahara is unconfirmed/non-priority → ""noindex, follow"". Live 2026-10-09: HTTP 200, robots=""noindex, follow"", canonical https://ridencare.co.in/scooter-service/parappana-agrahara, absent from sitemap",LIVE_HTTP_VERIFIED (meta robots + status observed 2026-10-09; /privacy /terms /areas/gunjur re-checked 2026-10-10); SOURCE_CODE_VERIFIED (areas.ts areaRobots / route robots policy at HEAD),No change until the corresponding area page is promoted,High (live robots + committed policy agree),Low — GSC report noise only; do not remove noindex sitewide,Yes (any future change)
/scooter-service/peenya,UNVERIFIED — no GSC export supplied (see 08-original-export-inventory.csv); GSC API not connected,200,https://ridencare.co.in/scooter-service/peenya,"noindex, follow",No,5 of 479 pages,Yes,Yes — follows the area decision (noindex while the area page itself is noindex),INTENTIONAL EXCLUSION — KEEP (follows area-page decision),"Service×area page inherits the area gate: src/routes/$service.$area.tsx applies areaRobots(area); peenya is unconfirmed/non-priority → ""noindex, follow"". Live 2026-10-09: HTTP 200, robots=""noindex, follow"", canonical https://ridencare.co.in/scooter-service/peenya, absent from sitemap",LIVE_HTTP_VERIFIED (meta robots + status observed 2026-10-09; /privacy /terms /areas/gunjur re-checked 2026-10-10); SOURCE_CODE_VERIFIED (areas.ts areaRobots / route robots policy at HEAD),No change until the corresponding area page is promoted,High (live robots + committed policy agree),Low — GSC report noise only; do not remove noindex sitewide,Yes (any future change)
/scooter-service/rajajinagar,UNVERIFIED — no GSC export supplied (see 08-original-export-inventory.csv); GSC API not connected,200,https://ridencare.co.in/scooter-service/rajajinagar,"noindex, follow",No,6 of 479 pages,Yes,Yes — follows the area decision (noindex while the area page itself is noindex),INTENTIONAL EXCLUSION — KEEP (follows area-page decision),"Service×area page inherits the area gate: src/routes/$service.$area.tsx applies areaRobots(area); rajajinagar is unconfirmed/non-priority → ""noindex, follow"". Live 2026-10-09: HTTP 200, robots=""noindex, follow"", canonical https://ridencare.co.in/scooter-service/rajajinagar, absent from sitemap",LIVE_HTTP_VERIFIED (meta robots + status observed 2026-10-09; /privacy /terms /areas/gunjur re-checked 2026-10-10); SOURCE_CODE_VERIFIED (areas.ts areaRobots / route robots policy at HEAD),No change until the corresponding area page is promoted,High (live robots + committed policy agree),Low — GSC report noise only; do not remove noindex sitewide,Yes (any future change)
/scooter-service/singasandra,UNVERIFIED — no GSC export supplied (see 08-original-export-inventory.csv); GSC API not connected,200,https://ridencare.co.in/scooter-service/singasandra,"noindex, follow",No,7 of 479 pages,Yes,Yes — follows the area decision (noindex while the area page itself is noindex),INTENTIONAL EXCLUSION — KEEP (follows area-page decision),"Service×area page inherits the area gate: src/routes/$service.$area.tsx applies areaRobots(area); singasandra is unconfirmed/non-priority → ""noindex, follow"". Live 2026-10-09: HTTP 200, robots=""noindex, follow"", canonical https://ridencare.co.in/scooter-service/singasandra, absent from sitemap",LIVE_HTTP_VERIFIED (meta robots + status observed 2026-10-09; /privacy /terms /areas/gunjur re-checked 2026-10-10); SOURCE_CODE_VERIFIED (areas.ts areaRobots / route robots policy at HEAD),No change until the corresponding area page is promoted,High (live robots + committed policy agree),Low — GSC report noise only; do not remove noindex sitewide,Yes (any future change)
/scooter-service/varthur,UNVERIFIED — no GSC export supplied (see 08-original-export-inventory.csv); GSC API not connected,200,https://ridencare.co.in/scooter-service/varthur,"noindex, follow",No,6 of 479 pages,Yes,Yes — follows the area decision (noindex while the area page itself is noindex),INTENTIONAL EXCLUSION — KEEP (follows area-page decision),"Service×area page inherits the area gate: src/routes/$service.$area.tsx applies areaRobots(area); varthur is unconfirmed/non-priority → ""noindex, follow"". Live 2026-10-09: HTTP 200, robots=""noindex, follow"", canonical https://ridencare.co.in/scooter-service/varthur, absent from sitemap",LIVE_HTTP_VERIFIED (meta robots + status observed 2026-10-09; /privacy /terms /areas/gunjur re-checked 2026-10-10); SOURCE_CODE_VERIFIED (areas.ts areaRobots / route robots policy at HEAD),No change until the corresponding area page is promoted,High (live robots + committed policy agree),Low — GSC report noise only; do not remove noindex sitewide,Yes (any future change)
/scooter-service/yelahanka,UNVERIFIED — no GSC export supplied (see 08-original-export-inventory.csv); GSC API not connected,200,https://ridencare.co.in/scooter-service/yelahanka,"noindex, follow",No,4 of 479 pages,Yes,Yes — follows the area decision (noindex while the area page itself is noindex),INTENTIONAL EXCLUSION — KEEP (follows area-page decision),"Service×area page inherits the area gate: src/routes/$service.$area.tsx applies areaRobots(area); yelahanka is unconfirmed/non-priority → ""noindex, follow"". Live 2026-10-09: HTTP 200, robots=""noindex, follow"", canonical https://ridencare.co.in/scooter-service/yelahanka, absent from sitemap",LIVE_HTTP_VERIFIED (meta robots + status observed 2026-10-09; /privacy /terms /areas/gunjur re-checked 2026-10-10); SOURCE_CODE_VERIFIED (areas.ts areaRobots / route robots policy at HEAD),No change until the corresponding area page is promoted,High (live robots + committed policy agree),Low — GSC report noise only; do not remove noindex sitewide,Yes (any future change)
/scooter-service/yeshwanthpur,UNVERIFIED — no GSC export supplied (see 08-original-export-inventory.csv); GSC API not connected,200,https://ridencare.co.in/scooter-service/yeshwanthpur,"noindex, follow",No,7 of 479 pages,Yes,Yes — follows the area decision (noindex while the area page itself is noindex),INTENTIONAL EXCLUSION — KEEP (follows area-page decision),"Service×area page inherits the area gate: src/routes/$service.$area.tsx applies areaRobots(area); yeshwanthpur is unconfirmed/non-priority → ""noindex, follow"". Live 2026-10-09: HTTP 200, robots=""noindex, follow"", canonical https://ridencare.co.in/scooter-service/yeshwanthpur, absent from sitemap",LIVE_HTTP_VERIFIED (meta robots + status observed 2026-10-09; /privacy /terms /areas/gunjur re-checked 2026-10-10); SOURCE_CODE_VERIFIED (areas.ts areaRobots / route robots policy at HEAD),No change until the corresponding area page is promoted,High (live robots + committed policy agree),Low — GSC report noise only; do not remove noindex sitewide,Yes (any future change)
/terms,UNVERIFIED — no GSC export supplied (see 08-original-export-inventory.csv); GSC API not connected,200,https://ridencare.co.in/terms,"noindex, follow",No,479 of 479 pages,Yes,Yes — until the owner approves the final copy,INTENTIONAL EXCLUSION PENDING OWNER COPY APPROVAL,"Live 2026-10-09: HTTP 200, robots=""noindex, follow"", canonical https://ridencare.co.in/terms, absent from sitemap. Legal page with [OWNER TO REVIEW] placeholders (docs/seo/STATE.md Part 2; docs/seo/31 §5)",LIVE_HTTP_VERIFIED (meta robots + status observed 2026-10-09; /privacy /terms /areas/gunjur re-checked 2026-10-10); SOURCE_CODE_VERIFIED (areas.ts areaRobots / route robots policy at HEAD),"Owner completes copy review, then flip to indexable",High (live robots + committed policy agree),Publishing unapproved copy is a content-approval risk,Yes
/track-booking,UNVERIFIED — no GSC export supplied (see 08-original-export-inventory.csv); GSC API not connected,200,https://ridencare.co.in/track-booking,"noindex, nofollow",No,1 of 479 pages,Yes,Yes — never indexable,INTENTIONAL EXCLUSION — KEEP,"Live 2026-10-09: HTTP 200, robots=""noindex, nofollow"", canonical https://ridencare.co.in/track-booking, absent from sitemap. Transaction page; robots.txt Disallow /track-booking; STATE.md records noindex,nofollow pending owner decision (live serves noindex,follow)",LIVE_HTTP_VERIFIED (meta robots + status observed 2026-10-09; /privacy /terms /areas/gunjur re-checked 2026-10-10); SOURCE_CODE_VERIFIED (areas.ts areaRobots / route robots policy at HEAD),"Align robots meta with the documented noindex,nofollow intent when convenient; no SEO impact",High (live robots + committed policy agree),None while kept excluded; promoting it would publish irrelevant or unreviewed content,Yes (any future change)
