Original URL,Actual GSC category,Live HTTP status,Canonical,Sitemap membership,Internal links,Canonical consistency check,Content/usefulness assessment,Duplicate-intent risk,Likely cause,Indexing intent,Review verdict,Why,Evidence classification,Recommended action,Confidence,Risk,Owner approval required
/ev-two-wheeler-service,UNVERIFIED — no GSC export supplied (see 08-original-export-inventory.csv); GSC API not connected,200,https://ridencare.co.in/ev-two-wheeler-service,Yes,4 of 479 pages,Self-consistent (canonical == live URL),Unique top-level service page (unique title/H1/summary; verified in the 25-URL cross-check),"Low/none — unique title, H1 and body verified in the 2026-10-09 crawl",Very low internal-link mass (4 linking pages of 479) — Google discovers but never prioritises crawl,"Indexable today (200, no noindex, in sitemap) — intended indexing candidate, confirmed against the export before any indexing request",VALID INDEXING CANDIDATE (after GSC confirmation),Link fixes already shipped 2026-09-29; confirm DNI in the export before requesting indexing,"HISTORICAL_BASELINE (DNI attribution from docs/seo/31, 2026-09-29) + LIVE_HTTP_VERIFIED (status/canonical/sitemap/links observed 2026-10-09) + SOURCE_CODE_VERIFIED (HEAD 0735af2)","Add contextual links from /bikes, related-answers and footer coverage; request indexing",Medium — GSC membership is historical/inferred; live technical facts are high-confidence,Low — acting on a stale DNI label wastes effort; medium for the duplicate-intent group where premature indexing amplifies pattern exposure,Yes before any indexing request
/tvs-two-wheeler-service,UNVERIFIED — no GSC export supplied (see 08-original-export-inventory.csv); GSC API not connected,200,https://ridencare.co.in/tvs-two-wheeler-service,Yes,6 of 479 pages,Self-consistent (canonical == live URL),Unique top-level service page (unique title/H1/summary; verified in the 25-URL cross-check),"Low/none — unique title, H1 and body verified in the 2026-10-09 crawl",Very low internal-link mass (6 linking pages of 479) — Google discovers but never prioritises crawl,"Indexable today (200, no noindex, in sitemap) — intended indexing candidate, confirmed against the export before any indexing request",VALID INDEXING CANDIDATE (after GSC confirmation),Link fixes already shipped 2026-09-29; confirm DNI in the export before requesting indexing,"HISTORICAL_BASELINE (DNI attribution from docs/seo/31, 2026-09-29) + LIVE_HTTP_VERIFIED (status/canonical/sitemap/links observed 2026-10-09) + SOURCE_CODE_VERIFIED (HEAD 0735af2)","Add contextual links from /bikes, related-answers and footer coverage; request indexing",Medium — GSC membership is historical/inferred; live technical facts are high-confidence,Low — acting on a stale DNI label wastes effort; medium for the duplicate-intent group where premature indexing amplifies pattern exposure,Yes before any indexing request
/answers/apartment-basement,UNVERIFIED — no GSC export supplied (see 08-original-export-inventory.csv); GSC API not connected,200,https://ridencare.co.in/answers/apartment-basement,Yes,89 of 479 pages,Self-consistent (canonical == live URL),"Unique question page: H1 = question verbatim, unique title/meta; no duplicate titles/H1s in the 2026-10-09 full-site crawl","Low/none — unique title, H1 and body verified in the 2026-10-09 crawl","Historic under-linking (0 links from service pages pre-2026-09-29); linking fixes shipped 2026-09-29 (homepage all-answers section, footer ""Popular answers"", related-answers modules) — Google recrawl pending","Indexable today (200, no noindex, in sitemap) — intended indexing candidate, confirmed against the export before any indexing request",VALID INDEXING CANDIDATE (after GSC confirmation),Link fixes already shipped 2026-09-29; confirm DNI in the export before requesting indexing,"HISTORICAL_BASELINE (DNI attribution from docs/seo/31, 2026-09-29) + LIVE_HTTP_VERIFIED (status/canonical/sitemap/links observed 2026-10-09) + SOURCE_CODE_VERIFIED (HEAD 0735af2)","No new code needed; monitor recrawl, request indexing for priority answers, keep answer↔service cross-links",Medium — GSC membership is historical/inferred; live technical facts are high-confidence,Low — acting on a stale DNI label wastes effort; medium for the duplicate-intent group where premature indexing amplifies pattern exposure,Yes before any indexing request
/answers/are-mechanics-verified,UNVERIFIED — no GSC export supplied (see 08-original-export-inventory.csv); GSC API not connected,200,https://ridencare.co.in/answers/are-mechanics-verified,Yes,4 of 479 pages,Self-consistent (canonical == live URL),"Unique question page: H1 = question verbatim, unique title/meta; no duplicate titles/H1s in the 2026-10-09 full-site crawl","Low/none — unique title, H1 and body verified in the 2026-10-09 crawl","Historic under-linking (0 links from service pages pre-2026-09-29); linking fixes shipped 2026-09-29 (homepage all-answers section, footer ""Popular answers"", related-answers modules) — Google recrawl pending","Indexable today (200, no noindex, in sitemap) — intended indexing candidate, confirmed against the export before any indexing request",VALID INDEXING CANDIDATE (after GSC confirmation),Link fixes already shipped 2026-09-29; confirm DNI in the export before requesting indexing,"HISTORICAL_BASELINE (DNI attribution from docs/seo/31, 2026-09-29) + LIVE_HTTP_VERIFIED (status/canonical/sitemap/links observed 2026-10-09) + SOURCE_CODE_VERIFIED (HEAD 0735af2)","No new code needed; monitor recrawl, request indexing for priority answers, keep answer↔service cross-links",Medium — GSC membership is historical/inferred; live technical facts are high-confidence,Low — acting on a stale DNI label wastes effort; medium for the duplicate-intent group where premature indexing amplifies pattern exposure,Yes before any indexing request
/answers/areas-covered,UNVERIFIED — no GSC export supplied (see 08-original-export-inventory.csv); GSC API not connected,200,https://ridencare.co.in/answers/areas-covered,Yes,479 of 479 pages,Self-consistent (canonical == live URL),"Unique question page: H1 = question verbatim, unique title/meta; no duplicate titles/H1s in the 2026-10-09 full-site crawl","Low/none — unique title, H1 and body verified in the 2026-10-09 crawl","Historic under-linking (0 links from service pages pre-2026-09-29); linking fixes shipped 2026-09-29 (homepage all-answers section, footer ""Popular answers"", related-answers modules) — Google recrawl pending","Indexable today (200, no noindex, in sitemap) — intended indexing candidate, confirmed against the export before any indexing request",VALID INDEXING CANDIDATE (after GSC confirmation),Link fixes already shipped 2026-09-29; confirm DNI in the export before requesting indexing,"HISTORICAL_BASELINE (DNI attribution from docs/seo/31, 2026-09-29) + LIVE_HTTP_VERIFIED (status/canonical/sitemap/links observed 2026-10-09) + SOURCE_CODE_VERIFIED (HEAD 0735af2)","No new code needed; monitor recrawl, request indexing for priority answers, keep answer↔service cross-links",Medium — GSC membership is historical/inferred; live technical facts are high-confidence,Low — acting on a stale DNI label wastes effort; medium for the duplicate-intent group where premature indexing amplifies pattern exposure,Yes before any indexing request
/answers/battery-jump-start-cost,UNVERIFIED — no GSC export supplied (see 08-original-export-inventory.csv); GSC API not connected,200,https://ridencare.co.in/answers/battery-jump-start-cost,Yes,52 of 479 pages,Self-consistent (canonical == live URL),"Unique question page: H1 = question verbatim, unique title/meta; no duplicate titles/H1s in the 2026-10-09 full-site crawl","Low/none — unique title, H1 and body verified in the 2026-10-09 crawl","Historic under-linking (0 links from service pages pre-2026-09-29); linking fixes shipped 2026-09-29 (homepage all-answers section, footer ""Popular answers"", related-answers modules) — Google recrawl pending","Indexable today (200, no noindex, in sitemap) — intended indexing candidate, confirmed against the export before any indexing request",VALID INDEXING CANDIDATE (after GSC confirmation),Link fixes already shipped 2026-09-29; confirm DNI in the export before requesting indexing,"HISTORICAL_BASELINE (DNI attribution from docs/seo/31, 2026-09-29) + LIVE_HTTP_VERIFIED (status/canonical/sitemap/links observed 2026-10-09) + SOURCE_CODE_VERIFIED (HEAD 0735af2)","No new code needed; monitor recrawl, request indexing for priority answers, keep answer↔service cross-links",Medium — GSC membership is historical/inferred; live technical facts are high-confidence,Low — acting on a stale DNI label wastes effort; medium for the duplicate-intent group where premature indexing amplifies pattern exposure,Yes before any indexing request
/answers/bike-repair-cost,UNVERIFIED — no GSC export supplied (see 08-original-export-inventory.csv); GSC API not connected,200,https://ridencare.co.in/answers/bike-repair-cost,Yes,479 of 479 pages,Self-consistent (canonical == live URL),"Unique question page: H1 = question verbatim, unique title/meta; no duplicate titles/H1s in the 2026-10-09 full-site crawl","Low/none — unique title, H1 and body verified in the 2026-10-09 crawl","Historic under-linking (0 links from service pages pre-2026-09-29); linking fixes shipped 2026-09-29 (homepage all-answers section, footer ""Popular answers"", related-answers modules) — Google recrawl pending","Indexable today (200, no noindex, in sitemap) — intended indexing candidate, confirmed against the export before any indexing request",VALID INDEXING CANDIDATE (after GSC confirmation),Link fixes already shipped 2026-09-29; confirm DNI in the export before requesting indexing,"HISTORICAL_BASELINE (DNI attribution from docs/seo/31, 2026-09-29) + LIVE_HTTP_VERIFIED (status/canonical/sitemap/links observed 2026-10-09) + SOURCE_CODE_VERIFIED (HEAD 0735af2)","No new code needed; monitor recrawl, request indexing for priority answers, keep answer↔service cross-links",Medium — GSC membership is historical/inferred; live technical facts are high-confidence,Low — acting on a stale DNI label wastes effort; medium for the duplicate-intent group where premature indexing amplifies pattern exposure,Yes before any indexing request
/answers/bike-service-cost-bangalore,UNVERIFIED — no GSC export supplied (see 08-original-export-inventory.csv); GSC API not connected,200,https://ridencare.co.in/answers/bike-service-cost-bangalore,Yes,479 of 479 pages,Self-consistent (canonical == live URL),"Unique question page: H1 = question verbatim, unique title/meta; no duplicate titles/H1s in the 2026-10-09 full-site crawl","Low/none — unique title, H1 and body verified in the 2026-10-09 crawl","Historic under-linking (0 links from service pages pre-2026-09-29); linking fixes shipped 2026-09-29 (homepage all-answers section, footer ""Popular answers"", related-answers modules) — Google recrawl pending","Indexable today (200, no noindex, in sitemap) — intended indexing candidate, confirmed against the export before any indexing request",VALID INDEXING CANDIDATE (after GSC confirmation),Link fixes already shipped 2026-09-29; confirm DNI in the export before requesting indexing,"HISTORICAL_BASELINE (DNI attribution from docs/seo/31, 2026-09-29) + LIVE_HTTP_VERIFIED (status/canonical/sitemap/links observed 2026-10-09) + SOURCE_CODE_VERIFIED (HEAD 0735af2)","No new code needed; monitor recrawl, request indexing for priority answers, keep answer↔service cross-links",Medium — GSC membership is historical/inferred; live technical facts are high-confidence,Low — acting on a stale DNI label wastes effort; medium for the duplicate-intent group where premature indexing amplifies pattern exposure,Yes before any indexing request
/answers/bike-stalled-in-water,UNVERIFIED — no GSC export supplied (see 08-original-export-inventory.csv); GSC API not connected,200,https://ridencare.co.in/answers/bike-stalled-in-water,Yes,48 of 479 pages,Self-consistent (canonical == live URL),"Unique question page: H1 = question verbatim, unique title/meta; no duplicate titles/H1s in the 2026-10-09 full-site crawl","Low/none — unique title, H1 and body verified in the 2026-10-09 crawl","Historic under-linking (0 links from service pages pre-2026-09-29); linking fixes shipped 2026-09-29 (homepage all-answers section, footer ""Popular answers"", related-answers modules) — Google recrawl pending","Indexable today (200, no noindex, in sitemap) — intended indexing candidate, confirmed against the export before any indexing request",VALID INDEXING CANDIDATE (after GSC confirmation),Link fixes already shipped 2026-09-29; confirm DNI in the export before requesting indexing,"HISTORICAL_BASELINE (DNI attribution from docs/seo/31, 2026-09-29) + LIVE_HTTP_VERIFIED (status/canonical/sitemap/links observed 2026-10-09) + SOURCE_CODE_VERIFIED (HEAD 0735af2)","No new code needed; monitor recrawl, request indexing for priority answers, keep answer↔service cross-links",Medium — GSC membership is historical/inferred; live technical facts are high-confidence,Low — acting on a stale DNI label wastes effort; medium for the duplicate-intent group where premature indexing amplifies pattern exposure,Yes before any indexing request
/answers/bike-vs-scooter-maintenance,UNVERIFIED — no GSC export supplied (see 08-original-export-inventory.csv); GSC API not connected,200,https://ridencare.co.in/answers/bike-vs-scooter-maintenance,Yes,48 of 479 pages,Self-consistent (canonical == live URL),"Unique question page: H1 = question verbatim, unique title/meta; no duplicate titles/H1s in the 2026-10-09 full-site crawl","Low/none — unique title, H1 and body verified in the 2026-10-09 crawl","Historic under-linking (0 links from service pages pre-2026-09-29); linking fixes shipped 2026-09-29 (homepage all-answers section, footer ""Popular answers"", related-answers modules) — Google recrawl pending","Indexable today (200, no noindex, in sitemap) — intended indexing candidate, confirmed against the export before any indexing request",VALID INDEXING CANDIDATE (after GSC confirmation),Link fixes already shipped 2026-09-29; confirm DNI in the export before requesting indexing,"HISTORICAL_BASELINE (DNI attribution from docs/seo/31, 2026-09-29) + LIVE_HTTP_VERIFIED (status/canonical/sitemap/links observed 2026-10-09) + SOURCE_CODE_VERIFIED (HEAD 0735af2)","No new code needed; monitor recrawl, request indexing for priority answers, keep answer↔service cross-links",Medium — GSC membership is historical/inferred; live technical facts are high-confidence,Low — acting on a stale DNI label wastes effort; medium for the duplicate-intent group where premature indexing amplifies pattern exposure,Yes before any indexing request
/answers/bike-wont-start,UNVERIFIED — no GSC export supplied (see 08-original-export-inventory.csv); GSC API not connected,200,https://ridencare.co.in/answers/bike-wont-start,Yes,92 of 479 pages,Self-consistent (canonical == live URL),"Unique question page: H1 = question verbatim, unique title/meta; no duplicate titles/H1s in the 2026-10-09 full-site crawl","Low/none — unique title, H1 and body verified in the 2026-10-09 crawl","Historic under-linking (0 links from service pages pre-2026-09-29); linking fixes shipped 2026-09-29 (homepage all-answers section, footer ""Popular answers"", related-answers modules) — Google recrawl pending","Indexable today (200, no noindex, in sitemap) — intended indexing candidate, confirmed against the export before any indexing request",VALID INDEXING CANDIDATE (after GSC confirmation),Link fixes already shipped 2026-09-29; confirm DNI in the export before requesting indexing,"HISTORICAL_BASELINE (DNI attribution from docs/seo/31, 2026-09-29) + LIVE_HTTP_VERIFIED (status/canonical/sitemap/links observed 2026-10-09) + SOURCE_CODE_VERIFIED (HEAD 0735af2)","No new code needed; monitor recrawl, request indexing for priority answers, keep answer↔service cross-links",Medium — GSC membership is historical/inferred; live technical facts are high-confidence,Low — acting on a stale DNI label wastes effort; medium for the duplicate-intent group where premature indexing amplifies pattern exposure,Yes before any indexing request
/answers/brake-warning-signs-bike,UNVERIFIED — no GSC export supplied (see 08-original-export-inventory.csv); GSC API not connected,200,https://ridencare.co.in/answers/brake-warning-signs-bike,Yes,52 of 479 pages,Self-consistent (canonical == live URL),"Unique question page: H1 = question verbatim, unique title/meta; no duplicate titles/H1s in the 2026-10-09 full-site crawl","Low/none — unique title, H1 and body verified in the 2026-10-09 crawl","Historic under-linking (0 links from service pages pre-2026-09-29); linking fixes shipped 2026-09-29 (homepage all-answers section, footer ""Popular answers"", related-answers modules) — Google recrawl pending","Indexable today (200, no noindex, in sitemap) — intended indexing candidate, confirmed against the export before any indexing request",VALID INDEXING CANDIDATE (after GSC confirmation),Link fixes already shipped 2026-09-29; confirm DNI in the export before requesting indexing,"HISTORICAL_BASELINE (DNI attribution from docs/seo/31, 2026-09-29) + LIVE_HTTP_VERIFIED (status/canonical/sitemap/links observed 2026-10-09) + SOURCE_CODE_VERIFIED (HEAD 0735af2)","No new code needed; monitor recrawl, request indexing for priority answers, keep answer↔service cross-links",Medium — GSC membership is historical/inferred; live technical facts are high-confidence,Low — acting on a stale DNI label wastes effort; medium for the duplicate-intent group where premature indexing amplifies pattern exposure,Yes before any indexing request
/answers/can-every-car-job-home,UNVERIFIED — no GSC export supplied (see 08-original-export-inventory.csv); GSC API not connected,200,https://ridencare.co.in/answers/can-every-car-job-home,Yes,4 of 479 pages,Self-consistent (canonical == live URL),"Unique question page: H1 = question verbatim, unique title/meta; no duplicate titles/H1s in the 2026-10-09 full-site crawl","Low/none — unique title, H1 and body verified in the 2026-10-09 crawl","Historic under-linking (0 links from service pages pre-2026-09-29); linking fixes shipped 2026-09-29 (homepage all-answers section, footer ""Popular answers"", related-answers modules) — Google recrawl pending","Indexable today (200, no noindex, in sitemap) — intended indexing candidate, confirmed against the export before any indexing request",VALID INDEXING CANDIDATE (after GSC confirmation),Link fixes already shipped 2026-09-29; confirm DNI in the export before requesting indexing,"HISTORICAL_BASELINE (DNI attribution from docs/seo/31, 2026-09-29) + LIVE_HTTP_VERIFIED (status/canonical/sitemap/links observed 2026-10-09) + SOURCE_CODE_VERIFIED (HEAD 0735af2)","No new code needed; monitor recrawl, request indexing for priority answers, keep answer↔service cross-links",Medium — GSC membership is historical/inferred; live technical facts are high-confidence,Low — acting on a stale DNI label wastes effort; medium for the duplicate-intent group where premature indexing amplifies pattern exposure,Yes before any indexing request
/answers/car-ac-gas-refill,UNVERIFIED — no GSC export supplied (see 08-original-export-inventory.csv); GSC API not connected,200,https://ridencare.co.in/answers/car-ac-gas-refill,Yes,5 of 479 pages,Self-consistent (canonical == live URL),"Unique question page: H1 = question verbatim, unique title/meta; no duplicate titles/H1s in the 2026-10-09 full-site crawl","Low/none — unique title, H1 and body verified in the 2026-10-09 crawl","Historic under-linking (0 links from service pages pre-2026-09-29); linking fixes shipped 2026-09-29 (homepage all-answers section, footer ""Popular answers"", related-answers modules) — Google recrawl pending","Indexable today (200, no noindex, in sitemap) — intended indexing candidate, confirmed against the export before any indexing request",VALID INDEXING CANDIDATE (after GSC confirmation),Link fixes already shipped 2026-09-29; confirm DNI in the export before requesting indexing,"HISTORICAL_BASELINE (DNI attribution from docs/seo/31, 2026-09-29) + LIVE_HTTP_VERIFIED (status/canonical/sitemap/links observed 2026-10-09) + SOURCE_CODE_VERIFIED (HEAD 0735af2)","No new code needed; monitor recrawl, request indexing for priority answers, keep answer↔service cross-links",Medium — GSC membership is historical/inferred; live technical facts are high-confidence,Low — acting on a stale DNI label wastes effort; medium for the duplicate-intent group where premature indexing amplifies pattern exposure,Yes before any indexing request
/answers/car-ac-not-cooling,UNVERIFIED — no GSC export supplied (see 08-original-export-inventory.csv); GSC API not connected,200,https://ridencare.co.in/answers/car-ac-not-cooling,Yes,14 of 479 pages,Self-consistent (canonical == live URL),"Unique question page: H1 = question verbatim, unique title/meta; no duplicate titles/H1s in the 2026-10-09 full-site crawl","Low/none — unique title, H1 and body verified in the 2026-10-09 crawl","Historic under-linking (0 links from service pages pre-2026-09-29); linking fixes shipped 2026-09-29 (homepage all-answers section, footer ""Popular answers"", related-answers modules) — Google recrawl pending","Indexable today (200, no noindex, in sitemap) — intended indexing candidate, confirmed against the export before any indexing request",VALID INDEXING CANDIDATE (after GSC confirmation),Link fixes already shipped 2026-09-29; confirm DNI in the export before requesting indexing,"HISTORICAL_BASELINE (DNI attribution from docs/seo/31, 2026-09-29) + LIVE_HTTP_VERIFIED (status/canonical/sitemap/links observed 2026-10-09) + SOURCE_CODE_VERIFIED (HEAD 0735af2)","No new code needed; monitor recrawl, request indexing for priority answers, keep answer↔service cross-links",Medium — GSC membership is historical/inferred; live technical facts are high-confidence,Low — acting on a stale DNI label wastes effort; medium for the duplicate-intent group where premature indexing amplifies pattern exposure,Yes before any indexing request
/answers/car-ac-service-includes,UNVERIFIED — no GSC export supplied (see 08-original-export-inventory.csv); GSC API not connected,200,https://ridencare.co.in/answers/car-ac-service-includes,Yes,14 of 479 pages,Self-consistent (canonical == live URL),"Unique question page: H1 = question verbatim, unique title/meta; no duplicate titles/H1s in the 2026-10-09 full-site crawl","Low/none — unique title, H1 and body verified in the 2026-10-09 crawl","Historic under-linking (0 links from service pages pre-2026-09-29); linking fixes shipped 2026-09-29 (homepage all-answers section, footer ""Popular answers"", related-answers modules) — Google recrawl pending","Indexable today (200, no noindex, in sitemap) — intended indexing candidate, confirmed against the export before any indexing request",VALID INDEXING CANDIDATE (after GSC confirmation),Link fixes already shipped 2026-09-29; confirm DNI in the export before requesting indexing,"HISTORICAL_BASELINE (DNI attribution from docs/seo/31, 2026-09-29) + LIVE_HTTP_VERIFIED (status/canonical/sitemap/links observed 2026-10-09) + SOURCE_CODE_VERIFIED (HEAD 0735af2)","No new code needed; monitor recrawl, request indexing for priority answers, keep answer↔service cross-links",Medium — GSC membership is historical/inferred; live technical facts are high-confidence,Low — acting on a stale DNI label wastes effort; medium for the duplicate-intent group where premature indexing amplifies pattern exposure,Yes before any indexing request
/answers/car-battery-replacement-when,UNVERIFIED — no GSC export supplied (see 08-original-export-inventory.csv); GSC API not connected,200,https://ridencare.co.in/answers/car-battery-replacement-when,Yes,11 of 479 pages,Self-consistent (canonical == live URL),"Unique question page: H1 = question verbatim, unique title/meta; no duplicate titles/H1s in the 2026-10-09 full-site crawl","Low/none — unique title, H1 and body verified in the 2026-10-09 crawl","Historic under-linking (0 links from service pages pre-2026-09-29); linking fixes shipped 2026-09-29 (homepage all-answers section, footer ""Popular answers"", related-answers modules) — Google recrawl pending","Indexable today (200, no noindex, in sitemap) — intended indexing candidate, confirmed against the export before any indexing request",VALID INDEXING CANDIDATE (after GSC confirmation),Link fixes already shipped 2026-09-29; confirm DNI in the export before requesting indexing,"HISTORICAL_BASELINE (DNI attribution from docs/seo/31, 2026-09-29) + LIVE_HTTP_VERIFIED (status/canonical/sitemap/links observed 2026-10-09) + SOURCE_CODE_VERIFIED (HEAD 0735af2)","No new code needed; monitor recrawl, request indexing for priority answers, keep answer↔service cross-links",Medium — GSC membership is historical/inferred; live technical facts are high-confidence,Low — acting on a stale DNI label wastes effort; medium for the duplicate-intent group where premature indexing amplifies pattern exposure,Yes before any indexing request
/answers/car-battery-warning-signs,UNVERIFIED — no GSC export supplied (see 08-original-export-inventory.csv); GSC API not connected,200,https://ridencare.co.in/answers/car-battery-warning-signs,Yes,12 of 479 pages,Self-consistent (canonical == live URL),"Unique question page: H1 = question verbatim, unique title/meta; no duplicate titles/H1s in the 2026-10-09 full-site crawl","Low/none — unique title, H1 and body verified in the 2026-10-09 crawl","Historic under-linking (0 links from service pages pre-2026-09-29); linking fixes shipped 2026-09-29 (homepage all-answers section, footer ""Popular answers"", related-answers modules) — Google recrawl pending","Indexable today (200, no noindex, in sitemap) — intended indexing candidate, confirmed against the export before any indexing request",VALID INDEXING CANDIDATE (after GSC confirmation),Link fixes already shipped 2026-09-29; confirm DNI in the export before requesting indexing,"HISTORICAL_BASELINE (DNI attribution from docs/seo/31, 2026-09-29) + LIVE_HTTP_VERIFIED (status/canonical/sitemap/links observed 2026-10-09) + SOURCE_CODE_VERIFIED (HEAD 0735af2)","No new code needed; monitor recrawl, request indexing for priority answers, keep answer↔service cross-links",Medium — GSC membership is historical/inferred; live technical facts are high-confidence,Low — acting on a stale DNI label wastes effort; medium for the duplicate-intent group where premature indexing amplifies pattern exposure,Yes before any indexing request
/answers/car-brake-noise-causes,UNVERIFIED — no GSC export supplied (see 08-original-export-inventory.csv); GSC API not connected,200,https://ridencare.co.in/answers/car-brake-noise-causes,Yes,12 of 479 pages,Self-consistent (canonical == live URL),"Unique question page: H1 = question verbatim, unique title/meta; no duplicate titles/H1s in the 2026-10-09 full-site crawl","Low/none — unique title, H1 and body verified in the 2026-10-09 crawl","Historic under-linking (0 links from service pages pre-2026-09-29); linking fixes shipped 2026-09-29 (homepage all-answers section, footer ""Popular answers"", related-answers modules) — Google recrawl pending","Indexable today (200, no noindex, in sitemap) — intended indexing candidate, confirmed against the export before any indexing request",VALID INDEXING CANDIDATE (after GSC confirmation),Link fixes already shipped 2026-09-29; confirm DNI in the export before requesting indexing,"HISTORICAL_BASELINE (DNI attribution from docs/seo/31, 2026-09-29) + LIVE_HTTP_VERIFIED (status/canonical/sitemap/links observed 2026-10-09) + SOURCE_CODE_VERIFIED (HEAD 0735af2)","No new code needed; monitor recrawl, request indexing for priority answers, keep answer↔service cross-links",Medium — GSC membership is historical/inferred; live technical facts are high-confidence,Low — acting on a stale DNI label wastes effort; medium for the duplicate-intent group where premature indexing amplifies pattern exposure,Yes before any indexing request
/answers/car-brake-pads-when,UNVERIFIED — no GSC export supplied (see 08-original-export-inventory.csv); GSC API not connected,200,https://ridencare.co.in/answers/car-brake-pads-when,Yes,11 of 479 pages,Self-consistent (canonical == live URL),"Unique question page: H1 = question verbatim, unique title/meta; no duplicate titles/H1s in the 2026-10-09 full-site crawl","Low/none — unique title, H1 and body verified in the 2026-10-09 crawl","Historic under-linking (0 links from service pages pre-2026-09-29); linking fixes shipped 2026-09-29 (homepage all-answers section, footer ""Popular answers"", related-answers modules) — Google recrawl pending","Indexable today (200, no noindex, in sitemap) — intended indexing candidate, confirmed against the export before any indexing request",VALID INDEXING CANDIDATE (after GSC confirmation),Link fixes already shipped 2026-09-29; confirm DNI in the export before requesting indexing,"HISTORICAL_BASELINE (DNI attribution from docs/seo/31, 2026-09-29) + LIVE_HTTP_VERIFIED (status/canonical/sitemap/links observed 2026-10-09) + SOURCE_CODE_VERIFIED (HEAD 0735af2)","No new code needed; monitor recrawl, request indexing for priority answers, keep answer↔service cross-links",Medium — GSC membership is historical/inferred; live technical facts are high-confidence,Low — acting on a stale DNI label wastes effort; medium for the duplicate-intent group where premature indexing amplifies pattern exposure,Yes before any indexing request
/answers/car-breakdown-rain,UNVERIFIED — no GSC export supplied (see 08-original-export-inventory.csv); GSC API not connected,200,https://ridencare.co.in/answers/car-breakdown-rain,Yes,5 of 479 pages,Self-consistent (canonical == live URL),"Unique question page: H1 = question verbatim, unique title/meta; no duplicate titles/H1s in the 2026-10-09 full-site crawl","Low/none — unique title, H1 and body verified in the 2026-10-09 crawl","Historic under-linking (0 links from service pages pre-2026-09-29); linking fixes shipped 2026-09-29 (homepage all-answers section, footer ""Popular answers"", related-answers modules) — Google recrawl pending","Indexable today (200, no noindex, in sitemap) — intended indexing candidate, confirmed against the export before any indexing request",VALID INDEXING CANDIDATE (after GSC confirmation),Link fixes already shipped 2026-09-29; confirm DNI in the export before requesting indexing,"HISTORICAL_BASELINE (DNI attribution from docs/seo/31, 2026-09-29) + LIVE_HTTP_VERIFIED (status/canonical/sitemap/links observed 2026-10-09) + SOURCE_CODE_VERIFIED (HEAD 0735af2)","No new code needed; monitor recrawl, request indexing for priority answers, keep answer↔service cross-links",Medium — GSC membership is historical/inferred; live technical facts are high-confidence,Low — acting on a stale DNI label wastes effort; medium for the duplicate-intent group where premature indexing amplifies pattern exposure,Yes before any indexing request
/answers/car-service-cost-bangalore,UNVERIFIED — no GSC export supplied (see 08-original-export-inventory.csv); GSC API not connected,200,https://ridencare.co.in/answers/car-service-cost-bangalore,Yes,479 of 479 pages,Self-consistent (canonical == live URL),"Unique question page: H1 = question verbatim, unique title/meta; no duplicate titles/H1s in the 2026-10-09 full-site crawl","Low/none — unique title, H1 and body verified in the 2026-10-09 crawl","Historic under-linking (0 links from service pages pre-2026-09-29); linking fixes shipped 2026-09-29 (homepage all-answers section, footer ""Popular answers"", related-answers modules) — Google recrawl pending","Indexable today (200, no noindex, in sitemap) — intended indexing candidate, confirmed against the export before any indexing request",VALID INDEXING CANDIDATE (after GSC confirmation),Link fixes already shipped 2026-09-29; confirm DNI in the export before requesting indexing,"HISTORICAL_BASELINE (DNI attribution from docs/seo/31, 2026-09-29) + LIVE_HTTP_VERIFIED (status/canonical/sitemap/links observed 2026-10-09) + SOURCE_CODE_VERIFIED (HEAD 0735af2)","No new code needed; monitor recrawl, request indexing for priority answers, keep answer↔service cross-links",Medium — GSC membership is historical/inferred; live technical facts are high-confidence,Low — acting on a stale DNI label wastes effort; medium for the duplicate-intent group where premature indexing amplifies pattern exposure,Yes before any indexing request
/answers/car-service-interval,UNVERIFIED — no GSC export supplied (see 08-original-export-inventory.csv); GSC API not connected,200,https://ridencare.co.in/answers/car-service-interval,Yes,13 of 479 pages,Self-consistent (canonical == live URL),"Unique question page: H1 = question verbatim, unique title/meta; no duplicate titles/H1s in the 2026-10-09 full-site crawl","Low/none — unique title, H1 and body verified in the 2026-10-09 crawl","Historic under-linking (0 links from service pages pre-2026-09-29); linking fixes shipped 2026-09-29 (homepage all-answers section, footer ""Popular answers"", related-answers modules) — Google recrawl pending","Indexable today (200, no noindex, in sitemap) — intended indexing candidate, confirmed against the export before any indexing request",VALID INDEXING CANDIDATE (after GSC confirmation),Link fixes already shipped 2026-09-29; confirm DNI in the export before requesting indexing,"HISTORICAL_BASELINE (DNI attribution from docs/seo/31, 2026-09-29) + LIVE_HTTP_VERIFIED (status/canonical/sitemap/links observed 2026-10-09) + SOURCE_CODE_VERIFIED (HEAD 0735af2)","No new code needed; monitor recrawl, request indexing for priority answers, keep answer↔service cross-links",Medium — GSC membership is historical/inferred; live technical facts are high-confidence,Low — acting on a stale DNI label wastes effort; medium for the duplicate-intent group where premature indexing amplifies pattern exposure,Yes before any indexing request
/answers/do-you-work-weekends,UNVERIFIED — no GSC export supplied (see 08-original-export-inventory.csv); GSC API not connected,200,https://ridencare.co.in/answers/do-you-work-weekends,Yes,90 of 479 pages,Self-consistent (canonical == live URL),"Unique question page: H1 = question verbatim, unique title/meta; no duplicate titles/H1s in the 2026-10-09 full-site crawl","Low/none — unique title, H1 and body verified in the 2026-10-09 crawl","Historic under-linking (0 links from service pages pre-2026-09-29); linking fixes shipped 2026-09-29 (homepage all-answers section, footer ""Popular answers"", related-answers modules) — Google recrawl pending","Indexable today (200, no noindex, in sitemap) — intended indexing candidate, confirmed against the export before any indexing request",VALID INDEXING CANDIDATE (after GSC confirmation),Link fixes already shipped 2026-09-29; confirm DNI in the export before requesting indexing,"HISTORICAL_BASELINE (DNI attribution from docs/seo/31, 2026-09-29) + LIVE_HTTP_VERIFIED (status/canonical/sitemap/links observed 2026-10-09) + SOURCE_CODE_VERIFIED (HEAD 0735af2)","No new code needed; monitor recrawl, request indexing for priority answers, keep answer↔service cross-links",Medium — GSC membership is historical/inferred; live technical facts are high-confidence,Low — acting on a stale DNI label wastes effort; medium for the duplicate-intent group where premature indexing amplifies pattern exposure,Yes before any indexing request
/answers/doorstep-vs-garage-bike,UNVERIFIED — no GSC export supplied (see 08-original-export-inventory.csv); GSC API not connected,200,https://ridencare.co.in/answers/doorstep-vs-garage-bike,Yes,10 of 479 pages,Self-consistent (canonical == live URL),"Unique question page: H1 = question verbatim, unique title/meta; no duplicate titles/H1s in the 2026-10-09 full-site crawl","Low/none — unique title, H1 and body verified in the 2026-10-09 crawl","Historic under-linking (0 links from service pages pre-2026-09-29); linking fixes shipped 2026-09-29 (homepage all-answers section, footer ""Popular answers"", related-answers modules) — Google recrawl pending","Indexable today (200, no noindex, in sitemap) — intended indexing candidate, confirmed against the export before any indexing request",VALID INDEXING CANDIDATE (after GSC confirmation),Link fixes already shipped 2026-09-29; confirm DNI in the export before requesting indexing,"HISTORICAL_BASELINE (DNI attribution from docs/seo/31, 2026-09-29) + LIVE_HTTP_VERIFIED (status/canonical/sitemap/links observed 2026-10-09) + SOURCE_CODE_VERIFIED (HEAD 0735af2)","No new code needed; monitor recrawl, request indexing for priority answers, keep answer↔service cross-links",Medium — GSC membership is historical/inferred; live technical facts are high-confidence,Low — acting on a stale DNI label wastes effort; medium for the duplicate-intent group where premature indexing amplifies pattern exposure,Yes before any indexing request
/answers/doorstep-vs-garage-car,UNVERIFIED — no GSC export supplied (see 08-original-export-inventory.csv); GSC API not connected,200,https://ridencare.co.in/answers/doorstep-vs-garage-car,Yes,22 of 479 pages,Self-consistent (canonical == live URL),"Unique question page: H1 = question verbatim, unique title/meta; no duplicate titles/H1s in the 2026-10-09 full-site crawl","Low/none — unique title, H1 and body verified in the 2026-10-09 crawl","Historic under-linking (0 links from service pages pre-2026-09-29); linking fixes shipped 2026-09-29 (homepage all-answers section, footer ""Popular answers"", related-answers modules) — Google recrawl pending","Indexable today (200, no noindex, in sitemap) — intended indexing candidate, confirmed against the export before any indexing request",VALID INDEXING CANDIDATE (after GSC confirmation),Link fixes already shipped 2026-09-29; confirm DNI in the export before requesting indexing,"HISTORICAL_BASELINE (DNI attribution from docs/seo/31, 2026-09-29) + LIVE_HTTP_VERIFIED (status/canonical/sitemap/links observed 2026-10-09) + SOURCE_CODE_VERIFIED (HEAD 0735af2)","No new code needed; monitor recrawl, request indexing for priority answers, keep answer↔service cross-links",Medium — GSC membership is historical/inferred; live technical facts are high-confidence,Low — acting on a stale DNI label wastes effort; medium for the duplicate-intent group where premature indexing amplifies pattern exposure,Yes before any indexing request
/answers/doorstep-vs-workshop-car,UNVERIFIED — no GSC export supplied (see 08-original-export-inventory.csv); GSC API not connected,200,https://ridencare.co.in/answers/doorstep-vs-workshop-car,Yes,5 of 479 pages,Self-consistent (canonical == live URL),"Unique question page: H1 = question verbatim, unique title/meta; no duplicate titles/H1s in the 2026-10-09 full-site crawl","Low/none — unique title, H1 and body verified in the 2026-10-09 crawl","Historic under-linking (0 links from service pages pre-2026-09-29); linking fixes shipped 2026-09-29 (homepage all-answers section, footer ""Popular answers"", related-answers modules) — Google recrawl pending","Indexable today (200, no noindex, in sitemap) — intended indexing candidate, confirmed against the export before any indexing request",VALID INDEXING CANDIDATE (after GSC confirmation),Link fixes already shipped 2026-09-29; confirm DNI in the export before requesting indexing,"HISTORICAL_BASELINE (DNI attribution from docs/seo/31, 2026-09-29) + LIVE_HTTP_VERIFIED (status/canonical/sitemap/links observed 2026-10-09) + SOURCE_CODE_VERIFIED (HEAD 0735af2)","No new code needed; monitor recrawl, request indexing for priority answers, keep answer↔service cross-links",Medium — GSC membership is historical/inferred; live technical facts are high-confidence,Low — acting on a stale DNI label wastes effort; medium for the duplicate-intent group where premature indexing amplifies pattern exposure,Yes before any indexing request
/answers/emergency-cost,UNVERIFIED — no GSC export supplied (see 08-original-export-inventory.csv); GSC API not connected,200,https://ridencare.co.in/answers/emergency-cost,Yes,48 of 479 pages,Self-consistent (canonical == live URL),"Unique question page: H1 = question verbatim, unique title/meta; no duplicate titles/H1s in the 2026-10-09 full-site crawl","Low/none — unique title, H1 and body verified in the 2026-10-09 crawl","Historic under-linking (0 links from service pages pre-2026-09-29); linking fixes shipped 2026-09-29 (homepage all-answers section, footer ""Popular answers"", related-answers modules) — Google recrawl pending","Indexable today (200, no noindex, in sitemap) — intended indexing candidate, confirmed against the export before any indexing request",VALID INDEXING CANDIDATE (after GSC confirmation),Link fixes already shipped 2026-09-29; confirm DNI in the export before requesting indexing,"HISTORICAL_BASELINE (DNI attribution from docs/seo/31, 2026-09-29) + LIVE_HTTP_VERIFIED (status/canonical/sitemap/links observed 2026-10-09) + SOURCE_CODE_VERIFIED (HEAD 0735af2)","No new code needed; monitor recrawl, request indexing for priority answers, keep answer↔service cross-links",Medium — GSC membership is historical/inferred; live technical facts are high-confidence,Low — acting on a stale DNI label wastes effort; medium for the duplicate-intent group where premature indexing amplifies pattern exposure,Yes before any indexing request
/answers/ev-service-cost,UNVERIFIED — no GSC export supplied (see 08-original-export-inventory.csv); GSC API not connected,200,https://ridencare.co.in/answers/ev-service-cost,Yes,50 of 479 pages,Self-consistent (canonical == live URL),"Unique question page: H1 = question verbatim, unique title/meta; no duplicate titles/H1s in the 2026-10-09 full-site crawl","Low/none — unique title, H1 and body verified in the 2026-10-09 crawl","Historic under-linking (0 links from service pages pre-2026-09-29); linking fixes shipped 2026-09-29 (homepage all-answers section, footer ""Popular answers"", related-answers modules) — Google recrawl pending","Indexable today (200, no noindex, in sitemap) — intended indexing candidate, confirmed against the export before any indexing request",VALID INDEXING CANDIDATE (after GSC confirmation),Link fixes already shipped 2026-09-29; confirm DNI in the export before requesting indexing,"HISTORICAL_BASELINE (DNI attribution from docs/seo/31, 2026-09-29) + LIVE_HTTP_VERIFIED (status/canonical/sitemap/links observed 2026-10-09) + SOURCE_CODE_VERIFIED (HEAD 0735af2)","No new code needed; monitor recrawl, request indexing for priority answers, keep answer↔service cross-links",Medium — GSC membership is historical/inferred; live technical facts are high-confidence,Low — acting on a stale DNI label wastes effort; medium for the duplicate-intent group where premature indexing amplifies pattern exposure,Yes before any indexing request
/answers/ev-service-different,UNVERIFIED — no GSC export supplied (see 08-original-export-inventory.csv); GSC API not connected,200,https://ridencare.co.in/answers/ev-service-different,Yes,8 of 479 pages,Self-consistent (canonical == live URL),"Unique question page: H1 = question verbatim, unique title/meta; no duplicate titles/H1s in the 2026-10-09 full-site crawl","Low/none — unique title, H1 and body verified in the 2026-10-09 crawl","Historic under-linking (0 links from service pages pre-2026-09-29); linking fixes shipped 2026-09-29 (homepage all-answers section, footer ""Popular answers"", related-answers modules) — Google recrawl pending","Indexable today (200, no noindex, in sitemap) — intended indexing candidate, confirmed against the export before any indexing request",VALID INDEXING CANDIDATE (after GSC confirmation),Link fixes already shipped 2026-09-29; confirm DNI in the export before requesting indexing,"HISTORICAL_BASELINE (DNI attribution from docs/seo/31, 2026-09-29) + LIVE_HTTP_VERIFIED (status/canonical/sitemap/links observed 2026-10-09) + SOURCE_CODE_VERIFIED (HEAD 0735af2)","No new code needed; monitor recrawl, request indexing for priority answers, keep answer↔service cross-links",Medium — GSC membership is historical/inferred; live technical facts are high-confidence,Low — acting on a stale DNI label wastes effort; medium for the duplicate-intent group where premature indexing amplifies pattern exposure,Yes before any indexing request
/answers/ev-what-can-be-serviced,UNVERIFIED — no GSC export supplied (see 08-original-export-inventory.csv); GSC API not connected,200,https://ridencare.co.in/answers/ev-what-can-be-serviced,Yes,93 of 479 pages,Self-consistent (canonical == live URL),"Unique question page: H1 = question verbatim, unique title/meta; no duplicate titles/H1s in the 2026-10-09 full-site crawl","Low/none — unique title, H1 and body verified in the 2026-10-09 crawl","Historic under-linking (0 links from service pages pre-2026-09-29); linking fixes shipped 2026-09-29 (homepage all-answers section, footer ""Popular answers"", related-answers modules) — Google recrawl pending","Indexable today (200, no noindex, in sitemap) — intended indexing candidate, confirmed against the export before any indexing request",VALID INDEXING CANDIDATE (after GSC confirmation),Link fixes already shipped 2026-09-29; confirm DNI in the export before requesting indexing,"HISTORICAL_BASELINE (DNI attribution from docs/seo/31, 2026-09-29) + LIVE_HTTP_VERIFIED (status/canonical/sitemap/links observed 2026-10-09) + SOURCE_CODE_VERIFIED (HEAD 0735af2)","No new code needed; monitor recrawl, request indexing for priority answers, keep answer↔service cross-links",Medium — GSC membership is historical/inferred; live technical facts are high-confidence,Low — acting on a stale DNI label wastes effort; medium for the duplicate-intent group where premature indexing amplifies pattern exposure,Yes before any indexing request
/answers/genuine-parts,UNVERIFIED — no GSC export supplied (see 08-original-export-inventory.csv); GSC API not connected,200,https://ridencare.co.in/answers/genuine-parts,Yes,49 of 479 pages,Self-consistent (canonical == live URL),"Unique question page: H1 = question verbatim, unique title/meta; no duplicate titles/H1s in the 2026-10-09 full-site crawl","Low/none — unique title, H1 and body verified in the 2026-10-09 crawl","Historic under-linking (0 links from service pages pre-2026-09-29); linking fixes shipped 2026-09-29 (homepage all-answers section, footer ""Popular answers"", related-answers modules) — Google recrawl pending","Indexable today (200, no noindex, in sitemap) — intended indexing candidate, confirmed against the export before any indexing request",VALID INDEXING CANDIDATE (after GSC confirmation),Link fixes already shipped 2026-09-29; confirm DNI in the export before requesting indexing,"HISTORICAL_BASELINE (DNI attribution from docs/seo/31, 2026-09-29) + LIVE_HTTP_VERIFIED (status/canonical/sitemap/links observed 2026-10-09) + SOURCE_CODE_VERIFIED (HEAD 0735af2)","No new code needed; monitor recrawl, request indexing for priority answers, keep answer↔service cross-links",Medium — GSC membership is historical/inferred; live technical facts are high-confidence,Low — acting on a stale DNI label wastes effort; medium for the duplicate-intent group where premature indexing amplifies pattern exposure,Yes before any indexing request
/answers/guarantee,UNVERIFIED — no GSC export supplied (see 08-original-export-inventory.csv); GSC API not connected,200,https://ridencare.co.in/answers/guarantee,Yes,53 of 479 pages,Self-consistent (canonical == live URL),"Unique question page: H1 = question verbatim, unique title/meta; no duplicate titles/H1s in the 2026-10-09 full-site crawl","Low/none — unique title, H1 and body verified in the 2026-10-09 crawl","Historic under-linking (0 links from service pages pre-2026-09-29); linking fixes shipped 2026-09-29 (homepage all-answers section, footer ""Popular answers"", related-answers modules) — Google recrawl pending","Indexable today (200, no noindex, in sitemap) — intended indexing candidate, confirmed against the export before any indexing request",VALID INDEXING CANDIDATE (after GSC confirmation),Link fixes already shipped 2026-09-29; confirm DNI in the export before requesting indexing,"HISTORICAL_BASELINE (DNI attribution from docs/seo/31, 2026-09-29) + LIVE_HTTP_VERIFIED (status/canonical/sitemap/links observed 2026-10-09) + SOURCE_CODE_VERIFIED (HEAD 0735af2)","No new code needed; monitor recrawl, request indexing for priority answers, keep answer↔service cross-links",Medium — GSC membership is historical/inferred; live technical facts are high-confidence,Low — acting on a stale DNI label wastes effort; medium for the duplicate-intent group where premature indexing amplifies pattern exposure,Yes before any indexing request
/answers/how-long-bike-service,UNVERIFIED — no GSC export supplied (see 08-original-export-inventory.csv); GSC API not connected,200,https://ridencare.co.in/answers/how-long-bike-service,Yes,479 of 479 pages,Self-consistent (canonical == live URL),"Unique question page: H1 = question verbatim, unique title/meta; no duplicate titles/H1s in the 2026-10-09 full-site crawl","Low/none — unique title, H1 and body verified in the 2026-10-09 crawl","Historic under-linking (0 links from service pages pre-2026-09-29); linking fixes shipped 2026-09-29 (homepage all-answers section, footer ""Popular answers"", related-answers modules) — Google recrawl pending","Indexable today (200, no noindex, in sitemap) — intended indexing candidate, confirmed against the export before any indexing request",VALID INDEXING CANDIDATE (after GSC confirmation),Link fixes already shipped 2026-09-29; confirm DNI in the export before requesting indexing,"HISTORICAL_BASELINE (DNI attribution from docs/seo/31, 2026-09-29) + LIVE_HTTP_VERIFIED (status/canonical/sitemap/links observed 2026-10-09) + SOURCE_CODE_VERIFIED (HEAD 0735af2)","No new code needed; monitor recrawl, request indexing for priority answers, keep answer↔service cross-links",Medium — GSC membership is historical/inferred; live technical facts are high-confidence,Low — acting on a stale DNI label wastes effort; medium for the duplicate-intent group where premature indexing amplifies pattern exposure,Yes before any indexing request
/answers/how-long-car-service,UNVERIFIED — no GSC export supplied (see 08-original-export-inventory.csv); GSC API not connected,200,https://ridencare.co.in/answers/how-long-car-service,Yes,12 of 479 pages,Self-consistent (canonical == live URL),"Unique question page: H1 = question verbatim, unique title/meta; no duplicate titles/H1s in the 2026-10-09 full-site crawl","Low/none — unique title, H1 and body verified in the 2026-10-09 crawl","Historic under-linking (0 links from service pages pre-2026-09-29); linking fixes shipped 2026-09-29 (homepage all-answers section, footer ""Popular answers"", related-answers modules) — Google recrawl pending","Indexable today (200, no noindex, in sitemap) — intended indexing candidate, confirmed against the export before any indexing request",VALID INDEXING CANDIDATE (after GSC confirmation),Link fixes already shipped 2026-09-29; confirm DNI in the export before requesting indexing,"HISTORICAL_BASELINE (DNI attribution from docs/seo/31, 2026-09-29) + LIVE_HTTP_VERIFIED (status/canonical/sitemap/links observed 2026-10-09) + SOURCE_CODE_VERIFIED (HEAD 0735af2)","No new code needed; monitor recrawl, request indexing for priority answers, keep answer↔service cross-links",Medium — GSC membership is historical/inferred; live technical facts are high-confidence,Low — acting on a stale DNI label wastes effort; medium for the duplicate-intent group where premature indexing amplifies pattern exposure,Yes before any indexing request
/answers/how-to-book,UNVERIFIED — no GSC export supplied (see 08-original-export-inventory.csv); GSC API not connected,200,https://ridencare.co.in/answers/how-to-book,Yes,52 of 479 pages,Self-consistent (canonical == live URL),"Unique question page: H1 = question verbatim, unique title/meta; no duplicate titles/H1s in the 2026-10-09 full-site crawl","Low/none — unique title, H1 and body verified in the 2026-10-09 crawl","Historic under-linking (0 links from service pages pre-2026-09-29); linking fixes shipped 2026-09-29 (homepage all-answers section, footer ""Popular answers"", related-answers modules) — Google recrawl pending","Indexable today (200, no noindex, in sitemap) — intended indexing candidate, confirmed against the export before any indexing request",VALID INDEXING CANDIDATE (after GSC confirmation),Link fixes already shipped 2026-09-29; confirm DNI in the export before requesting indexing,"HISTORICAL_BASELINE (DNI attribution from docs/seo/31, 2026-09-29) + LIVE_HTTP_VERIFIED (status/canonical/sitemap/links observed 2026-10-09) + SOURCE_CODE_VERIFIED (HEAD 0735af2)","No new code needed; monitor recrawl, request indexing for priority answers, keep answer↔service cross-links",Medium — GSC membership is historical/inferred; live technical facts are high-confidence,Low — acting on a stale DNI label wastes effort; medium for the duplicate-intent group where premature indexing amplifies pattern exposure,Yes before any indexing request
/answers/how-to-prepare-car-doorstep,UNVERIFIED — no GSC export supplied (see 08-original-export-inventory.csv); GSC API not connected,200,https://ridencare.co.in/answers/how-to-prepare-car-doorstep,Yes,5 of 479 pages,Self-consistent (canonical == live URL),"Unique question page: H1 = question verbatim, unique title/meta; no duplicate titles/H1s in the 2026-10-09 full-site crawl","Low/none — unique title, H1 and body verified in the 2026-10-09 crawl","Historic under-linking (0 links from service pages pre-2026-09-29); linking fixes shipped 2026-09-29 (homepage all-answers section, footer ""Popular answers"", related-answers modules) — Google recrawl pending","Indexable today (200, no noindex, in sitemap) — intended indexing candidate, confirmed against the export before any indexing request",VALID INDEXING CANDIDATE (after GSC confirmation),Link fixes already shipped 2026-09-29; confirm DNI in the export before requesting indexing,"HISTORICAL_BASELINE (DNI attribution from docs/seo/31, 2026-09-29) + LIVE_HTTP_VERIFIED (status/canonical/sitemap/links observed 2026-10-09) + SOURCE_CODE_VERIFIED (HEAD 0735af2)","No new code needed; monitor recrawl, request indexing for priority answers, keep answer↔service cross-links",Medium — GSC membership is historical/inferred; live technical facts are high-confidence,Low — acting on a stale DNI label wastes effort; medium for the duplicate-intent group where premature indexing amplifies pattern exposure,Yes before any indexing request
/answers/is-doorstep-service-safe,UNVERIFIED — no GSC export supplied (see 08-original-export-inventory.csv); GSC API not connected,200,https://ridencare.co.in/answers/is-doorstep-service-safe,Yes,479 of 479 pages,Self-consistent (canonical == live URL),"Unique question page: H1 = question verbatim, unique title/meta; no duplicate titles/H1s in the 2026-10-09 full-site crawl","Low/none — unique title, H1 and body verified in the 2026-10-09 crawl","Historic under-linking (0 links from service pages pre-2026-09-29); linking fixes shipped 2026-09-29 (homepage all-answers section, footer ""Popular answers"", related-answers modules) — Google recrawl pending","Indexable today (200, no noindex, in sitemap) — intended indexing candidate, confirmed against the export before any indexing request",VALID INDEXING CANDIDATE (after GSC confirmation),Link fixes already shipped 2026-09-29; confirm DNI in the export before requesting indexing,"HISTORICAL_BASELINE (DNI attribution from docs/seo/31, 2026-09-29) + LIVE_HTTP_VERIFIED (status/canonical/sitemap/links observed 2026-10-09) + SOURCE_CODE_VERIFIED (HEAD 0735af2)","No new code needed; monitor recrawl, request indexing for priority answers, keep answer↔service cross-links",Medium — GSC membership is historical/inferred; live technical facts are high-confidence,Low — acting on a stale DNI label wastes effort; medium for the duplicate-intent group where premature indexing amplifies pattern exposure,Yes before any indexing request
/answers/ktm-duke-200-service-cost,UNVERIFIED — no GSC export supplied (see 08-original-export-inventory.csv); GSC API not connected,200,https://ridencare.co.in/answers/ktm-duke-200-service-cost,Yes,136 of 479 pages,Self-consistent (canonical == live URL),"Unique question page: H1 = question verbatim, unique title/meta; no duplicate titles/H1s in the 2026-10-09 full-site crawl","Low/none — unique title, H1 and body verified in the 2026-10-09 crawl","Historic under-linking (0 links from service pages pre-2026-09-29); linking fixes shipped 2026-09-29 (homepage all-answers section, footer ""Popular answers"", related-answers modules) — Google recrawl pending","Indexable today (200, no noindex, in sitemap) — intended indexing candidate, confirmed against the export before any indexing request",VALID INDEXING CANDIDATE (after GSC confirmation),Link fixes already shipped 2026-09-29; confirm DNI in the export before requesting indexing,"HISTORICAL_BASELINE (DNI attribution from docs/seo/31, 2026-09-29) + LIVE_HTTP_VERIFIED (status/canonical/sitemap/links observed 2026-10-09) + SOURCE_CODE_VERIFIED (HEAD 0735af2)","No new code needed; monitor recrawl, request indexing for priority answers, keep answer↔service cross-links",Medium — GSC membership is historical/inferred; live technical facts are high-confidence,Low — acting on a stale DNI label wastes effort; medium for the duplicate-intent group where premature indexing amplifies pattern exposure,Yes before any indexing request
/answers/monsoon-bike-care,UNVERIFIED — no GSC export supplied (see 08-original-export-inventory.csv); GSC API not connected,200,https://ridencare.co.in/answers/monsoon-bike-care,Yes,13 of 479 pages,Self-consistent (canonical == live URL),"Unique question page: H1 = question verbatim, unique title/meta; no duplicate titles/H1s in the 2026-10-09 full-site crawl","Low/none — unique title, H1 and body verified in the 2026-10-09 crawl","Historic under-linking (0 links from service pages pre-2026-09-29); linking fixes shipped 2026-09-29 (homepage all-answers section, footer ""Popular answers"", related-answers modules) — Google recrawl pending","Indexable today (200, no noindex, in sitemap) — intended indexing candidate, confirmed against the export before any indexing request",VALID INDEXING CANDIDATE (after GSC confirmation),Link fixes already shipped 2026-09-29; confirm DNI in the export before requesting indexing,"HISTORICAL_BASELINE (DNI attribution from docs/seo/31, 2026-09-29) + LIVE_HTTP_VERIFIED (status/canonical/sitemap/links observed 2026-10-09) + SOURCE_CODE_VERIFIED (HEAD 0735af2)","No new code needed; monitor recrawl, request indexing for priority answers, keep answer↔service cross-links",Medium — GSC membership is historical/inferred; live technical facts are high-confidence,Low — acting on a stale DNI label wastes effort; medium for the duplicate-intent group where premature indexing amplifies pattern exposure,Yes before any indexing request
/answers/monsoon-car-care,UNVERIFIED — no GSC export supplied (see 08-original-export-inventory.csv); GSC API not connected,200,https://ridencare.co.in/answers/monsoon-car-care,Yes,4 of 479 pages,Self-consistent (canonical == live URL),"Unique question page: H1 = question verbatim, unique title/meta; no duplicate titles/H1s in the 2026-10-09 full-site crawl","Low/none — unique title, H1 and body verified in the 2026-10-09 crawl","Historic under-linking (0 links from service pages pre-2026-09-29); linking fixes shipped 2026-09-29 (homepage all-answers section, footer ""Popular answers"", related-answers modules) — Google recrawl pending","Indexable today (200, no noindex, in sitemap) — intended indexing candidate, confirmed against the export before any indexing request",VALID INDEXING CANDIDATE (after GSC confirmation),Link fixes already shipped 2026-09-29; confirm DNI in the export before requesting indexing,"HISTORICAL_BASELINE (DNI attribution from docs/seo/31, 2026-09-29) + LIVE_HTTP_VERIFIED (status/canonical/sitemap/links observed 2026-10-09) + SOURCE_CODE_VERIFIED (HEAD 0735af2)","No new code needed; monitor recrawl, request indexing for priority answers, keep answer↔service cross-links",Medium — GSC membership is historical/inferred; live technical facts are high-confidence,Low — acting on a stale DNI label wastes effort; medium for the duplicate-intent group where premature indexing amplifies pattern exposure,Yes before any indexing request
/answers/need-to-be-home,UNVERIFIED — no GSC export supplied (see 08-original-export-inventory.csv); GSC API not connected,200,https://ridencare.co.in/answers/need-to-be-home,Yes,47 of 479 pages,Self-consistent (canonical == live URL),"Unique question page: H1 = question verbatim, unique title/meta; no duplicate titles/H1s in the 2026-10-09 full-site crawl","Low/none — unique title, H1 and body verified in the 2026-10-09 crawl","Historic under-linking (0 links from service pages pre-2026-09-29); linking fixes shipped 2026-09-29 (homepage all-answers section, footer ""Popular answers"", related-answers modules) — Google recrawl pending","Indexable today (200, no noindex, in sitemap) — intended indexing candidate, confirmed against the export before any indexing request",VALID INDEXING CANDIDATE (after GSC confirmation),Link fixes already shipped 2026-09-29; confirm DNI in the export before requesting indexing,"HISTORICAL_BASELINE (DNI attribution from docs/seo/31, 2026-09-29) + LIVE_HTTP_VERIFIED (status/canonical/sitemap/links observed 2026-10-09) + SOURCE_CODE_VERIFIED (HEAD 0735af2)","No new code needed; monitor recrawl, request indexing for priority answers, keep answer↔service cross-links",Medium — GSC membership is historical/inferred; live technical facts are high-confidence,Low — acting on a stale DNI label wastes effort; medium for the duplicate-intent group where premature indexing amplifies pattern exposure,Yes before any indexing request
/answers/payment-options,UNVERIFIED — no GSC export supplied (see 08-original-export-inventory.csv); GSC API not connected,200,https://ridencare.co.in/answers/payment-options,Yes,8 of 479 pages,Self-consistent (canonical == live URL),"Unique question page: H1 = question verbatim, unique title/meta; no duplicate titles/H1s in the 2026-10-09 full-site crawl","Low/none — unique title, H1 and body verified in the 2026-10-09 crawl","Historic under-linking (0 links from service pages pre-2026-09-29); linking fixes shipped 2026-09-29 (homepage all-answers section, footer ""Popular answers"", related-answers modules) — Google recrawl pending","Indexable today (200, no noindex, in sitemap) — intended indexing candidate, confirmed against the export before any indexing request",VALID INDEXING CANDIDATE (after GSC confirmation),Link fixes already shipped 2026-09-29; confirm DNI in the export before requesting indexing,"HISTORICAL_BASELINE (DNI attribution from docs/seo/31, 2026-09-29) + LIVE_HTTP_VERIFIED (status/canonical/sitemap/links observed 2026-10-09) + SOURCE_CODE_VERIFIED (HEAD 0735af2)","No new code needed; monitor recrawl, request indexing for priority answers, keep answer↔service cross-links",Medium — GSC membership is historical/inferred; live technical facts are high-confidence,Low — acting on a stale DNI label wastes effort; medium for the duplicate-intent group where premature indexing amplifies pattern exposure,Yes before any indexing request
/answers/periodic-vs-breakdown,UNVERIFIED — no GSC export supplied (see 08-original-export-inventory.csv); GSC API not connected,200,https://ridencare.co.in/answers/periodic-vs-breakdown,Yes,7 of 479 pages,Self-consistent (canonical == live URL),"Unique question page: H1 = question verbatim, unique title/meta; no duplicate titles/H1s in the 2026-10-09 full-site crawl","Low/none — unique title, H1 and body verified in the 2026-10-09 crawl","Historic under-linking (0 links from service pages pre-2026-09-29); linking fixes shipped 2026-09-29 (homepage all-answers section, footer ""Popular answers"", related-answers modules) — Google recrawl pending","Indexable today (200, no noindex, in sitemap) — intended indexing candidate, confirmed against the export before any indexing request",VALID INDEXING CANDIDATE (after GSC confirmation),Link fixes already shipped 2026-09-29; confirm DNI in the export before requesting indexing,"HISTORICAL_BASELINE (DNI attribution from docs/seo/31, 2026-09-29) + LIVE_HTTP_VERIFIED (status/canonical/sitemap/links observed 2026-10-09) + SOURCE_CODE_VERIFIED (HEAD 0735af2)","No new code needed; monitor recrawl, request indexing for priority answers, keep answer↔service cross-links",Medium — GSC membership is historical/inferred; live technical facts are high-confidence,Low — acting on a stale DNI label wastes effort; medium for the duplicate-intent group where premature indexing amplifies pattern exposure,Yes before any indexing request
/answers/recovery-after-breakdown,UNVERIFIED — no GSC export supplied (see 08-original-export-inventory.csv); GSC API not connected,200,https://ridencare.co.in/answers/recovery-after-breakdown,Yes,9 of 479 pages,Self-consistent (canonical == live URL),"Unique question page: H1 = question verbatim, unique title/meta; no duplicate titles/H1s in the 2026-10-09 full-site crawl","Low/none — unique title, H1 and body verified in the 2026-10-09 crawl","Historic under-linking (0 links from service pages pre-2026-09-29); linking fixes shipped 2026-09-29 (homepage all-answers section, footer ""Popular answers"", related-answers modules) — Google recrawl pending","Indexable today (200, no noindex, in sitemap) — intended indexing candidate, confirmed against the export before any indexing request",VALID INDEXING CANDIDATE (after GSC confirmation),Link fixes already shipped 2026-09-29; confirm DNI in the export before requesting indexing,"HISTORICAL_BASELINE (DNI attribution from docs/seo/31, 2026-09-29) + LIVE_HTTP_VERIFIED (status/canonical/sitemap/links observed 2026-10-09) + SOURCE_CODE_VERIFIED (HEAD 0735af2)","No new code needed; monitor recrawl, request indexing for priority answers, keep answer↔service cross-links",Medium — GSC membership is historical/inferred; live technical facts are high-confidence,Low — acting on a stale DNI label wastes effort; medium for the duplicate-intent group where premature indexing amplifies pattern exposure,Yes before any indexing request
/answers/roadside-or-garage,UNVERIFIED — no GSC export supplied (see 08-original-export-inventory.csv); GSC API not connected,200,https://ridencare.co.in/answers/roadside-or-garage,Yes,48 of 479 pages,Self-consistent (canonical == live URL),"Unique question page: H1 = question verbatim, unique title/meta; no duplicate titles/H1s in the 2026-10-09 full-site crawl","Low/none — unique title, H1 and body verified in the 2026-10-09 crawl","Historic under-linking (0 links from service pages pre-2026-09-29); linking fixes shipped 2026-09-29 (homepage all-answers section, footer ""Popular answers"", related-answers modules) — Google recrawl pending","Indexable today (200, no noindex, in sitemap) — intended indexing candidate, confirmed against the export before any indexing request",VALID INDEXING CANDIDATE (after GSC confirmation),Link fixes already shipped 2026-09-29; confirm DNI in the export before requesting indexing,"HISTORICAL_BASELINE (DNI attribution from docs/seo/31, 2026-09-29) + LIVE_HTTP_VERIFIED (status/canonical/sitemap/links observed 2026-10-09) + SOURCE_CODE_VERIFIED (HEAD 0735af2)","No new code needed; monitor recrawl, request indexing for priority answers, keep answer↔service cross-links",Medium — GSC membership is historical/inferred; live technical facts are high-confidence,Low — acting on a stale DNI label wastes effort; medium for the duplicate-intent group where premature indexing amplifies pattern exposure,Yes before any indexing request
/answers/scooter-service-cost,UNVERIFIED — no GSC export supplied (see 08-original-export-inventory.csv); GSC API not connected,200,https://ridencare.co.in/answers/scooter-service-cost,Yes,479 of 479 pages,Self-consistent (canonical == live URL),"Unique question page: H1 = question verbatim, unique title/meta; no duplicate titles/H1s in the 2026-10-09 full-site crawl","Low/none — unique title, H1 and body verified in the 2026-10-09 crawl","Historic under-linking (0 links from service pages pre-2026-09-29); linking fixes shipped 2026-09-29 (homepage all-answers section, footer ""Popular answers"", related-answers modules) — Google recrawl pending","Indexable today (200, no noindex, in sitemap) — intended indexing candidate, confirmed against the export before any indexing request",VALID INDEXING CANDIDATE (after GSC confirmation),Link fixes already shipped 2026-09-29; confirm DNI in the export before requesting indexing,"HISTORICAL_BASELINE (DNI attribution from docs/seo/31, 2026-09-29) + LIVE_HTTP_VERIFIED (status/canonical/sitemap/links observed 2026-10-09) + SOURCE_CODE_VERIFIED (HEAD 0735af2)","No new code needed; monitor recrawl, request indexing for priority answers, keep answer↔service cross-links",Medium — GSC membership is historical/inferred; live technical facts are high-confidence,Low — acting on a stale DNI label wastes effort; medium for the duplicate-intent group where premature indexing amplifies pattern exposure,Yes before any indexing request
/answers/service-interval,UNVERIFIED — no GSC export supplied (see 08-original-export-inventory.csv); GSC API not connected,200,https://ridencare.co.in/answers/service-interval,Yes,13 of 479 pages,Self-consistent (canonical == live URL),"Unique question page: H1 = question verbatim, unique title/meta; no duplicate titles/H1s in the 2026-10-09 full-site crawl","Low/none — unique title, H1 and body verified in the 2026-10-09 crawl","Historic under-linking (0 links from service pages pre-2026-09-29); linking fixes shipped 2026-09-29 (homepage all-answers section, footer ""Popular answers"", related-answers modules) — Google recrawl pending","Indexable today (200, no noindex, in sitemap) — intended indexing candidate, confirmed against the export before any indexing request",VALID INDEXING CANDIDATE (after GSC confirmation),Link fixes already shipped 2026-09-29; confirm DNI in the export before requesting indexing,"HISTORICAL_BASELINE (DNI attribution from docs/seo/31, 2026-09-29) + LIVE_HTTP_VERIFIED (status/canonical/sitemap/links observed 2026-10-09) + SOURCE_CODE_VERIFIED (HEAD 0735af2)","No new code needed; monitor recrawl, request indexing for priority answers, keep answer↔service cross-links",Medium — GSC membership is historical/inferred; live technical facts are high-confidence,Low — acting on a stale DNI label wastes effort; medium for the duplicate-intent group where premature indexing amplifies pattern exposure,Yes before any indexing request
/answers/warranty-service,UNVERIFIED — no GSC export supplied (see 08-original-export-inventory.csv); GSC API not connected,200,https://ridencare.co.in/answers/warranty-service,Yes,5 of 479 pages,Self-consistent (canonical == live URL),"Unique question page: H1 = question verbatim, unique title/meta; no duplicate titles/H1s in the 2026-10-09 full-site crawl","Low/none — unique title, H1 and body verified in the 2026-10-09 crawl","Historic under-linking (0 links from service pages pre-2026-09-29); linking fixes shipped 2026-09-29 (homepage all-answers section, footer ""Popular answers"", related-answers modules) — Google recrawl pending","Indexable today (200, no noindex, in sitemap) — intended indexing candidate, confirmed against the export before any indexing request",VALID INDEXING CANDIDATE (after GSC confirmation),Link fixes already shipped 2026-09-29; confirm DNI in the export before requesting indexing,"HISTORICAL_BASELINE (DNI attribution from docs/seo/31, 2026-09-29) + LIVE_HTTP_VERIFIED (status/canonical/sitemap/links observed 2026-10-09) + SOURCE_CODE_VERIFIED (HEAD 0735af2)","No new code needed; monitor recrawl, request indexing for priority answers, keep answer↔service cross-links",Medium — GSC membership is historical/inferred; live technical facts are high-confidence,Low — acting on a stale DNI label wastes effort; medium for the duplicate-intent group where premature indexing amplifies pattern exposure,Yes before any indexing request
/answers/what-included-bike-service,UNVERIFIED — no GSC export supplied (see 08-original-export-inventory.csv); GSC API not connected,200,https://ridencare.co.in/answers/what-included-bike-service,Yes,479 of 479 pages,Self-consistent (canonical == live URL),"Unique question page: H1 = question verbatim, unique title/meta; no duplicate titles/H1s in the 2026-10-09 full-site crawl","Low/none — unique title, H1 and body verified in the 2026-10-09 crawl","Historic under-linking (0 links from service pages pre-2026-09-29); linking fixes shipped 2026-09-29 (homepage all-answers section, footer ""Popular answers"", related-answers modules) — Google recrawl pending","Indexable today (200, no noindex, in sitemap) — intended indexing candidate, confirmed against the export before any indexing request",VALID INDEXING CANDIDATE (after GSC confirmation),Link fixes already shipped 2026-09-29; confirm DNI in the export before requesting indexing,"HISTORICAL_BASELINE (DNI attribution from docs/seo/31, 2026-09-29) + LIVE_HTTP_VERIFIED (status/canonical/sitemap/links observed 2026-10-09) + SOURCE_CODE_VERIFIED (HEAD 0735af2)","No new code needed; monitor recrawl, request indexing for priority answers, keep answer↔service cross-links",Medium — GSC membership is historical/inferred; live technical facts are high-confidence,Low — acting on a stale DNI label wastes effort; medium for the duplicate-intent group where premature indexing amplifies pattern exposure,Yes before any indexing request
/answers/what-included-car-service,UNVERIFIED — no GSC export supplied (see 08-original-export-inventory.csv); GSC API not connected,200,https://ridencare.co.in/answers/what-included-car-service,Yes,17 of 479 pages,Self-consistent (canonical == live URL),"Unique question page: H1 = question verbatim, unique title/meta; no duplicate titles/H1s in the 2026-10-09 full-site crawl","Low/none — unique title, H1 and body verified in the 2026-10-09 crawl","Historic under-linking (0 links from service pages pre-2026-09-29); linking fixes shipped 2026-09-29 (homepage all-answers section, footer ""Popular answers"", related-answers modules) — Google recrawl pending","Indexable today (200, no noindex, in sitemap) — intended indexing candidate, confirmed against the export before any indexing request",VALID INDEXING CANDIDATE (after GSC confirmation),Link fixes already shipped 2026-09-29; confirm DNI in the export before requesting indexing,"HISTORICAL_BASELINE (DNI attribution from docs/seo/31, 2026-09-29) + LIVE_HTTP_VERIFIED (status/canonical/sitemap/links observed 2026-10-09) + SOURCE_CODE_VERIFIED (HEAD 0735af2)","No new code needed; monitor recrawl, request indexing for priority answers, keep answer↔service cross-links",Medium — GSC membership is historical/inferred; live technical facts are high-confidence,Low — acting on a stale DNI label wastes effort; medium for the duplicate-intent group where premature indexing amplifies pattern exposure,Yes before any indexing request
/answers/what-to-prepare,UNVERIFIED — no GSC export supplied (see 08-original-export-inventory.csv); GSC API not connected,200,https://ridencare.co.in/answers/what-to-prepare,Yes,8 of 479 pages,Self-consistent (canonical == live URL),"Unique question page: H1 = question verbatim, unique title/meta; no duplicate titles/H1s in the 2026-10-09 full-site crawl","Low/none — unique title, H1 and body verified in the 2026-10-09 crawl","Historic under-linking (0 links from service pages pre-2026-09-29); linking fixes shipped 2026-09-29 (homepage all-answers section, footer ""Popular answers"", related-answers modules) — Google recrawl pending","Indexable today (200, no noindex, in sitemap) — intended indexing candidate, confirmed against the export before any indexing request",VALID INDEXING CANDIDATE (after GSC confirmation),Link fixes already shipped 2026-09-29; confirm DNI in the export before requesting indexing,"HISTORICAL_BASELINE (DNI attribution from docs/seo/31, 2026-09-29) + LIVE_HTTP_VERIFIED (status/canonical/sitemap/links observed 2026-10-09) + SOURCE_CODE_VERIFIED (HEAD 0735af2)","No new code needed; monitor recrawl, request indexing for priority answers, keep answer↔service cross-links",Medium — GSC membership is historical/inferred; live technical facts are high-confidence,Low — acting on a stale DNI label wastes effort; medium for the duplicate-intent group where premature indexing amplifies pattern exposure,Yes before any indexing request
/answers/which-oil,UNVERIFIED — no GSC export supplied (see 08-original-export-inventory.csv); GSC API not connected,200,https://ridencare.co.in/answers/which-oil,Yes,51 of 479 pages,Self-consistent (canonical == live URL),"Unique question page: H1 = question verbatim, unique title/meta; no duplicate titles/H1s in the 2026-10-09 full-site crawl","Low/none — unique title, H1 and body verified in the 2026-10-09 crawl","Historic under-linking (0 links from service pages pre-2026-09-29); linking fixes shipped 2026-09-29 (homepage all-answers section, footer ""Popular answers"", related-answers modules) — Google recrawl pending","Indexable today (200, no noindex, in sitemap) — intended indexing candidate, confirmed against the export before any indexing request",VALID INDEXING CANDIDATE (after GSC confirmation),Link fixes already shipped 2026-09-29; confirm DNI in the export before requesting indexing,"HISTORICAL_BASELINE (DNI attribution from docs/seo/31, 2026-09-29) + LIVE_HTTP_VERIFIED (status/canonical/sitemap/links observed 2026-10-09) + SOURCE_CODE_VERIFIED (HEAD 0735af2)","No new code needed; monitor recrawl, request indexing for priority answers, keep answer↔service cross-links",Medium — GSC membership is historical/inferred; live technical facts are high-confidence,Low — acting on a stale DNI label wastes effort; medium for the duplicate-intent group where premature indexing amplifies pattern exposure,Yes before any indexing request
/answers/written-quote,UNVERIFIED — no GSC export supplied (see 08-original-export-inventory.csv); GSC API not connected,200,https://ridencare.co.in/answers/written-quote,Yes,10 of 479 pages,Self-consistent (canonical == live URL),"Unique question page: H1 = question verbatim, unique title/meta; no duplicate titles/H1s in the 2026-10-09 full-site crawl","Low/none — unique title, H1 and body verified in the 2026-10-09 crawl","Historic under-linking (0 links from service pages pre-2026-09-29); linking fixes shipped 2026-09-29 (homepage all-answers section, footer ""Popular answers"", related-answers modules) — Google recrawl pending","Indexable today (200, no noindex, in sitemap) — intended indexing candidate, confirmed against the export before any indexing request",VALID INDEXING CANDIDATE (after GSC confirmation),Link fixes already shipped 2026-09-29; confirm DNI in the export before requesting indexing,"HISTORICAL_BASELINE (DNI attribution from docs/seo/31, 2026-09-29) + LIVE_HTTP_VERIFIED (status/canonical/sitemap/links observed 2026-10-09) + SOURCE_CODE_VERIFIED (HEAD 0735af2)","No new code needed; monitor recrawl, request indexing for priority answers, keep answer↔service cross-links",Medium — GSC membership is historical/inferred; live technical facts are high-confidence,Low — acting on a stale DNI label wastes effort; medium for the duplicate-intent group where premature indexing amplifies pattern exposure,Yes before any indexing request
/areas/varthur,UNVERIFIED — no GSC export supplied (see 08-original-export-inventory.csv); GSC API not connected,200,https://ridencare.co.in/areas/varthur,No,14 of 479 pages,Self-consistent (canonical == live URL),Basic-tier template copy (generic for unconfirmed locality) — no unique priority guide,"Medium — generic template copy, no unique guide",Listed under DNI in the 2026-09-29 baseline while also listed in the sitemap; today it serves noindex so GSC classes it Excluded by noindex (intentional content gate),"Excluded by policy (serves noindex, observed 2026-10-09) — NOT intended for indexing now; see 10-noindex-intent-review.csv for the intent review",LEAVE EXCLUDED,Noindex by design and already absent from the sitemap — GSC historically listed it under DNI; do not index,"HISTORICAL_BASELINE (DNI attribution from docs/seo/31, 2026-09-29) + LIVE_HTTP_VERIFIED (status/canonical/sitemap/links observed 2026-10-09) + SOURCE_CODE_VERIFIED (HEAD 0735af2)",Keep noindex until content uplift + owner confirms priority tier (Q33),Medium — GSC membership is historical/inferred; live technical facts are high-confidence,Low — acting on a stale DNI label wastes effort; medium for the duplicate-intent group where premature indexing amplifies pattern exposure,No
/areas/gunjur,UNVERIFIED — no GSC export supplied (see 08-original-export-inventory.csv); GSC API not connected,200,https://ridencare.co.in/areas/gunjur,No,14 of 479 pages,Self-consistent (canonical == live URL),Basic-tier template copy (generic for unconfirmed locality) — no unique priority guide,"Medium — generic template copy, no unique guide",Listed under DNI in the 2026-09-29 baseline while also listed in the sitemap; today it serves noindex so GSC classes it Excluded by noindex (intentional content gate),"Excluded by policy (serves noindex, observed 2026-10-09) — NOT intended for indexing now; see 10-noindex-intent-review.csv for the intent review",LEAVE EXCLUDED,Noindex by design and already absent from the sitemap — GSC historically listed it under DNI; do not index,"HISTORICAL_BASELINE (DNI attribution from docs/seo/31, 2026-09-29) + LIVE_HTTP_VERIFIED (status/canonical/sitemap/links observed 2026-10-09) + SOURCE_CODE_VERIFIED (HEAD 0735af2)",Keep noindex until content uplift + owner confirms priority tier (Q33),Medium — GSC membership is historical/inferred; live technical facts are high-confidence,Low — acting on a stale DNI label wastes effort; medium for the duplicate-intent group where premature indexing amplifies pattern exposure,No
/areas/kasavanahalli,UNVERIFIED — no GSC export supplied (see 08-original-export-inventory.csv); GSC API not connected,200,https://ridencare.co.in/areas/kasavanahalli,No,14 of 479 pages,Self-consistent (canonical == live URL),Basic-tier template copy (generic for unconfirmed locality) — no unique priority guide,"Medium — generic template copy, no unique guide",Listed under DNI in the 2026-09-29 baseline while also listed in the sitemap; today it serves noindex so GSC classes it Excluded by noindex (intentional content gate),"Excluded by policy (serves noindex, observed 2026-10-09) — NOT intended for indexing now; see 10-noindex-intent-review.csv for the intent review",LEAVE EXCLUDED,Noindex by design and already absent from the sitemap — GSC historically listed it under DNI; do not index,"HISTORICAL_BASELINE (DNI attribution from docs/seo/31, 2026-09-29) + LIVE_HTTP_VERIFIED (status/canonical/sitemap/links observed 2026-10-09) + SOURCE_CODE_VERIFIED (HEAD 0735af2)",Keep noindex until content uplift + owner confirms priority tier (Q33),Medium — GSC membership is historical/inferred; live technical facts are high-confidence,Low — acting on a stale DNI label wastes effort; medium for the duplicate-intent group where premature indexing amplifies pattern exposure,No
/areas/panathur-road,UNVERIFIED — no GSC export supplied (see 08-original-export-inventory.csv); GSC API not connected,200,https://ridencare.co.in/areas/panathur-road,No,16 of 479 pages,Self-consistent (canonical == live URL),Basic-tier template copy (generic for unconfirmed locality) — no unique priority guide,"Medium — generic template copy, no unique guide",Listed under DNI in the 2026-09-29 baseline while also listed in the sitemap; today it serves noindex so GSC classes it Excluded by noindex (intentional content gate),"Excluded by policy (serves noindex, observed 2026-10-09) — NOT intended for indexing now; see 10-noindex-intent-review.csv for the intent review",LEAVE EXCLUDED,Noindex by design and already absent from the sitemap — GSC historically listed it under DNI; do not index,"HISTORICAL_BASELINE (DNI attribution from docs/seo/31, 2026-09-29) + LIVE_HTTP_VERIFIED (status/canonical/sitemap/links observed 2026-10-09) + SOURCE_CODE_VERIFIED (HEAD 0735af2)",Keep noindex until content uplift + owner confirms priority tier (Q33),Medium — GSC membership is historical/inferred; live technical facts are high-confidence,Low — acting on a stale DNI label wastes effort; medium for the duplicate-intent group where premature indexing amplifies pattern exposure,No
/areas/kadubeesanahalli,UNVERIFIED — no GSC export supplied (see 08-original-export-inventory.csv); GSC API not connected,200,https://ridencare.co.in/areas/kadubeesanahalli,No,16 of 479 pages,Self-consistent (canonical == live URL),Basic-tier template copy (generic for unconfirmed locality) — no unique priority guide,"Medium — generic template copy, no unique guide",Listed under DNI in the 2026-09-29 baseline while also listed in the sitemap; today it serves noindex so GSC classes it Excluded by noindex (intentional content gate),"Excluded by policy (serves noindex, observed 2026-10-09) — NOT intended for indexing now; see 10-noindex-intent-review.csv for the intent review",LEAVE EXCLUDED,Noindex by design and already absent from the sitemap — GSC historically listed it under DNI; do not index,"HISTORICAL_BASELINE (DNI attribution from docs/seo/31, 2026-09-29) + LIVE_HTTP_VERIFIED (status/canonical/sitemap/links observed 2026-10-09) + SOURCE_CODE_VERIFIED (HEAD 0735af2)",Keep noindex until content uplift + owner confirms priority tier (Q33),Medium — GSC membership is historical/inferred; live technical facts are high-confidence,Low — acting on a stale DNI label wastes effort; medium for the duplicate-intent group where premature indexing amplifies pattern exposure,No
/areas/domlur,UNVERIFIED — no GSC export supplied (see 08-original-export-inventory.csv); GSC API not connected,200,https://ridencare.co.in/areas/domlur,No,16 of 479 pages,Self-consistent (canonical == live URL),Basic-tier template copy (generic for unconfirmed locality) — no unique priority guide,"Medium — generic template copy, no unique guide",Listed under DNI in the 2026-09-29 baseline while also listed in the sitemap; today it serves noindex so GSC classes it Excluded by noindex (intentional content gate),"Excluded by policy (serves noindex, observed 2026-10-09) — NOT intended for indexing now; see 10-noindex-intent-review.csv for the intent review",LEAVE EXCLUDED,Noindex by design and already absent from the sitemap — GSC historically listed it under DNI; do not index,"HISTORICAL_BASELINE (DNI attribution from docs/seo/31, 2026-09-29) + LIVE_HTTP_VERIFIED (status/canonical/sitemap/links observed 2026-10-09) + SOURCE_CODE_VERIFIED (HEAD 0735af2)",Keep noindex until content uplift + owner confirms priority tier (Q33),Medium — GSC membership is historical/inferred; live technical facts are high-confidence,Low — acting on a stale DNI label wastes effort; medium for the duplicate-intent group where premature indexing amplifies pattern exposure,No
/areas/banashankari,UNVERIFIED — no GSC export supplied (see 08-original-export-inventory.csv); GSC API not connected,200,https://ridencare.co.in/areas/banashankari,No,20 of 479 pages,Self-consistent (canonical == live URL),Basic-tier template copy (generic for unconfirmed locality) — no unique priority guide,"Medium — generic template copy, no unique guide",Listed under DNI in the 2026-09-29 baseline while also listed in the sitemap; today it serves noindex so GSC classes it Excluded by noindex (intentional content gate),"Not indexable today (serves noindex); intended to become indexable only via the owner-approved P0 deploy, then resubmit the sitemap",CHANGE PENDING APPROVED P0 DEPLOY,"noindex today; becomes indexable only via the owner-approved P0 deploy, then resubmit sitemap","HISTORICAL_BASELINE (DNI attribution from docs/seo/31, 2026-09-29) + LIVE_HTTP_VERIFIED (status/canonical/sitemap/links observed 2026-10-09) + SOURCE_CODE_VERIFIED (HEAD 0735af2)","Flip to indexable on the P0 deploy (owner-approved plan), then resubmit sitemap",Medium — GSC membership is historical/inferred; live technical facts are high-confidence,Low — acting on a stale DNI label wastes effort; medium for the duplicate-intent group where premature indexing amplifies pattern exposure,Yes
/areas/bannerghatta-road,UNVERIFIED — no GSC export supplied (see 08-original-export-inventory.csv); GSC API not connected,200,https://ridencare.co.in/areas/bannerghatta-road,No,13 of 479 pages,Self-consistent (canonical == live URL),Basic-tier template copy (generic for unconfirmed locality) — no unique priority guide,"Medium — generic template copy, no unique guide",Listed under DNI in the 2026-09-29 baseline while also listed in the sitemap; today it serves noindex so GSC classes it Excluded by noindex (intentional content gate),"Excluded by policy (serves noindex, observed 2026-10-09) — NOT intended for indexing now; see 10-noindex-intent-review.csv for the intent review",LEAVE EXCLUDED,Noindex by design and already absent from the sitemap — GSC historically listed it under DNI; do not index,"HISTORICAL_BASELINE (DNI attribution from docs/seo/31, 2026-09-29) + LIVE_HTTP_VERIFIED (status/canonical/sitemap/links observed 2026-10-09) + SOURCE_CODE_VERIFIED (HEAD 0735af2)",Keep noindex until content uplift + owner confirms priority tier (Q33),Medium — GSC membership is historical/inferred; live technical facts are high-confidence,Low — acting on a stale DNI label wastes effort; medium for the duplicate-intent group where premature indexing amplifies pattern exposure,No
/areas/kanakapura-road,UNVERIFIED — no GSC export supplied (see 08-original-export-inventory.csv); GSC API not connected,200,https://ridencare.co.in/areas/kanakapura-road,No,14 of 479 pages,Self-consistent (canonical == live URL),Basic-tier template copy (generic for unconfirmed locality) — no unique priority guide,"Medium — generic template copy, no unique guide",Listed under DNI in the 2026-09-29 baseline while also listed in the sitemap; today it serves noindex so GSC classes it Excluded by noindex (intentional content gate),"Excluded by policy (serves noindex, observed 2026-10-09) — NOT intended for indexing now; see 10-noindex-intent-review.csv for the intent review",LEAVE EXCLUDED,Noindex by design and already absent from the sitemap — GSC historically listed it under DNI; do not index,"HISTORICAL_BASELINE (DNI attribution from docs/seo/31, 2026-09-29) + LIVE_HTTP_VERIFIED (status/canonical/sitemap/links observed 2026-10-09) + SOURCE_CODE_VERIFIED (HEAD 0735af2)",Keep noindex until content uplift + owner confirms priority tier (Q33),Medium — GSC membership is historical/inferred; live technical facts are high-confidence,Low — acting on a stale DNI label wastes effort; medium for the duplicate-intent group where premature indexing amplifies pattern exposure,No
/areas/ejipura,UNVERIFIED — no GSC export supplied (see 08-original-export-inventory.csv); GSC API not connected,200,https://ridencare.co.in/areas/ejipura,No,17 of 479 pages,Self-consistent (canonical == live URL),Basic-tier template copy (generic for unconfirmed locality) — no unique priority guide,"Medium — generic template copy, no unique guide",Listed under DNI in the 2026-09-29 baseline while also listed in the sitemap; today it serves noindex so GSC classes it Excluded by noindex (intentional content gate),"Excluded by policy (serves noindex, observed 2026-10-09) — NOT intended for indexing now; see 10-noindex-intent-review.csv for the intent review",LEAVE EXCLUDED,Noindex by design and already absent from the sitemap — GSC historically listed it under DNI; do not index,"HISTORICAL_BASELINE (DNI attribution from docs/seo/31, 2026-09-29) + LIVE_HTTP_VERIFIED (status/canonical/sitemap/links observed 2026-10-09) + SOURCE_CODE_VERIFIED (HEAD 0735af2)",Keep noindex until content uplift + owner confirms priority tier (Q33),Medium — GSC membership is historical/inferred; live technical facts are high-confidence,Low — acting on a stale DNI label wastes effort; medium for the duplicate-intent group where premature indexing amplifies pattern exposure,No
/areas/bommanahalli,UNVERIFIED — no GSC export supplied (see 08-original-export-inventory.csv); GSC API not connected,200,https://ridencare.co.in/areas/bommanahalli,No,17 of 479 pages,Self-consistent (canonical == live URL),Basic-tier template copy (generic for unconfirmed locality) — no unique priority guide,"Medium — generic template copy, no unique guide",Listed under DNI in the 2026-09-29 baseline while also listed in the sitemap; today it serves noindex so GSC classes it Excluded by noindex (intentional content gate),"Excluded by policy (serves noindex, observed 2026-10-09) — NOT intended for indexing now; see 10-noindex-intent-review.csv for the intent review",LEAVE EXCLUDED,Noindex by design and already absent from the sitemap — GSC historically listed it under DNI; do not index,"HISTORICAL_BASELINE (DNI attribution from docs/seo/31, 2026-09-29) + LIVE_HTTP_VERIFIED (status/canonical/sitemap/links observed 2026-10-09) + SOURCE_CODE_VERIFIED (HEAD 0735af2)",Keep noindex until content uplift + owner confirms priority tier (Q33),Medium — GSC membership is historical/inferred; live technical facts are high-confidence,Low — acting on a stale DNI label wastes effort; medium for the duplicate-intent group where premature indexing amplifies pattern exposure,No
/areas/kudlu-gate,UNVERIFIED — no GSC export supplied (see 08-original-export-inventory.csv); GSC API not connected,200,https://ridencare.co.in/areas/kudlu-gate,No,15 of 479 pages,Self-consistent (canonical == live URL),Basic-tier template copy (generic for unconfirmed locality) — no unique priority guide,"Medium — generic template copy, no unique guide",Listed under DNI in the 2026-09-29 baseline while also listed in the sitemap; today it serves noindex so GSC classes it Excluded by noindex (intentional content gate),"Excluded by policy (serves noindex, observed 2026-10-09) — NOT intended for indexing now; see 10-noindex-intent-review.csv for the intent review",LEAVE EXCLUDED,Noindex by design and already absent from the sitemap — GSC historically listed it under DNI; do not index,"HISTORICAL_BASELINE (DNI attribution from docs/seo/31, 2026-09-29) + LIVE_HTTP_VERIFIED (status/canonical/sitemap/links observed 2026-10-09) + SOURCE_CODE_VERIFIED (HEAD 0735af2)",Keep noindex until content uplift + owner confirms priority tier (Q33),Medium — GSC membership is historical/inferred; live technical facts are high-confidence,Low — acting on a stale DNI label wastes effort; medium for the duplicate-intent group where premature indexing amplifies pattern exposure,No
/areas/madiwala,UNVERIFIED — no GSC export supplied (see 08-original-export-inventory.csv); GSC API not connected,200,https://ridencare.co.in/areas/madiwala,No,18 of 479 pages,Self-consistent (canonical == live URL),Basic-tier template copy (generic for unconfirmed locality) — no unique priority guide,"Medium — generic template copy, no unique guide",Listed under DNI in the 2026-09-29 baseline while also listed in the sitemap; today it serves noindex so GSC classes it Excluded by noindex (intentional content gate),"Not indexable today (serves noindex); intended to become indexable only via the owner-approved P0 deploy, then resubmit the sitemap",CHANGE PENDING APPROVED P0 DEPLOY,"noindex today; becomes indexable only via the owner-approved P0 deploy, then resubmit sitemap","HISTORICAL_BASELINE (DNI attribution from docs/seo/31, 2026-09-29) + LIVE_HTTP_VERIFIED (status/canonical/sitemap/links observed 2026-10-09) + SOURCE_CODE_VERIFIED (HEAD 0735af2)","Flip to indexable on the P0 deploy (owner-approved plan), then resubmit sitemap",Medium — GSC membership is historical/inferred; live technical facts are high-confidence,Low — acting on a stale DNI label wastes effort; medium for the duplicate-intent group where premature indexing amplifies pattern exposure,Yes
/areas/harlur,UNVERIFIED — no GSC export supplied (see 08-original-export-inventory.csv); GSC API not connected,200,https://ridencare.co.in/areas/harlur,No,15 of 479 pages,Self-consistent (canonical == live URL),Basic-tier template copy (generic for unconfirmed locality) — no unique priority guide,"Medium — generic template copy, no unique guide",Listed under DNI in the 2026-09-29 baseline while also listed in the sitemap; today it serves noindex so GSC classes it Excluded by noindex (intentional content gate),"Excluded by policy (serves noindex, observed 2026-10-09) — NOT intended for indexing now; see 10-noindex-intent-review.csv for the intent review",LEAVE EXCLUDED,Noindex by design and already absent from the sitemap — GSC historically listed it under DNI; do not index,"HISTORICAL_BASELINE (DNI attribution from docs/seo/31, 2026-09-29) + LIVE_HTTP_VERIFIED (status/canonical/sitemap/links observed 2026-10-09) + SOURCE_CODE_VERIFIED (HEAD 0735af2)",Keep noindex until content uplift + owner confirms priority tier (Q33),Medium — GSC membership is historical/inferred; live technical facts are high-confidence,Low — acting on a stale DNI label wastes effort; medium for the duplicate-intent group where premature indexing amplifies pattern exposure,No
/areas/singasandra,UNVERIFIED — no GSC export supplied (see 08-original-export-inventory.csv); GSC API not connected,200,https://ridencare.co.in/areas/singasandra,No,15 of 479 pages,Self-consistent (canonical == live URL),Basic-tier template copy (generic for unconfirmed locality) — no unique priority guide,"Medium — generic template copy, no unique guide",Listed under DNI in the 2026-09-29 baseline while also listed in the sitemap; today it serves noindex so GSC classes it Excluded by noindex (intentional content gate),"Excluded by policy (serves noindex, observed 2026-10-09) — NOT intended for indexing now; see 10-noindex-intent-review.csv for the intent review",LEAVE EXCLUDED,Noindex by design and already absent from the sitemap — GSC historically listed it under DNI; do not index,"HISTORICAL_BASELINE (DNI attribution from docs/seo/31, 2026-09-29) + LIVE_HTTP_VERIFIED (status/canonical/sitemap/links observed 2026-10-09) + SOURCE_CODE_VERIFIED (HEAD 0735af2)",Keep noindex until content uplift + owner confirms priority tier (Q33),Medium — GSC membership is historical/inferred; live technical facts are high-confidence,Low — acting on a stale DNI label wastes effort; medium for the duplicate-intent group where premature indexing amplifies pattern exposure,No
/areas/parappana-agrahara,UNVERIFIED — no GSC export supplied (see 08-original-export-inventory.csv); GSC API not connected,200,https://ridencare.co.in/areas/parappana-agrahara,No,14 of 479 pages,Self-consistent (canonical == live URL),Basic-tier template copy (generic for unconfirmed locality) — no unique priority guide,"Medium — generic template copy, no unique guide",Listed under DNI in the 2026-09-29 baseline while also listed in the sitemap; today it serves noindex so GSC classes it Excluded by noindex (intentional content gate),"Excluded by policy (serves noindex, observed 2026-10-09) — NOT intended for indexing now; see 10-noindex-intent-review.csv for the intent review",LEAVE EXCLUDED,Noindex by design and already absent from the sitemap — GSC historically listed it under DNI; do not index,"HISTORICAL_BASELINE (DNI attribution from docs/seo/31, 2026-09-29) + LIVE_HTTP_VERIFIED (status/canonical/sitemap/links observed 2026-10-09) + SOURCE_CODE_VERIFIED (HEAD 0735af2)",Keep noindex until content uplift + owner confirms priority tier (Q33),Medium — GSC membership is historical/inferred; live technical facts are high-confidence,Low — acting on a stale DNI label wastes effort; medium for the duplicate-intent group where premature indexing amplifies pattern exposure,No
/areas/choodasandra,UNVERIFIED — no GSC export supplied (see 08-original-export-inventory.csv); GSC API not connected,200,https://ridencare.co.in/areas/choodasandra,No,13 of 479 pages,Self-consistent (canonical == live URL),Basic-tier template copy (generic for unconfirmed locality) — no unique priority guide,"Medium — generic template copy, no unique guide",Listed under DNI in the 2026-09-29 baseline while also listed in the sitemap; today it serves noindex so GSC classes it Excluded by noindex (intentional content gate),"Excluded by policy (serves noindex, observed 2026-10-09) — NOT intended for indexing now; see 10-noindex-intent-review.csv for the intent review",LEAVE EXCLUDED,Noindex by design and already absent from the sitemap — GSC historically listed it under DNI; do not index,"HISTORICAL_BASELINE (DNI attribution from docs/seo/31, 2026-09-29) + LIVE_HTTP_VERIFIED (status/canonical/sitemap/links observed 2026-10-09) + SOURCE_CODE_VERIFIED (HEAD 0735af2)",Keep noindex until content uplift + owner confirms priority tier (Q33),Medium — GSC membership is historical/inferred; live technical facts are high-confidence,Low — acting on a stale DNI label wastes effort; medium for the duplicate-intent group where premature indexing amplifies pattern exposure,No
/areas/kalyan-nagar,UNVERIFIED — no GSC export supplied (see 08-original-export-inventory.csv); GSC API not connected,200,https://ridencare.co.in/areas/kalyan-nagar,No,37 of 479 pages,Self-consistent (canonical == live URL),Basic-tier template copy (generic for unconfirmed locality) — no unique priority guide,"Medium — generic template copy, no unique guide",Listed under DNI in the 2026-09-29 baseline while also listed in the sitemap; today it serves noindex so GSC classes it Excluded by noindex (intentional content gate),"Excluded by policy (serves noindex, observed 2026-10-09) — NOT intended for indexing now; see 10-noindex-intent-review.csv for the intent review",LEAVE EXCLUDED,Noindex by design and already absent from the sitemap — GSC historically listed it under DNI; do not index,"HISTORICAL_BASELINE (DNI attribution from docs/seo/31, 2026-09-29) + LIVE_HTTP_VERIFIED (status/canonical/sitemap/links observed 2026-10-09) + SOURCE_CODE_VERIFIED (HEAD 0735af2)",Keep noindex until content uplift + owner confirms priority tier (Q33),Medium — GSC membership is historical/inferred; live technical facts are high-confidence,Low — acting on a stale DNI label wastes effort; medium for the duplicate-intent group where premature indexing amplifies pattern exposure,No
/areas/mahadevapura,UNVERIFIED — no GSC export supplied (see 08-original-export-inventory.csv); GSC API not connected,200,https://ridencare.co.in/areas/mahadevapura,No,20 of 479 pages,Self-consistent (canonical == live URL),Basic-tier template copy (generic for unconfirmed locality) — no unique priority guide,"Medium — generic template copy, no unique guide",Listed under DNI in the 2026-09-29 baseline while also listed in the sitemap; today it serves noindex so GSC classes it Excluded by noindex (intentional content gate),"Not indexable today (serves noindex); intended to become indexable only via the owner-approved P0 deploy, then resubmit the sitemap",CHANGE PENDING APPROVED P0 DEPLOY,"noindex today; becomes indexable only via the owner-approved P0 deploy, then resubmit sitemap","HISTORICAL_BASELINE (DNI attribution from docs/seo/31, 2026-09-29) + LIVE_HTTP_VERIFIED (status/canonical/sitemap/links observed 2026-10-09) + SOURCE_CODE_VERIFIED (HEAD 0735af2)","Flip to indexable on the P0 deploy (owner-approved plan), then resubmit sitemap",Medium — GSC membership is historical/inferred; live technical facts are high-confidence,Low — acting on a stale DNI label wastes effort; medium for the duplicate-intent group where premature indexing amplifies pattern exposure,Yes
/areas/kr-puram,UNVERIFIED — no GSC export supplied (see 08-original-export-inventory.csv); GSC API not connected,200,https://ridencare.co.in/areas/kr-puram,No,14 of 479 pages,Self-consistent (canonical == live URL),Basic-tier template copy (generic for unconfirmed locality) — no unique priority guide,"Medium — generic template copy, no unique guide",Listed under DNI in the 2026-09-29 baseline while also listed in the sitemap; today it serves noindex so GSC classes it Excluded by noindex (intentional content gate),"Not indexable today (serves noindex); intended to become indexable only via the owner-approved P0 deploy, then resubmit the sitemap",CHANGE PENDING APPROVED P0 DEPLOY,"noindex today; becomes indexable only via the owner-approved P0 deploy, then resubmit sitemap","HISTORICAL_BASELINE (DNI attribution from docs/seo/31, 2026-09-29) + LIVE_HTTP_VERIFIED (status/canonical/sitemap/links observed 2026-10-09) + SOURCE_CODE_VERIFIED (HEAD 0735af2)","Flip to indexable on the P0 deploy (owner-approved plan), then resubmit sitemap",Medium — GSC membership is historical/inferred; live technical facts are high-confidence,Low — acting on a stale DNI label wastes effort; medium for the duplicate-intent group where premature indexing amplifies pattern exposure,Yes
/areas/hal,UNVERIFIED — no GSC export supplied (see 08-original-export-inventory.csv); GSC API not connected,200,https://ridencare.co.in/areas/hal,No,14 of 479 pages,Self-consistent (canonical == live URL),Basic-tier template copy (generic for unconfirmed locality) — no unique priority guide,"Medium — generic template copy, no unique guide",Listed under DNI in the 2026-09-29 baseline while also listed in the sitemap; today it serves noindex so GSC classes it Excluded by noindex (intentional content gate),"Excluded by policy (serves noindex, observed 2026-10-09) — NOT intended for indexing now; see 10-noindex-intent-review.csv for the intent review",LEAVE EXCLUDED,Noindex by design and already absent from the sitemap — GSC historically listed it under DNI; do not index,"HISTORICAL_BASELINE (DNI attribution from docs/seo/31, 2026-09-29) + LIVE_HTTP_VERIFIED (status/canonical/sitemap/links observed 2026-10-09) + SOURCE_CODE_VERIFIED (HEAD 0735af2)",Keep noindex until content uplift + owner confirms priority tier (Q33),Medium — GSC membership is historical/inferred; live technical facts are high-confidence,Low — acting on a stale DNI label wastes effort; medium for the duplicate-intent group where premature indexing amplifies pattern exposure,No
/areas/brookefield,UNVERIFIED — no GSC export supplied (see 08-original-export-inventory.csv); GSC API not connected,200,https://ridencare.co.in/areas/brookefield,No,14 of 479 pages,Self-consistent (canonical == live URL),Basic-tier template copy (generic for unconfirmed locality) — no unique priority guide,"Medium — generic template copy, no unique guide",Listed under DNI in the 2026-09-29 baseline while also listed in the sitemap; today it serves noindex so GSC classes it Excluded by noindex (intentional content gate),"Excluded by policy (serves noindex, observed 2026-10-09) — NOT intended for indexing now; see 10-noindex-intent-review.csv for the intent review",LEAVE EXCLUDED,Noindex by design and already absent from the sitemap — GSC historically listed it under DNI; do not index,"HISTORICAL_BASELINE (DNI attribution from docs/seo/31, 2026-09-29) + LIVE_HTTP_VERIFIED (status/canonical/sitemap/links observed 2026-10-09) + SOURCE_CODE_VERIFIED (HEAD 0735af2)",Keep noindex until content uplift + owner confirms priority tier (Q33),Medium — GSC membership is historical/inferred; live technical facts are high-confidence,Low — acting on a stale DNI label wastes effort; medium for the duplicate-intent group where premature indexing amplifies pattern exposure,No
/bike-service/bellandur,UNVERIFIED — no GSC export supplied (see 08-original-export-inventory.csv); GSC API not connected,200,https://ridencare.co.in/bike-service/bellandur,Yes,21 of 479 pages,Self-consistent (canonical == live URL),"Shared renderer src/routes/$service.$area.tsx: service-level FAQs, body substantially identical across bike/motorcycle/doorstep services for the same area (docs/seo/31 §3c); title/H1/canonical/schema are unique",High — body substantially identical across sibling service pages,Discovery without crawl priority: body-level duplication across sibling services lowers perceived value; live uniqueness check found 10/136 priority pairs >60% similar (all involve undeployed P0 pages),"Indexable today (200, no noindex, in sitemap); intended indexing decision deferred pending the owner's content decision on duplicate intent",OWNER DECISION — DIFFERENTIATE OR CONSOLIDATE,Duplicate-intent risk from the shared $service.$area renderer; evaluate existing pages before any new URL or canonical change,"HISTORICAL_BASELINE (DNI attribution from docs/seo/31, 2026-09-29) + LIVE_HTTP_VERIFIED (status/canonical/sitemap/links observed 2026-10-09) + SOURCE_CODE_VERIFIED (HEAD 0735af2)",Owner decision: add 2–3 locality FAQs per pair (model: src/lib/car-area-content.ts) before pushing indexing; no canonical changes,Medium — GSC membership is historical/inferred; live technical facts are high-confidence,Low — acting on a stale DNI label wastes effort; medium for the duplicate-intent group where premature indexing amplifies pattern exposure,Yes
/bike-service/btm-layout,UNVERIFIED — no GSC export supplied (see 08-original-export-inventory.csv); GSC API not connected,200,https://ridencare.co.in/bike-service/btm-layout,Yes,24 of 479 pages,Self-consistent (canonical == live URL),"Shared renderer src/routes/$service.$area.tsx: service-level FAQs, body substantially identical across bike/motorcycle/doorstep services for the same area (docs/seo/31 §3c); title/H1/canonical/schema are unique",High — body substantially identical across sibling service pages,Discovery without crawl priority: body-level duplication across sibling services lowers perceived value; live uniqueness check found 10/136 priority pairs >60% similar (all involve undeployed P0 pages),"Indexable today (200, no noindex, in sitemap); intended indexing decision deferred pending the owner's content decision on duplicate intent",OWNER DECISION — DIFFERENTIATE OR CONSOLIDATE,Duplicate-intent risk from the shared $service.$area renderer; evaluate existing pages before any new URL or canonical change,"HISTORICAL_BASELINE (DNI attribution from docs/seo/31, 2026-09-29) + LIVE_HTTP_VERIFIED (status/canonical/sitemap/links observed 2026-10-09) + SOURCE_CODE_VERIFIED (HEAD 0735af2)",Owner decision: add 2–3 locality FAQs per pair (model: src/lib/car-area-content.ts) before pushing indexing; no canonical changes,Medium — GSC membership is historical/inferred; live technical facts are high-confidence,Low — acting on a stale DNI label wastes effort; medium for the duplicate-intent group where premature indexing amplifies pattern exposure,Yes
/bike-service/electronic-city,UNVERIFIED — no GSC export supplied (see 08-original-export-inventory.csv); GSC API not connected,200,https://ridencare.co.in/bike-service/electronic-city,Yes,17 of 479 pages,Self-consistent (canonical == live URL),"Shared renderer src/routes/$service.$area.tsx: service-level FAQs, body substantially identical across bike/motorcycle/doorstep services for the same area (docs/seo/31 §3c); title/H1/canonical/schema are unique",High — body substantially identical across sibling service pages,Discovery without crawl priority: body-level duplication across sibling services lowers perceived value; live uniqueness check found 10/136 priority pairs >60% similar (all involve undeployed P0 pages),"Indexable today (200, no noindex, in sitemap); intended indexing decision deferred pending the owner's content decision on duplicate intent",OWNER DECISION — DIFFERENTIATE OR CONSOLIDATE,Duplicate-intent risk from the shared $service.$area renderer; evaluate existing pages before any new URL or canonical change,"HISTORICAL_BASELINE (DNI attribution from docs/seo/31, 2026-09-29) + LIVE_HTTP_VERIFIED (status/canonical/sitemap/links observed 2026-10-09) + SOURCE_CODE_VERIFIED (HEAD 0735af2)",Owner decision: add 2–3 locality FAQs per pair (model: src/lib/car-area-content.ts) before pushing indexing; no canonical changes,Medium — GSC membership is historical/inferred; live technical facts are high-confidence,Low — acting on a stale DNI label wastes effort; medium for the duplicate-intent group where premature indexing amplifies pattern exposure,Yes
/bike-service/hebbal,UNVERIFIED — no GSC export supplied (see 08-original-export-inventory.csv); GSC API not connected,200,https://ridencare.co.in/bike-service/hebbal,Yes,9 of 479 pages,Self-consistent (canonical == live URL),"Shared renderer src/routes/$service.$area.tsx: service-level FAQs, body substantially identical across bike/motorcycle/doorstep services for the same area (docs/seo/31 §3c); title/H1/canonical/schema are unique",High — body substantially identical across sibling service pages,Discovery without crawl priority: body-level duplication across sibling services lowers perceived value; live uniqueness check found 10/136 priority pairs >60% similar (all involve undeployed P0 pages),"Indexable today (200, no noindex, in sitemap); intended indexing decision deferred pending the owner's content decision on duplicate intent",OWNER DECISION — DIFFERENTIATE OR CONSOLIDATE,Duplicate-intent risk from the shared $service.$area renderer; evaluate existing pages before any new URL or canonical change,"HISTORICAL_BASELINE (DNI attribution from docs/seo/31, 2026-09-29) + LIVE_HTTP_VERIFIED (status/canonical/sitemap/links observed 2026-10-09) + SOURCE_CODE_VERIFIED (HEAD 0735af2)",Owner decision: add 2–3 locality FAQs per pair (model: src/lib/car-area-content.ts) before pushing indexing; no canonical changes,Medium — GSC membership is historical/inferred; live technical facts are high-confidence,Low — acting on a stale DNI label wastes effort; medium for the duplicate-intent group where premature indexing amplifies pattern exposure,Yes
/bike-service/hsr-layout,UNVERIFIED — no GSC export supplied (see 08-original-export-inventory.csv); GSC API not connected,200,https://ridencare.co.in/bike-service/hsr-layout,Yes,26 of 479 pages,Self-consistent (canonical == live URL),"Shared renderer src/routes/$service.$area.tsx: service-level FAQs, body substantially identical across bike/motorcycle/doorstep services for the same area (docs/seo/31 §3c); title/H1/canonical/schema are unique",High — body substantially identical across sibling service pages,Discovery without crawl priority: body-level duplication across sibling services lowers perceived value; live uniqueness check found 10/136 priority pairs >60% similar (all involve undeployed P0 pages),"Indexable today (200, no noindex, in sitemap); intended indexing decision deferred pending the owner's content decision on duplicate intent",OWNER DECISION — DIFFERENTIATE OR CONSOLIDATE,Duplicate-intent risk from the shared $service.$area renderer; evaluate existing pages before any new URL or canonical change,"HISTORICAL_BASELINE (DNI attribution from docs/seo/31, 2026-09-29) + LIVE_HTTP_VERIFIED (status/canonical/sitemap/links observed 2026-10-09) + SOURCE_CODE_VERIFIED (HEAD 0735af2)",Owner decision: add 2–3 locality FAQs per pair (model: src/lib/car-area-content.ts) before pushing indexing; no canonical changes,Medium — GSC membership is historical/inferred; live technical facts are high-confidence,Low — acting on a stale DNI label wastes effort; medium for the duplicate-intent group where premature indexing amplifies pattern exposure,Yes
/bike-service/indiranagar,UNVERIFIED — no GSC export supplied (see 08-original-export-inventory.csv); GSC API not connected,200,https://ridencare.co.in/bike-service/indiranagar,Yes,23 of 479 pages,Self-consistent (canonical == live URL),"Shared renderer src/routes/$service.$area.tsx: service-level FAQs, body substantially identical across bike/motorcycle/doorstep services for the same area (docs/seo/31 §3c); title/H1/canonical/schema are unique",High — body substantially identical across sibling service pages,Discovery without crawl priority: body-level duplication across sibling services lowers perceived value; live uniqueness check found 10/136 priority pairs >60% similar (all involve undeployed P0 pages),"Indexable today (200, no noindex, in sitemap); intended indexing decision deferred pending the owner's content decision on duplicate intent",OWNER DECISION — DIFFERENTIATE OR CONSOLIDATE,Duplicate-intent risk from the shared $service.$area renderer; evaluate existing pages before any new URL or canonical change,"HISTORICAL_BASELINE (DNI attribution from docs/seo/31, 2026-09-29) + LIVE_HTTP_VERIFIED (status/canonical/sitemap/links observed 2026-10-09) + SOURCE_CODE_VERIFIED (HEAD 0735af2)",Owner decision: add 2–3 locality FAQs per pair (model: src/lib/car-area-content.ts) before pushing indexing; no canonical changes,Medium — GSC membership is historical/inferred; live technical facts are high-confidence,Low — acting on a stale DNI label wastes effort; medium for the duplicate-intent group where premature indexing amplifies pattern exposure,Yes
/bike-service/jayanagar,UNVERIFIED — no GSC export supplied (see 08-original-export-inventory.csv); GSC API not connected,200,https://ridencare.co.in/bike-service/jayanagar,Yes,20 of 479 pages,Self-consistent (canonical == live URL),"Shared renderer src/routes/$service.$area.tsx: service-level FAQs, body substantially identical across bike/motorcycle/doorstep services for the same area (docs/seo/31 §3c); title/H1/canonical/schema are unique",High — body substantially identical across sibling service pages,Discovery without crawl priority: body-level duplication across sibling services lowers perceived value; live uniqueness check found 10/136 priority pairs >60% similar (all involve undeployed P0 pages),"Indexable today (200, no noindex, in sitemap); intended indexing decision deferred pending the owner's content decision on duplicate intent",OWNER DECISION — DIFFERENTIATE OR CONSOLIDATE,Duplicate-intent risk from the shared $service.$area renderer; evaluate existing pages before any new URL or canonical change,"HISTORICAL_BASELINE (DNI attribution from docs/seo/31, 2026-09-29) + LIVE_HTTP_VERIFIED (status/canonical/sitemap/links observed 2026-10-09) + SOURCE_CODE_VERIFIED (HEAD 0735af2)",Owner decision: add 2–3 locality FAQs per pair (model: src/lib/car-area-content.ts) before pushing indexing; no canonical changes,Medium — GSC membership is historical/inferred; live technical facts are high-confidence,Low — acting on a stale DNI label wastes effort; medium for the duplicate-intent group where premature indexing amplifies pattern exposure,Yes
/bike-service/jp-nagar,UNVERIFIED — no GSC export supplied (see 08-original-export-inventory.csv); GSC API not connected,200,https://ridencare.co.in/bike-service/jp-nagar,Yes,18 of 479 pages,Self-consistent (canonical == live URL),"Shared renderer src/routes/$service.$area.tsx: service-level FAQs, body substantially identical across bike/motorcycle/doorstep services for the same area (docs/seo/31 §3c); title/H1/canonical/schema are unique",High — body substantially identical across sibling service pages,Discovery without crawl priority: body-level duplication across sibling services lowers perceived value; live uniqueness check found 10/136 priority pairs >60% similar (all involve undeployed P0 pages),"Indexable today (200, no noindex, in sitemap); intended indexing decision deferred pending the owner's content decision on duplicate intent",OWNER DECISION — DIFFERENTIATE OR CONSOLIDATE,Duplicate-intent risk from the shared $service.$area renderer; evaluate existing pages before any new URL or canonical change,"HISTORICAL_BASELINE (DNI attribution from docs/seo/31, 2026-09-29) + LIVE_HTTP_VERIFIED (status/canonical/sitemap/links observed 2026-10-09) + SOURCE_CODE_VERIFIED (HEAD 0735af2)",Owner decision: add 2–3 locality FAQs per pair (model: src/lib/car-area-content.ts) before pushing indexing; no canonical changes,Medium — GSC membership is historical/inferred; live technical facts are high-confidence,Low — acting on a stale DNI label wastes effort; medium for the duplicate-intent group where premature indexing amplifies pattern exposure,Yes
/bike-service/koramangala,UNVERIFIED — no GSC export supplied (see 08-original-export-inventory.csv); GSC API not connected,200,https://ridencare.co.in/bike-service/koramangala,Yes,25 of 479 pages,Self-consistent (canonical == live URL),"Shared renderer src/routes/$service.$area.tsx: service-level FAQs, body substantially identical across bike/motorcycle/doorstep services for the same area (docs/seo/31 §3c); title/H1/canonical/schema are unique",High — body substantially identical across sibling service pages,Discovery without crawl priority: body-level duplication across sibling services lowers perceived value; live uniqueness check found 10/136 priority pairs >60% similar (all involve undeployed P0 pages),"Indexable today (200, no noindex, in sitemap); intended indexing decision deferred pending the owner's content decision on duplicate intent",OWNER DECISION — DIFFERENTIATE OR CONSOLIDATE,Duplicate-intent risk from the shared $service.$area renderer; evaluate existing pages before any new URL or canonical change,"HISTORICAL_BASELINE (DNI attribution from docs/seo/31, 2026-09-29) + LIVE_HTTP_VERIFIED (status/canonical/sitemap/links observed 2026-10-09) + SOURCE_CODE_VERIFIED (HEAD 0735af2)",Owner decision: add 2–3 locality FAQs per pair (model: src/lib/car-area-content.ts) before pushing indexing; no canonical changes,Medium — GSC membership is historical/inferred; live technical facts are high-confidence,Low — acting on a stale DNI label wastes effort; medium for the duplicate-intent group where premature indexing amplifies pattern exposure,Yes
/bike-service/marathahalli,UNVERIFIED — no GSC export supplied (see 08-original-export-inventory.csv); GSC API not connected,200,https://ridencare.co.in/bike-service/marathahalli,Yes,21 of 479 pages,Self-consistent (canonical == live URL),"Shared renderer src/routes/$service.$area.tsx: service-level FAQs, body substantially identical across bike/motorcycle/doorstep services for the same area (docs/seo/31 §3c); title/H1/canonical/schema are unique",High — body substantially identical across sibling service pages,Discovery without crawl priority: body-level duplication across sibling services lowers perceived value; live uniqueness check found 10/136 priority pairs >60% similar (all involve undeployed P0 pages),"Indexable today (200, no noindex, in sitemap); intended indexing decision deferred pending the owner's content decision on duplicate intent",OWNER DECISION — DIFFERENTIATE OR CONSOLIDATE,Duplicate-intent risk from the shared $service.$area renderer; evaluate existing pages before any new URL or canonical change,"HISTORICAL_BASELINE (DNI attribution from docs/seo/31, 2026-09-29) + LIVE_HTTP_VERIFIED (status/canonical/sitemap/links observed 2026-10-09) + SOURCE_CODE_VERIFIED (HEAD 0735af2)",Owner decision: add 2–3 locality FAQs per pair (model: src/lib/car-area-content.ts) before pushing indexing; no canonical changes,Medium — GSC membership is historical/inferred; live technical facts are high-confidence,Low — acting on a stale DNI label wastes effort; medium for the duplicate-intent group where premature indexing amplifies pattern exposure,Yes
/bike-service/sarjapur-road,UNVERIFIED — no GSC export supplied (see 08-original-export-inventory.csv); GSC API not connected,200,https://ridencare.co.in/bike-service/sarjapur-road,Yes,17 of 479 pages,Self-consistent (canonical == live URL),"Shared renderer src/routes/$service.$area.tsx: service-level FAQs, body substantially identical across bike/motorcycle/doorstep services for the same area (docs/seo/31 §3c); title/H1/canonical/schema are unique",High — body substantially identical across sibling service pages,Discovery without crawl priority: body-level duplication across sibling services lowers perceived value; live uniqueness check found 10/136 priority pairs >60% similar (all involve undeployed P0 pages),"Indexable today (200, no noindex, in sitemap); intended indexing decision deferred pending the owner's content decision on duplicate intent",OWNER DECISION — DIFFERENTIATE OR CONSOLIDATE,Duplicate-intent risk from the shared $service.$area renderer; evaluate existing pages before any new URL or canonical change,"HISTORICAL_BASELINE (DNI attribution from docs/seo/31, 2026-09-29) + LIVE_HTTP_VERIFIED (status/canonical/sitemap/links observed 2026-10-09) + SOURCE_CODE_VERIFIED (HEAD 0735af2)",Owner decision: add 2–3 locality FAQs per pair (model: src/lib/car-area-content.ts) before pushing indexing; no canonical changes,Medium — GSC membership is historical/inferred; live technical facts are high-confidence,Low — acting on a stale DNI label wastes effort; medium for the duplicate-intent group where premature indexing amplifies pattern exposure,Yes
/bike-service/whitefield,UNVERIFIED — no GSC export supplied (see 08-original-export-inventory.csv); GSC API not connected,200,https://ridencare.co.in/bike-service/whitefield,Yes,21 of 479 pages,Self-consistent (canonical == live URL),"Shared renderer src/routes/$service.$area.tsx: service-level FAQs, body substantially identical across bike/motorcycle/doorstep services for the same area (docs/seo/31 §3c); title/H1/canonical/schema are unique",High — body substantially identical across sibling service pages,Discovery without crawl priority: body-level duplication across sibling services lowers perceived value; live uniqueness check found 10/136 priority pairs >60% similar (all involve undeployed P0 pages),"Indexable today (200, no noindex, in sitemap); intended indexing decision deferred pending the owner's content decision on duplicate intent",OWNER DECISION — DIFFERENTIATE OR CONSOLIDATE,Duplicate-intent risk from the shared $service.$area renderer; evaluate existing pages before any new URL or canonical change,"HISTORICAL_BASELINE (DNI attribution from docs/seo/31, 2026-09-29) + LIVE_HTTP_VERIFIED (status/canonical/sitemap/links observed 2026-10-09) + SOURCE_CODE_VERIFIED (HEAD 0735af2)",Owner decision: add 2–3 locality FAQs per pair (model: src/lib/car-area-content.ts) before pushing indexing; no canonical changes,Medium — GSC membership is historical/inferred; live technical facts are high-confidence,Low — acting on a stale DNI label wastes effort; medium for the duplicate-intent group where premature indexing amplifies pattern exposure,Yes
/motorcycle-service/bellandur,UNVERIFIED — no GSC export supplied (see 08-original-export-inventory.csv); GSC API not connected,200,https://ridencare.co.in/motorcycle-service/bellandur,Yes,19 of 479 pages,Self-consistent (canonical == live URL),"Shared renderer src/routes/$service.$area.tsx: service-level FAQs, body substantially identical across bike/motorcycle/doorstep services for the same area (docs/seo/31 §3c); title/H1/canonical/schema are unique",High — body substantially identical across sibling service pages,Discovery without crawl priority: body-level duplication across sibling services lowers perceived value; live uniqueness check found 10/136 priority pairs >60% similar (all involve undeployed P0 pages),"Indexable today (200, no noindex, in sitemap); intended indexing decision deferred pending the owner's content decision on duplicate intent",OWNER DECISION — DIFFERENTIATE OR CONSOLIDATE,Duplicate-intent risk from the shared $service.$area renderer; evaluate existing pages before any new URL or canonical change,"HISTORICAL_BASELINE (DNI attribution from docs/seo/31, 2026-09-29) + LIVE_HTTP_VERIFIED (status/canonical/sitemap/links observed 2026-10-09) + SOURCE_CODE_VERIFIED (HEAD 0735af2)",Owner decision: add 2–3 locality FAQs per pair (model: src/lib/car-area-content.ts) before pushing indexing; no canonical changes,Medium — GSC membership is historical/inferred; live technical facts are high-confidence,Low — acting on a stale DNI label wastes effort; medium for the duplicate-intent group where premature indexing amplifies pattern exposure,Yes
/motorcycle-service/btm-layout,UNVERIFIED — no GSC export supplied (see 08-original-export-inventory.csv); GSC API not connected,200,https://ridencare.co.in/motorcycle-service/btm-layout,Yes,20 of 479 pages,Self-consistent (canonical == live URL),"Shared renderer src/routes/$service.$area.tsx: service-level FAQs, body substantially identical across bike/motorcycle/doorstep services for the same area (docs/seo/31 §3c); title/H1/canonical/schema are unique",High — body substantially identical across sibling service pages,Discovery without crawl priority: body-level duplication across sibling services lowers perceived value; live uniqueness check found 10/136 priority pairs >60% similar (all involve undeployed P0 pages),"Indexable today (200, no noindex, in sitemap); intended indexing decision deferred pending the owner's content decision on duplicate intent",OWNER DECISION — DIFFERENTIATE OR CONSOLIDATE,Duplicate-intent risk from the shared $service.$area renderer; evaluate existing pages before any new URL or canonical change,"HISTORICAL_BASELINE (DNI attribution from docs/seo/31, 2026-09-29) + LIVE_HTTP_VERIFIED (status/canonical/sitemap/links observed 2026-10-09) + SOURCE_CODE_VERIFIED (HEAD 0735af2)",Owner decision: add 2–3 locality FAQs per pair (model: src/lib/car-area-content.ts) before pushing indexing; no canonical changes,Medium — GSC membership is historical/inferred; live technical facts are high-confidence,Low — acting on a stale DNI label wastes effort; medium for the duplicate-intent group where premature indexing amplifies pattern exposure,Yes
/motorcycle-service/electronic-city,UNVERIFIED — no GSC export supplied (see 08-original-export-inventory.csv); GSC API not connected,200,https://ridencare.co.in/motorcycle-service/electronic-city,Yes,13 of 479 pages,Self-consistent (canonical == live URL),"Shared renderer src/routes/$service.$area.tsx: service-level FAQs, body substantially identical across bike/motorcycle/doorstep services for the same area (docs/seo/31 §3c); title/H1/canonical/schema are unique",High — body substantially identical across sibling service pages,Discovery without crawl priority: body-level duplication across sibling services lowers perceived value; live uniqueness check found 10/136 priority pairs >60% similar (all involve undeployed P0 pages),"Indexable today (200, no noindex, in sitemap); intended indexing decision deferred pending the owner's content decision on duplicate intent",OWNER DECISION — DIFFERENTIATE OR CONSOLIDATE,Duplicate-intent risk from the shared $service.$area renderer; evaluate existing pages before any new URL or canonical change,"HISTORICAL_BASELINE (DNI attribution from docs/seo/31, 2026-09-29) + LIVE_HTTP_VERIFIED (status/canonical/sitemap/links observed 2026-10-09) + SOURCE_CODE_VERIFIED (HEAD 0735af2)",Owner decision: add 2–3 locality FAQs per pair (model: src/lib/car-area-content.ts) before pushing indexing; no canonical changes,Medium — GSC membership is historical/inferred; live technical facts are high-confidence,Low — acting on a stale DNI label wastes effort; medium for the duplicate-intent group where premature indexing amplifies pattern exposure,Yes
/motorcycle-service/hebbal,UNVERIFIED — no GSC export supplied (see 08-original-export-inventory.csv); GSC API not connected,200,https://ridencare.co.in/motorcycle-service/hebbal,Yes,7 of 479 pages,Self-consistent (canonical == live URL),"Shared renderer src/routes/$service.$area.tsx: service-level FAQs, body substantially identical across bike/motorcycle/doorstep services for the same area (docs/seo/31 §3c); title/H1/canonical/schema are unique",High — body substantially identical across sibling service pages,Discovery without crawl priority: body-level duplication across sibling services lowers perceived value; live uniqueness check found 10/136 priority pairs >60% similar (all involve undeployed P0 pages),"Indexable today (200, no noindex, in sitemap); intended indexing decision deferred pending the owner's content decision on duplicate intent",OWNER DECISION — DIFFERENTIATE OR CONSOLIDATE,Duplicate-intent risk from the shared $service.$area renderer; evaluate existing pages before any new URL or canonical change,"HISTORICAL_BASELINE (DNI attribution from docs/seo/31, 2026-09-29) + LIVE_HTTP_VERIFIED (status/canonical/sitemap/links observed 2026-10-09) + SOURCE_CODE_VERIFIED (HEAD 0735af2)",Owner decision: add 2–3 locality FAQs per pair (model: src/lib/car-area-content.ts) before pushing indexing; no canonical changes,Medium — GSC membership is historical/inferred; live technical facts are high-confidence,Low — acting on a stale DNI label wastes effort; medium for the duplicate-intent group where premature indexing amplifies pattern exposure,Yes
/motorcycle-service/hsr-layout,UNVERIFIED — no GSC export supplied (see 08-original-export-inventory.csv); GSC API not connected,200,https://ridencare.co.in/motorcycle-service/hsr-layout,Yes,22 of 479 pages,Self-consistent (canonical == live URL),"Shared renderer src/routes/$service.$area.tsx: service-level FAQs, body substantially identical across bike/motorcycle/doorstep services for the same area (docs/seo/31 §3c); title/H1/canonical/schema are unique",High — body substantially identical across sibling service pages,Discovery without crawl priority: body-level duplication across sibling services lowers perceived value; live uniqueness check found 10/136 priority pairs >60% similar (all involve undeployed P0 pages),"Indexable today (200, no noindex, in sitemap); intended indexing decision deferred pending the owner's content decision on duplicate intent",OWNER DECISION — DIFFERENTIATE OR CONSOLIDATE,Duplicate-intent risk from the shared $service.$area renderer; evaluate existing pages before any new URL or canonical change,"HISTORICAL_BASELINE (DNI attribution from docs/seo/31, 2026-09-29) + LIVE_HTTP_VERIFIED (status/canonical/sitemap/links observed 2026-10-09) + SOURCE_CODE_VERIFIED (HEAD 0735af2)",Owner decision: add 2–3 locality FAQs per pair (model: src/lib/car-area-content.ts) before pushing indexing; no canonical changes,Medium — GSC membership is historical/inferred; live technical facts are high-confidence,Low — acting on a stale DNI label wastes effort; medium for the duplicate-intent group where premature indexing amplifies pattern exposure,Yes
/motorcycle-service/indiranagar,UNVERIFIED — no GSC export supplied (see 08-original-export-inventory.csv); GSC API not connected,307,https://ridencare.co.in/motorcycle-service/indiranagar,Yes,0 direct (non-slash variant: 21 of 479),Self-consistent (canonical == live URL),"Shared renderer src/routes/$service.$area.tsx: service-level FAQs, body substantially identical across bike/motorcycle/doorstep services for the same area (docs/seo/31 §3c); title/H1/canonical/schema are unique",High — body substantially identical across sibling service pages,Discovery without crawl priority: body-level duplication across sibling services lowers perceived value; live uniqueness check found 10/136 priority pairs >60% similar (all involve undeployed P0 pages),"Indexable today (200, no noindex, in sitemap); intended indexing decision deferred pending the owner's content decision on duplicate intent",OWNER DECISION — DIFFERENTIATE OR CONSOLIDATE,Duplicate-intent risk from the shared $service.$area renderer; evaluate existing pages before any new URL or canonical change,"HISTORICAL_BASELINE (DNI attribution from docs/seo/31, 2026-09-29) + LIVE_HTTP_VERIFIED (status/canonical/sitemap/links observed 2026-10-09) + SOURCE_CODE_VERIFIED (HEAD 0735af2)",Owner decision: add 2–3 locality FAQs per pair (model: src/lib/car-area-content.ts) before pushing indexing; no canonical changes,Medium — GSC membership is historical/inferred; live technical facts are high-confidence,Low — acting on a stale DNI label wastes effort; medium for the duplicate-intent group where premature indexing amplifies pattern exposure,Yes
/motorcycle-service/jayanagar,UNVERIFIED — no GSC export supplied (see 08-original-export-inventory.csv); GSC API not connected,200,https://ridencare.co.in/motorcycle-service/jayanagar,Yes,16 of 479 pages,Self-consistent (canonical == live URL),"Shared renderer src/routes/$service.$area.tsx: service-level FAQs, body substantially identical across bike/motorcycle/doorstep services for the same area (docs/seo/31 §3c); title/H1/canonical/schema are unique",High — body substantially identical across sibling service pages,Discovery without crawl priority: body-level duplication across sibling services lowers perceived value; live uniqueness check found 10/136 priority pairs >60% similar (all involve undeployed P0 pages),"Indexable today (200, no noindex, in sitemap); intended indexing decision deferred pending the owner's content decision on duplicate intent",OWNER DECISION — DIFFERENTIATE OR CONSOLIDATE,Duplicate-intent risk from the shared $service.$area renderer; evaluate existing pages before any new URL or canonical change,"HISTORICAL_BASELINE (DNI attribution from docs/seo/31, 2026-09-29) + LIVE_HTTP_VERIFIED (status/canonical/sitemap/links observed 2026-10-09) + SOURCE_CODE_VERIFIED (HEAD 0735af2)",Owner decision: add 2–3 locality FAQs per pair (model: src/lib/car-area-content.ts) before pushing indexing; no canonical changes,Medium — GSC membership is historical/inferred; live technical facts are high-confidence,Low — acting on a stale DNI label wastes effort; medium for the duplicate-intent group where premature indexing amplifies pattern exposure,Yes
/motorcycle-service/jp-nagar,UNVERIFIED — no GSC export supplied (see 08-original-export-inventory.csv); GSC API not connected,200,https://ridencare.co.in/motorcycle-service/jp-nagar,Yes,14 of 479 pages,Self-consistent (canonical == live URL),"Shared renderer src/routes/$service.$area.tsx: service-level FAQs, body substantially identical across bike/motorcycle/doorstep services for the same area (docs/seo/31 §3c); title/H1/canonical/schema are unique",High — body substantially identical across sibling service pages,Discovery without crawl priority: body-level duplication across sibling services lowers perceived value; live uniqueness check found 10/136 priority pairs >60% similar (all involve undeployed P0 pages),"Indexable today (200, no noindex, in sitemap); intended indexing decision deferred pending the owner's content decision on duplicate intent",OWNER DECISION — DIFFERENTIATE OR CONSOLIDATE,Duplicate-intent risk from the shared $service.$area renderer; evaluate existing pages before any new URL or canonical change,"HISTORICAL_BASELINE (DNI attribution from docs/seo/31, 2026-09-29) + LIVE_HTTP_VERIFIED (status/canonical/sitemap/links observed 2026-10-09) + SOURCE_CODE_VERIFIED (HEAD 0735af2)",Owner decision: add 2–3 locality FAQs per pair (model: src/lib/car-area-content.ts) before pushing indexing; no canonical changes,Medium — GSC membership is historical/inferred; live technical facts are high-confidence,Low — acting on a stale DNI label wastes effort; medium for the duplicate-intent group where premature indexing amplifies pattern exposure,Yes
/motorcycle-service/koramangala,UNVERIFIED — no GSC export supplied (see 08-original-export-inventory.csv); GSC API not connected,200,https://ridencare.co.in/motorcycle-service/koramangala,Yes,21 of 479 pages,Self-consistent (canonical == live URL),"Shared renderer src/routes/$service.$area.tsx: service-level FAQs, body substantially identical across bike/motorcycle/doorstep services for the same area (docs/seo/31 §3c); title/H1/canonical/schema are unique",High — body substantially identical across sibling service pages,Discovery without crawl priority: body-level duplication across sibling services lowers perceived value; live uniqueness check found 10/136 priority pairs >60% similar (all involve undeployed P0 pages),"Indexable today (200, no noindex, in sitemap); intended indexing decision deferred pending the owner's content decision on duplicate intent",OWNER DECISION — DIFFERENTIATE OR CONSOLIDATE,Duplicate-intent risk from the shared $service.$area renderer; evaluate existing pages before any new URL or canonical change,"HISTORICAL_BASELINE (DNI attribution from docs/seo/31, 2026-09-29) + LIVE_HTTP_VERIFIED (status/canonical/sitemap/links observed 2026-10-09) + SOURCE_CODE_VERIFIED (HEAD 0735af2)",Owner decision: add 2–3 locality FAQs per pair (model: src/lib/car-area-content.ts) before pushing indexing; no canonical changes,Medium — GSC membership is historical/inferred; live technical facts are high-confidence,Low — acting on a stale DNI label wastes effort; medium for the duplicate-intent group where premature indexing amplifies pattern exposure,Yes
/motorcycle-service/marathahalli,UNVERIFIED — no GSC export supplied (see 08-original-export-inventory.csv); GSC API not connected,200,https://ridencare.co.in/motorcycle-service/marathahalli,Yes,19 of 479 pages,Self-consistent (canonical == live URL),"Shared renderer src/routes/$service.$area.tsx: service-level FAQs, body substantially identical across bike/motorcycle/doorstep services for the same area (docs/seo/31 §3c); title/H1/canonical/schema are unique",High — body substantially identical across sibling service pages,Discovery without crawl priority: body-level duplication across sibling services lowers perceived value; live uniqueness check found 10/136 priority pairs >60% similar (all involve undeployed P0 pages),"Indexable today (200, no noindex, in sitemap); intended indexing decision deferred pending the owner's content decision on duplicate intent",OWNER DECISION — DIFFERENTIATE OR CONSOLIDATE,Duplicate-intent risk from the shared $service.$area renderer; evaluate existing pages before any new URL or canonical change,"HISTORICAL_BASELINE (DNI attribution from docs/seo/31, 2026-09-29) + LIVE_HTTP_VERIFIED (status/canonical/sitemap/links observed 2026-10-09) + SOURCE_CODE_VERIFIED (HEAD 0735af2)",Owner decision: add 2–3 locality FAQs per pair (model: src/lib/car-area-content.ts) before pushing indexing; no canonical changes,Medium — GSC membership is historical/inferred; live technical facts are high-confidence,Low — acting on a stale DNI label wastes effort; medium for the duplicate-intent group where premature indexing amplifies pattern exposure,Yes
/motorcycle-service/sarjapur-road,UNVERIFIED — no GSC export supplied (see 08-original-export-inventory.csv); GSC API not connected,200,https://ridencare.co.in/motorcycle-service/sarjapur-road,Yes,15 of 479 pages,Self-consistent (canonical == live URL),"Shared renderer src/routes/$service.$area.tsx: service-level FAQs, body substantially identical across bike/motorcycle/doorstep services for the same area (docs/seo/31 §3c); title/H1/canonical/schema are unique",High — body substantially identical across sibling service pages,Discovery without crawl priority: body-level duplication across sibling services lowers perceived value; live uniqueness check found 10/136 priority pairs >60% similar (all involve undeployed P0 pages),"Indexable today (200, no noindex, in sitemap); intended indexing decision deferred pending the owner's content decision on duplicate intent",OWNER DECISION — DIFFERENTIATE OR CONSOLIDATE,Duplicate-intent risk from the shared $service.$area renderer; evaluate existing pages before any new URL or canonical change,"HISTORICAL_BASELINE (DNI attribution from docs/seo/31, 2026-09-29) + LIVE_HTTP_VERIFIED (status/canonical/sitemap/links observed 2026-10-09) + SOURCE_CODE_VERIFIED (HEAD 0735af2)",Owner decision: add 2–3 locality FAQs per pair (model: src/lib/car-area-content.ts) before pushing indexing; no canonical changes,Medium — GSC membership is historical/inferred; live technical facts are high-confidence,Low — acting on a stale DNI label wastes effort; medium for the duplicate-intent group where premature indexing amplifies pattern exposure,Yes
/motorcycle-service/whitefield,UNVERIFIED — no GSC export supplied (see 08-original-export-inventory.csv); GSC API not connected,200,https://ridencare.co.in/motorcycle-service/whitefield,Yes,19 of 479 pages,Self-consistent (canonical == live URL),"Shared renderer src/routes/$service.$area.tsx: service-level FAQs, body substantially identical across bike/motorcycle/doorstep services for the same area (docs/seo/31 §3c); title/H1/canonical/schema are unique",High — body substantially identical across sibling service pages,Discovery without crawl priority: body-level duplication across sibling services lowers perceived value; live uniqueness check found 10/136 priority pairs >60% similar (all involve undeployed P0 pages),"Indexable today (200, no noindex, in sitemap); intended indexing decision deferred pending the owner's content decision on duplicate intent",OWNER DECISION — DIFFERENTIATE OR CONSOLIDATE,Duplicate-intent risk from the shared $service.$area renderer; evaluate existing pages before any new URL or canonical change,"HISTORICAL_BASELINE (DNI attribution from docs/seo/31, 2026-09-29) + LIVE_HTTP_VERIFIED (status/canonical/sitemap/links observed 2026-10-09) + SOURCE_CODE_VERIFIED (HEAD 0735af2)",Owner decision: add 2–3 locality FAQs per pair (model: src/lib/car-area-content.ts) before pushing indexing; no canonical changes,Medium — GSC membership is historical/inferred; live technical facts are high-confidence,Low — acting on a stale DNI label wastes effort; medium for the duplicate-intent group where premature indexing amplifies pattern exposure,Yes
/doorstep-bike-service/bellandur,UNVERIFIED — no GSC export supplied (see 08-original-export-inventory.csv); GSC API not connected,200,https://ridencare.co.in/doorstep-bike-service/bellandur,Yes,22 of 479 pages,Self-consistent (canonical == live URL),"Shared renderer src/routes/$service.$area.tsx: service-level FAQs, body substantially identical across bike/motorcycle/doorstep services for the same area (docs/seo/31 §3c); title/H1/canonical/schema are unique",High — body substantially identical across sibling service pages,Discovery without crawl priority: body-level duplication across sibling services lowers perceived value; live uniqueness check found 10/136 priority pairs >60% similar (all involve undeployed P0 pages),"Indexable today (200, no noindex, in sitemap); intended indexing decision deferred pending the owner's content decision on duplicate intent",OWNER DECISION — DIFFERENTIATE OR CONSOLIDATE,Duplicate-intent risk from the shared $service.$area renderer; evaluate existing pages before any new URL or canonical change,"HISTORICAL_BASELINE (DNI attribution from docs/seo/31, 2026-09-29) + LIVE_HTTP_VERIFIED (status/canonical/sitemap/links observed 2026-10-09) + SOURCE_CODE_VERIFIED (HEAD 0735af2)",Owner decision: add 2–3 locality FAQs per pair (model: src/lib/car-area-content.ts) before pushing indexing; no canonical changes,Medium — GSC membership is historical/inferred; live technical facts are high-confidence,Low — acting on a stale DNI label wastes effort; medium for the duplicate-intent group where premature indexing amplifies pattern exposure,Yes
/doorstep-bike-service/btm-layout,UNVERIFIED — no GSC export supplied (see 08-original-export-inventory.csv); GSC API not connected,200,https://ridencare.co.in/doorstep-bike-service/btm-layout,Yes,24 of 479 pages,Self-consistent (canonical == live URL),"Shared renderer src/routes/$service.$area.tsx: service-level FAQs, body substantially identical across bike/motorcycle/doorstep services for the same area (docs/seo/31 §3c); title/H1/canonical/schema are unique",High — body substantially identical across sibling service pages,Discovery without crawl priority: body-level duplication across sibling services lowers perceived value; live uniqueness check found 10/136 priority pairs >60% similar (all involve undeployed P0 pages),"Indexable today (200, no noindex, in sitemap); intended indexing decision deferred pending the owner's content decision on duplicate intent",OWNER DECISION — DIFFERENTIATE OR CONSOLIDATE,Duplicate-intent risk from the shared $service.$area renderer; evaluate existing pages before any new URL or canonical change,"HISTORICAL_BASELINE (DNI attribution from docs/seo/31, 2026-09-29) + LIVE_HTTP_VERIFIED (status/canonical/sitemap/links observed 2026-10-09) + SOURCE_CODE_VERIFIED (HEAD 0735af2)",Owner decision: add 2–3 locality FAQs per pair (model: src/lib/car-area-content.ts) before pushing indexing; no canonical changes,Medium — GSC membership is historical/inferred; live technical facts are high-confidence,Low — acting on a stale DNI label wastes effort; medium for the duplicate-intent group where premature indexing amplifies pattern exposure,Yes
/doorstep-bike-service/electronic-city,UNVERIFIED — no GSC export supplied (see 08-original-export-inventory.csv); GSC API not connected,200,https://ridencare.co.in/doorstep-bike-service/electronic-city,Yes,16 of 479 pages,Self-consistent (canonical == live URL),"Shared renderer src/routes/$service.$area.tsx: service-level FAQs, body substantially identical across bike/motorcycle/doorstep services for the same area (docs/seo/31 §3c); title/H1/canonical/schema are unique",High — body substantially identical across sibling service pages,Discovery without crawl priority: body-level duplication across sibling services lowers perceived value; live uniqueness check found 10/136 priority pairs >60% similar (all involve undeployed P0 pages),"Indexable today (200, no noindex, in sitemap); intended indexing decision deferred pending the owner's content decision on duplicate intent",OWNER DECISION — DIFFERENTIATE OR CONSOLIDATE,Duplicate-intent risk from the shared $service.$area renderer; evaluate existing pages before any new URL or canonical change,"HISTORICAL_BASELINE (DNI attribution from docs/seo/31, 2026-09-29) + LIVE_HTTP_VERIFIED (status/canonical/sitemap/links observed 2026-10-09) + SOURCE_CODE_VERIFIED (HEAD 0735af2)",Owner decision: add 2–3 locality FAQs per pair (model: src/lib/car-area-content.ts) before pushing indexing; no canonical changes,Medium — GSC membership is historical/inferred; live technical facts are high-confidence,Low — acting on a stale DNI label wastes effort; medium for the duplicate-intent group where premature indexing amplifies pattern exposure,Yes
/doorstep-bike-service/hebbal,UNVERIFIED — no GSC export supplied (see 08-original-export-inventory.csv); GSC API not connected,200,https://ridencare.co.in/doorstep-bike-service/hebbal,Yes,10 of 479 pages,Self-consistent (canonical == live URL),"Shared renderer src/routes/$service.$area.tsx: service-level FAQs, body substantially identical across bike/motorcycle/doorstep services for the same area (docs/seo/31 §3c); title/H1/canonical/schema are unique",High — body substantially identical across sibling service pages,Discovery without crawl priority: body-level duplication across sibling services lowers perceived value; live uniqueness check found 10/136 priority pairs >60% similar (all involve undeployed P0 pages),"Indexable today (200, no noindex, in sitemap); intended indexing decision deferred pending the owner's content decision on duplicate intent",OWNER DECISION — DIFFERENTIATE OR CONSOLIDATE,Duplicate-intent risk from the shared $service.$area renderer; evaluate existing pages before any new URL or canonical change,"HISTORICAL_BASELINE (DNI attribution from docs/seo/31, 2026-09-29) + LIVE_HTTP_VERIFIED (status/canonical/sitemap/links observed 2026-10-09) + SOURCE_CODE_VERIFIED (HEAD 0735af2)",Owner decision: add 2–3 locality FAQs per pair (model: src/lib/car-area-content.ts) before pushing indexing; no canonical changes,Medium — GSC membership is historical/inferred; live technical facts are high-confidence,Low — acting on a stale DNI label wastes effort; medium for the duplicate-intent group where premature indexing amplifies pattern exposure,Yes
/doorstep-bike-service/hsr-layout,UNVERIFIED — no GSC export supplied (see 08-original-export-inventory.csv); GSC API not connected,200,https://ridencare.co.in/doorstep-bike-service/hsr-layout,Yes,25 of 479 pages,Self-consistent (canonical == live URL),"Shared renderer src/routes/$service.$area.tsx: service-level FAQs, body substantially identical across bike/motorcycle/doorstep services for the same area (docs/seo/31 §3c); title/H1/canonical/schema are unique",High — body substantially identical across sibling service pages,Discovery without crawl priority: body-level duplication across sibling services lowers perceived value; live uniqueness check found 10/136 priority pairs >60% similar (all involve undeployed P0 pages),"Indexable today (200, no noindex, in sitemap); intended indexing decision deferred pending the owner's content decision on duplicate intent",OWNER DECISION — DIFFERENTIATE OR CONSOLIDATE,Duplicate-intent risk from the shared $service.$area renderer; evaluate existing pages before any new URL or canonical change,"HISTORICAL_BASELINE (DNI attribution from docs/seo/31, 2026-09-29) + LIVE_HTTP_VERIFIED (status/canonical/sitemap/links observed 2026-10-09) + SOURCE_CODE_VERIFIED (HEAD 0735af2)",Owner decision: add 2–3 locality FAQs per pair (model: src/lib/car-area-content.ts) before pushing indexing; no canonical changes,Medium — GSC membership is historical/inferred; live technical facts are high-confidence,Low — acting on a stale DNI label wastes effort; medium for the duplicate-intent group where premature indexing amplifies pattern exposure,Yes
/doorstep-bike-service/indiranagar,UNVERIFIED — no GSC export supplied (see 08-original-export-inventory.csv); GSC API not connected,200,https://ridencare.co.in/doorstep-bike-service/indiranagar,Yes,24 of 479 pages,Self-consistent (canonical == live URL),"Shared renderer src/routes/$service.$area.tsx: service-level FAQs, body substantially identical across bike/motorcycle/doorstep services for the same area (docs/seo/31 §3c); title/H1/canonical/schema are unique",High — body substantially identical across sibling service pages,Discovery without crawl priority: body-level duplication across sibling services lowers perceived value; live uniqueness check found 10/136 priority pairs >60% similar (all involve undeployed P0 pages),"Indexable today (200, no noindex, in sitemap); intended indexing decision deferred pending the owner's content decision on duplicate intent",OWNER DECISION — DIFFERENTIATE OR CONSOLIDATE,Duplicate-intent risk from the shared $service.$area renderer; evaluate existing pages before any new URL or canonical change,"HISTORICAL_BASELINE (DNI attribution from docs/seo/31, 2026-09-29) + LIVE_HTTP_VERIFIED (status/canonical/sitemap/links observed 2026-10-09) + SOURCE_CODE_VERIFIED (HEAD 0735af2)",Owner decision: add 2–3 locality FAQs per pair (model: src/lib/car-area-content.ts) before pushing indexing; no canonical changes,Medium — GSC membership is historical/inferred; live technical facts are high-confidence,Low — acting on a stale DNI label wastes effort; medium for the duplicate-intent group where premature indexing amplifies pattern exposure,Yes
/doorstep-bike-service/jayanagar,UNVERIFIED — no GSC export supplied (see 08-original-export-inventory.csv); GSC API not connected,200,https://ridencare.co.in/doorstep-bike-service/jayanagar,Yes,19 of 479 pages,Self-consistent (canonical == live URL),"Shared renderer src/routes/$service.$area.tsx: service-level FAQs, body substantially identical across bike/motorcycle/doorstep services for the same area (docs/seo/31 §3c); title/H1/canonical/schema are unique",High — body substantially identical across sibling service pages,Discovery without crawl priority: body-level duplication across sibling services lowers perceived value; live uniqueness check found 10/136 priority pairs >60% similar (all involve undeployed P0 pages),"Indexable today (200, no noindex, in sitemap); intended indexing decision deferred pending the owner's content decision on duplicate intent",OWNER DECISION — DIFFERENTIATE OR CONSOLIDATE,Duplicate-intent risk from the shared $service.$area renderer; evaluate existing pages before any new URL or canonical change,"HISTORICAL_BASELINE (DNI attribution from docs/seo/31, 2026-09-29) + LIVE_HTTP_VERIFIED (status/canonical/sitemap/links observed 2026-10-09) + SOURCE_CODE_VERIFIED (HEAD 0735af2)",Owner decision: add 2–3 locality FAQs per pair (model: src/lib/car-area-content.ts) before pushing indexing; no canonical changes,Medium — GSC membership is historical/inferred; live technical facts are high-confidence,Low — acting on a stale DNI label wastes effort; medium for the duplicate-intent group where premature indexing amplifies pattern exposure,Yes
/doorstep-bike-service/jp-nagar,UNVERIFIED — no GSC export supplied (see 08-original-export-inventory.csv); GSC API not connected,200,https://ridencare.co.in/doorstep-bike-service/jp-nagar,Yes,18 of 479 pages,Self-consistent (canonical == live URL),"Shared renderer src/routes/$service.$area.tsx: service-level FAQs, body substantially identical across bike/motorcycle/doorstep services for the same area (docs/seo/31 §3c); title/H1/canonical/schema are unique",High — body substantially identical across sibling service pages,Discovery without crawl priority: body-level duplication across sibling services lowers perceived value; live uniqueness check found 10/136 priority pairs >60% similar (all involve undeployed P0 pages),"Indexable today (200, no noindex, in sitemap); intended indexing decision deferred pending the owner's content decision on duplicate intent",OWNER DECISION — DIFFERENTIATE OR CONSOLIDATE,Duplicate-intent risk from the shared $service.$area renderer; evaluate existing pages before any new URL or canonical change,"HISTORICAL_BASELINE (DNI attribution from docs/seo/31, 2026-09-29) + LIVE_HTTP_VERIFIED (status/canonical/sitemap/links observed 2026-10-09) + SOURCE_CODE_VERIFIED (HEAD 0735af2)",Owner decision: add 2–3 locality FAQs per pair (model: src/lib/car-area-content.ts) before pushing indexing; no canonical changes,Medium — GSC membership is historical/inferred; live technical facts are high-confidence,Low — acting on a stale DNI label wastes effort; medium for the duplicate-intent group where premature indexing amplifies pattern exposure,Yes
/doorstep-bike-service/koramangala,UNVERIFIED — no GSC export supplied (see 08-original-export-inventory.csv); GSC API not connected,200,https://ridencare.co.in/doorstep-bike-service/koramangala,Yes,24 of 479 pages,Self-consistent (canonical == live URL),"Shared renderer src/routes/$service.$area.tsx: service-level FAQs, body substantially identical across bike/motorcycle/doorstep services for the same area (docs/seo/31 §3c); title/H1/canonical/schema are unique",High — body substantially identical across sibling service pages,Discovery without crawl priority: body-level duplication across sibling services lowers perceived value; live uniqueness check found 10/136 priority pairs >60% similar (all involve undeployed P0 pages),"Indexable today (200, no noindex, in sitemap); intended indexing decision deferred pending the owner's content decision on duplicate intent",OWNER DECISION — DIFFERENTIATE OR CONSOLIDATE,Duplicate-intent risk from the shared $service.$area renderer; evaluate existing pages before any new URL or canonical change,"HISTORICAL_BASELINE (DNI attribution from docs/seo/31, 2026-09-29) + LIVE_HTTP_VERIFIED (status/canonical/sitemap/links observed 2026-10-09) + SOURCE_CODE_VERIFIED (HEAD 0735af2)",Owner decision: add 2–3 locality FAQs per pair (model: src/lib/car-area-content.ts) before pushing indexing; no canonical changes,Medium — GSC membership is historical/inferred; live technical facts are high-confidence,Low — acting on a stale DNI label wastes effort; medium for the duplicate-intent group where premature indexing amplifies pattern exposure,Yes
/doorstep-bike-service/marathahalli,UNVERIFIED — no GSC export supplied (see 08-original-export-inventory.csv); GSC API not connected,200,https://ridencare.co.in/doorstep-bike-service/marathahalli,Yes,22 of 479 pages,Self-consistent (canonical == live URL),"Shared renderer src/routes/$service.$area.tsx: service-level FAQs, body substantially identical across bike/motorcycle/doorstep services for the same area (docs/seo/31 §3c); title/H1/canonical/schema are unique",High — body substantially identical across sibling service pages,Discovery without crawl priority: body-level duplication across sibling services lowers perceived value; live uniqueness check found 10/136 priority pairs >60% similar (all involve undeployed P0 pages),"Indexable today (200, no noindex, in sitemap); intended indexing decision deferred pending the owner's content decision on duplicate intent",OWNER DECISION — DIFFERENTIATE OR CONSOLIDATE,Duplicate-intent risk from the shared $service.$area renderer; evaluate existing pages before any new URL or canonical change,"HISTORICAL_BASELINE (DNI attribution from docs/seo/31, 2026-09-29) + LIVE_HTTP_VERIFIED (status/canonical/sitemap/links observed 2026-10-09) + SOURCE_CODE_VERIFIED (HEAD 0735af2)",Owner decision: add 2–3 locality FAQs per pair (model: src/lib/car-area-content.ts) before pushing indexing; no canonical changes,Medium — GSC membership is historical/inferred; live technical facts are high-confidence,Low — acting on a stale DNI label wastes effort; medium for the duplicate-intent group where premature indexing amplifies pattern exposure,Yes
/doorstep-bike-service/sarjapur-road,UNVERIFIED — no GSC export supplied (see 08-original-export-inventory.csv); GSC API not connected,200,https://ridencare.co.in/doorstep-bike-service/sarjapur-road,Yes,18 of 479 pages,Self-consistent (canonical == live URL),"Shared renderer src/routes/$service.$area.tsx: service-level FAQs, body substantially identical across bike/motorcycle/doorstep services for the same area (docs/seo/31 §3c); title/H1/canonical/schema are unique",High — body substantially identical across sibling service pages,Discovery without crawl priority: body-level duplication across sibling services lowers perceived value; live uniqueness check found 10/136 priority pairs >60% similar (all involve undeployed P0 pages),"Indexable today (200, no noindex, in sitemap); intended indexing decision deferred pending the owner's content decision on duplicate intent",OWNER DECISION — DIFFERENTIATE OR CONSOLIDATE,Duplicate-intent risk from the shared $service.$area renderer; evaluate existing pages before any new URL or canonical change,"HISTORICAL_BASELINE (DNI attribution from docs/seo/31, 2026-09-29) + LIVE_HTTP_VERIFIED (status/canonical/sitemap/links observed 2026-10-09) + SOURCE_CODE_VERIFIED (HEAD 0735af2)",Owner decision: add 2–3 locality FAQs per pair (model: src/lib/car-area-content.ts) before pushing indexing; no canonical changes,Medium — GSC membership is historical/inferred; live technical facts are high-confidence,Low — acting on a stale DNI label wastes effort; medium for the duplicate-intent group where premature indexing amplifies pattern exposure,Yes
/doorstep-bike-service/whitefield,UNVERIFIED — no GSC export supplied (see 08-original-export-inventory.csv); GSC API not connected,200,https://ridencare.co.in/doorstep-bike-service/whitefield,Yes,22 of 479 pages,Self-consistent (canonical == live URL),"Shared renderer src/routes/$service.$area.tsx: service-level FAQs, body substantially identical across bike/motorcycle/doorstep services for the same area (docs/seo/31 §3c); title/H1/canonical/schema are unique",High — body substantially identical across sibling service pages,Discovery without crawl priority: body-level duplication across sibling services lowers perceived value; live uniqueness check found 10/136 priority pairs >60% similar (all involve undeployed P0 pages),"Indexable today (200, no noindex, in sitemap); intended indexing decision deferred pending the owner's content decision on duplicate intent",OWNER DECISION — DIFFERENTIATE OR CONSOLIDATE,Duplicate-intent risk from the shared $service.$area renderer; evaluate existing pages before any new URL or canonical change,"HISTORICAL_BASELINE (DNI attribution from docs/seo/31, 2026-09-29) + LIVE_HTTP_VERIFIED (status/canonical/sitemap/links observed 2026-10-09) + SOURCE_CODE_VERIFIED (HEAD 0735af2)",Owner decision: add 2–3 locality FAQs per pair (model: src/lib/car-area-content.ts) before pushing indexing; no canonical changes,Medium — GSC membership is historical/inferred; live technical facts are high-confidence,Low — acting on a stale DNI label wastes effort; medium for the duplicate-intent group where premature indexing amplifies pattern exposure,Yes
/car-ac-service,UNVERIFIED — no GSC export supplied (see 08-original-export-inventory.csv); GSC API not connected,200,https://ridencare.co.in/car-ac-service,Yes,479 of 479 pages,Self-consistent (canonical == live URL),"Unique Part-5 template page (unique title/H1/summary, unique FAQ set)","Low/none — unique title, H1 and body verified in the 2026-10-09 crawl",Newer pages with modest internal-link mass; discovery lags the older bike cluster,"Indexable today (200, no noindex) — intended to be indexed; monitor for recrawl, no defect found",MONITOR,No defect found in live evidence; re-check in GSC when export exists,"HISTORICAL_BASELINE (DNI attribution from docs/seo/31, 2026-09-29) + LIVE_HTTP_VERIFIED (status/canonical/sitemap/links observed 2026-10-09) + SOURCE_CODE_VERIFIED (HEAD 0735af2)",Keep; links already flow from the /cars hub + footer; monitor recrawl,Medium — GSC membership is historical/inferred; live technical facts are high-confidence,Low — acting on a stale DNI label wastes effort; medium for the duplicate-intent group where premature indexing amplifies pattern exposure,No
/car-battery-service,UNVERIFIED — no GSC export supplied (see 08-original-export-inventory.csv); GSC API not connected,200,https://ridencare.co.in/car-battery-service,Yes,479 of 479 pages,Self-consistent (canonical == live URL),"Unique Part-5 template page (unique title/H1/summary, unique FAQ set)","Low/none — unique title, H1 and body verified in the 2026-10-09 crawl",Newer pages with modest internal-link mass; discovery lags the older bike cluster,"Indexable today (200, no noindex) — intended to be indexed; monitor for recrawl, no defect found",MONITOR,No defect found in live evidence; re-check in GSC when export exists,"HISTORICAL_BASELINE (DNI attribution from docs/seo/31, 2026-09-29) + LIVE_HTTP_VERIFIED (status/canonical/sitemap/links observed 2026-10-09) + SOURCE_CODE_VERIFIED (HEAD 0735af2)",Keep; links already flow from the /cars hub + footer; monitor recrawl,Medium — GSC membership is historical/inferred; live technical facts are high-confidence,Low — acting on a stale DNI label wastes effort; medium for the duplicate-intent group where premature indexing amplifies pattern exposure,No
/car-brake-service,UNVERIFIED — no GSC export supplied (see 08-original-export-inventory.csv); GSC API not connected,200,https://ridencare.co.in/car-brake-service,Yes,479 of 479 pages,Self-consistent (canonical == live URL),"Unique Part-5 template page (unique title/H1/summary, unique FAQ set)","Low/none — unique title, H1 and body verified in the 2026-10-09 crawl",Newer pages with modest internal-link mass; discovery lags the older bike cluster,"Indexable today (200, no noindex) — intended to be indexed; monitor for recrawl, no defect found",MONITOR,No defect found in live evidence; re-check in GSC when export exists,"HISTORICAL_BASELINE (DNI attribution from docs/seo/31, 2026-09-29) + LIVE_HTTP_VERIFIED (status/canonical/sitemap/links observed 2026-10-09) + SOURCE_CODE_VERIFIED (HEAD 0735af2)",Keep; links already flow from the /cars hub + footer; monitor recrawl,Medium — GSC membership is historical/inferred; live technical facts are high-confidence,Low — acting on a stale DNI label wastes effort; medium for the duplicate-intent group where premature indexing amplifies pattern exposure,No
/car-breakdown-assistance,UNVERIFIED — no GSC export supplied (see 08-original-export-inventory.csv); GSC API not connected,200,https://ridencare.co.in/car-breakdown-assistance,Yes,2 of 479 pages,Self-consistent (canonical == live URL),"Unique Part-5 template page (unique title/H1/summary, unique FAQ set)","Low/none — unique title, H1 and body verified in the 2026-10-09 crawl",Newer pages with modest internal-link mass; discovery lags the older bike cluster,"Indexable today (200, no noindex) — intended to be indexed; monitor for recrawl, no defect found",MONITOR,No defect found in live evidence; re-check in GSC when export exists,"HISTORICAL_BASELINE (DNI attribution from docs/seo/31, 2026-09-29) + LIVE_HTTP_VERIFIED (status/canonical/sitemap/links observed 2026-10-09) + SOURCE_CODE_VERIFIED (HEAD 0735af2)",Keep; links already flow from the /cars hub + footer; monitor recrawl,Medium — GSC membership is historical/inferred; live technical facts are high-confidence,Low — acting on a stale DNI label wastes effort; medium for the duplicate-intent group where premature indexing amplifies pattern exposure,No
/car-electrical-repair,UNVERIFIED — no GSC export supplied (see 08-original-export-inventory.csv); GSC API not connected,200,https://ridencare.co.in/car-electrical-repair,Yes,479 of 479 pages,Self-consistent (canonical == live URL),"Unique Part-5 template page (unique title/H1/summary, unique FAQ set)","Low/none — unique title, H1 and body verified in the 2026-10-09 crawl",Newer pages with modest internal-link mass; discovery lags the older bike cluster,"Indexable today (200, no noindex) — intended to be indexed; monitor for recrawl, no defect found",MONITOR,No defect found in live evidence; re-check in GSC when export exists,"HISTORICAL_BASELINE (DNI attribution from docs/seo/31, 2026-09-29) + LIVE_HTTP_VERIFIED (status/canonical/sitemap/links observed 2026-10-09) + SOURCE_CODE_VERIFIED (HEAD 0735af2)",Keep; links already flow from the /cars hub + footer; monitor recrawl,Medium — GSC membership is historical/inferred; live technical facts are high-confidence,Low — acting on a stale DNI label wastes effort; medium for the duplicate-intent group where premature indexing amplifies pattern exposure,No
/car-inspection,UNVERIFIED — no GSC export supplied (see 08-original-export-inventory.csv); GSC API not connected,200,https://ridencare.co.in/car-inspection,Yes,479 of 479 pages,Self-consistent (canonical == live URL),"Unique Part-5 template page (unique title/H1/summary, unique FAQ set)","Low/none — unique title, H1 and body verified in the 2026-10-09 crawl",Newer pages with modest internal-link mass; discovery lags the older bike cluster,"Indexable today (200, no noindex) — intended to be indexed; monitor for recrawl, no defect found",MONITOR,No defect found in live evidence; re-check in GSC when export exists,"HISTORICAL_BASELINE (DNI attribution from docs/seo/31, 2026-09-29) + LIVE_HTTP_VERIFIED (status/canonical/sitemap/links observed 2026-10-09) + SOURCE_CODE_VERIFIED (HEAD 0735af2)",Keep; links already flow from the /cars hub + footer; monitor recrawl,Medium — GSC membership is historical/inferred; live technical facts are high-confidence,Low — acting on a stale DNI label wastes effort; medium for the duplicate-intent group where premature indexing amplifies pattern exposure,No
/car-jump-start,UNVERIFIED — no GSC export supplied (see 08-original-export-inventory.csv); GSC API not connected,200,https://ridencare.co.in/car-jump-start,Yes,479 of 479 pages,Self-consistent (canonical == live URL),"Unique Part-5 template page (unique title/H1/summary, unique FAQ set)","Low/none — unique title, H1 and body verified in the 2026-10-09 crawl",Newer pages with modest internal-link mass; discovery lags the older bike cluster,"Indexable today (200, no noindex) — intended to be indexed; monitor for recrawl, no defect found",MONITOR,No defect found in live evidence; re-check in GSC when export exists,"HISTORICAL_BASELINE (DNI attribution from docs/seo/31, 2026-09-29) + LIVE_HTTP_VERIFIED (status/canonical/sitemap/links observed 2026-10-09) + SOURCE_CODE_VERIFIED (HEAD 0735af2)",Keep; links already flow from the /cars hub + footer; monitor recrawl,Medium — GSC membership is historical/inferred; live technical facts are high-confidence,Low — acting on a stale DNI label wastes effort; medium for the duplicate-intent group where premature indexing amplifies pattern exposure,No
/car-oil-change,UNVERIFIED — no GSC export supplied (see 08-original-export-inventory.csv); GSC API not connected,200,https://ridencare.co.in/car-oil-change,Yes,479 of 479 pages,Self-consistent (canonical == live URL),"Unique Part-5 template page (unique title/H1/summary, unique FAQ set)","Low/none — unique title, H1 and body verified in the 2026-10-09 crawl",Newer pages with modest internal-link mass; discovery lags the older bike cluster,"Indexable today (200, no noindex) — intended to be indexed; monitor for recrawl, no defect found",MONITOR,No defect found in live evidence; re-check in GSC when export exists,"HISTORICAL_BASELINE (DNI attribution from docs/seo/31, 2026-09-29) + LIVE_HTTP_VERIFIED (status/canonical/sitemap/links observed 2026-10-09) + SOURCE_CODE_VERIFIED (HEAD 0735af2)",Keep; links already flow from the /cars hub + footer; monitor recrawl,Medium — GSC membership is historical/inferred; live technical facts are high-confidence,Low — acting on a stale DNI label wastes effort; medium for the duplicate-intent group where premature indexing amplifies pattern exposure,No
/car-periodic-service,UNVERIFIED — no GSC export supplied (see 08-original-export-inventory.csv); GSC API not connected,200,https://ridencare.co.in/car-periodic-service,Yes,479 of 479 pages,Self-consistent (canonical == live URL),"Unique Part-5 template page (unique title/H1/summary, unique FAQ set)","Low/none — unique title, H1 and body verified in the 2026-10-09 crawl",Newer pages with modest internal-link mass; discovery lags the older bike cluster,"Indexable today (200, no noindex) — intended to be indexed; monitor for recrawl, no defect found",MONITOR,No defect found in live evidence; re-check in GSC when export exists,"HISTORICAL_BASELINE (DNI attribution from docs/seo/31, 2026-09-29) + LIVE_HTTP_VERIFIED (status/canonical/sitemap/links observed 2026-10-09) + SOURCE_CODE_VERIFIED (HEAD 0735af2)",Keep; links already flow from the /cars hub + footer; monitor recrawl,Medium — GSC membership is historical/inferred; live technical facts are high-confidence,Low — acting on a stale DNI label wastes effort; medium for the duplicate-intent group where premature indexing amplifies pattern exposure,No
/car-repair,UNVERIFIED — no GSC export supplied (see 08-original-export-inventory.csv); GSC API not connected,200,https://ridencare.co.in/car-repair,Yes,479 of 479 pages,Self-consistent (canonical == live URL),"Unique Part-5 template page (unique title/H1/summary, unique FAQ set)","Low/none — unique title, H1 and body verified in the 2026-10-09 crawl",Newer pages with modest internal-link mass; discovery lags the older bike cluster,"Indexable today (200, no noindex) — intended to be indexed; monitor for recrawl, no defect found",MONITOR,No defect found in live evidence; re-check in GSC when export exists,"HISTORICAL_BASELINE (DNI attribution from docs/seo/31, 2026-09-29) + LIVE_HTTP_VERIFIED (status/canonical/sitemap/links observed 2026-10-09) + SOURCE_CODE_VERIFIED (HEAD 0735af2)",Keep; links already flow from the /cars hub + footer; monitor recrawl,Medium — GSC membership is historical/inferred; live technical facts are high-confidence,Low — acting on a stale DNI label wastes effort; medium for the duplicate-intent group where premature indexing amplifies pattern exposure,No
/car-ac-service/bellandur,UNVERIFIED — no GSC export supplied (see 08-original-export-inventory.csv); GSC API not connected,200,https://ridencare.co.in/car-ac-service/bellandur,Yes,17 of 479 pages,Self-consistent (canonical == live URL),"Gated registry copy (src/lib/car-area-content.ts) — unique per service×area pair, quality-scored before publish",Low — unique quality-scored copy,Wave-1 pages published late (2026-09-27); low age/links — classic new-page DNI,"Indexable today (200, no noindex) — intended to be indexed; monitor for recrawl, no defect found",MONITOR,No defect found in live evidence; re-check in GSC when export exists,"HISTORICAL_BASELINE (DNI attribution from docs/seo/31, 2026-09-29) + LIVE_HTTP_VERIFIED (status/canonical/sitemap/links observed 2026-10-09) + SOURCE_CODE_VERIFIED (HEAD 0735af2)",No change; wait ~4 weeks of data (docs/seo/car-area-performance-review.md review 2026-10-25),Medium — GSC membership is historical/inferred; live technical facts are high-confidence,Low — acting on a stale DNI label wastes effort; medium for the duplicate-intent group where premature indexing amplifies pattern exposure,No
/car-ac-service/btm-layout,UNVERIFIED — no GSC export supplied (see 08-original-export-inventory.csv); GSC API not connected,200,https://ridencare.co.in/car-ac-service/btm-layout,Yes,18 of 479 pages,Self-consistent (canonical == live URL),"Gated registry copy (src/lib/car-area-content.ts) — unique per service×area pair, quality-scored before publish",Low — unique quality-scored copy,Wave-1 pages published late (2026-09-27); low age/links — classic new-page DNI,"Indexable today (200, no noindex) — intended to be indexed; monitor for recrawl, no defect found",MONITOR,No defect found in live evidence; re-check in GSC when export exists,"HISTORICAL_BASELINE (DNI attribution from docs/seo/31, 2026-09-29) + LIVE_HTTP_VERIFIED (status/canonical/sitemap/links observed 2026-10-09) + SOURCE_CODE_VERIFIED (HEAD 0735af2)",No change; wait ~4 weeks of data (docs/seo/car-area-performance-review.md review 2026-10-25),Medium — GSC membership is historical/inferred; live technical facts are high-confidence,Low — acting on a stale DNI label wastes effort; medium for the duplicate-intent group where premature indexing amplifies pattern exposure,No
/car-ac-service/electronic-city,UNVERIFIED — no GSC export supplied (see 08-original-export-inventory.csv); GSC API not connected,200,https://ridencare.co.in/car-ac-service/electronic-city,Yes,17 of 479 pages,Self-consistent (canonical == live URL),"Gated registry copy (src/lib/car-area-content.ts) — unique per service×area pair, quality-scored before publish",Low — unique quality-scored copy,Wave-1 pages published late (2026-09-27); low age/links — classic new-page DNI,"Indexable today (200, no noindex) — intended to be indexed; monitor for recrawl, no defect found",MONITOR,No defect found in live evidence; re-check in GSC when export exists,"HISTORICAL_BASELINE (DNI attribution from docs/seo/31, 2026-09-29) + LIVE_HTTP_VERIFIED (status/canonical/sitemap/links observed 2026-10-09) + SOURCE_CODE_VERIFIED (HEAD 0735af2)",No change; wait ~4 weeks of data (docs/seo/car-area-performance-review.md review 2026-10-25),Medium — GSC membership is historical/inferred; live technical facts are high-confidence,Low — acting on a stale DNI label wastes effort; medium for the duplicate-intent group where premature indexing amplifies pattern exposure,No
/car-ac-service/indiranagar,UNVERIFIED — no GSC export supplied (see 08-original-export-inventory.csv); GSC API not connected,200,https://ridencare.co.in/car-ac-service/indiranagar,Yes,17 of 479 pages,Self-consistent (canonical == live URL),"Gated registry copy (src/lib/car-area-content.ts) — unique per service×area pair, quality-scored before publish",Low — unique quality-scored copy,Wave-1 pages published late (2026-09-27); low age/links — classic new-page DNI,"Indexable today (200, no noindex) — intended to be indexed; monitor for recrawl, no defect found",MONITOR,No defect found in live evidence; re-check in GSC when export exists,"HISTORICAL_BASELINE (DNI attribution from docs/seo/31, 2026-09-29) + LIVE_HTTP_VERIFIED (status/canonical/sitemap/links observed 2026-10-09) + SOURCE_CODE_VERIFIED (HEAD 0735af2)",No change; wait ~4 weeks of data (docs/seo/car-area-performance-review.md review 2026-10-25),Medium — GSC membership is historical/inferred; live technical facts are high-confidence,Low — acting on a stale DNI label wastes effort; medium for the duplicate-intent group where premature indexing amplifies pattern exposure,No
/car-ac-service/jayanagar,UNVERIFIED — no GSC export supplied (see 08-original-export-inventory.csv); GSC API not connected,200,https://ridencare.co.in/car-ac-service/jayanagar,Yes,14 of 479 pages,Self-consistent (canonical == live URL),"Gated registry copy (src/lib/car-area-content.ts) — unique per service×area pair, quality-scored before publish",Low — unique quality-scored copy,Wave-1 pages published late (2026-09-27); low age/links — classic new-page DNI,"Indexable today (200, no noindex) — intended to be indexed; monitor for recrawl, no defect found",MONITOR,No defect found in live evidence; re-check in GSC when export exists,"HISTORICAL_BASELINE (DNI attribution from docs/seo/31, 2026-09-29) + LIVE_HTTP_VERIFIED (status/canonical/sitemap/links observed 2026-10-09) + SOURCE_CODE_VERIFIED (HEAD 0735af2)",No change; wait ~4 weeks of data (docs/seo/car-area-performance-review.md review 2026-10-25),Medium — GSC membership is historical/inferred; live technical facts are high-confidence,Low — acting on a stale DNI label wastes effort; medium for the duplicate-intent group where premature indexing amplifies pattern exposure,No
/car-ac-service/koramangala,UNVERIFIED — no GSC export supplied (see 08-original-export-inventory.csv); GSC API not connected,200,https://ridencare.co.in/car-ac-service/koramangala,Yes,17 of 479 pages,Self-consistent (canonical == live URL),"Gated registry copy (src/lib/car-area-content.ts) — unique per service×area pair, quality-scored before publish",Low — unique quality-scored copy,Wave-1 pages published late (2026-09-27); low age/links — classic new-page DNI,"Indexable today (200, no noindex) — intended to be indexed; monitor for recrawl, no defect found",MONITOR,No defect found in live evidence; re-check in GSC when export exists,"HISTORICAL_BASELINE (DNI attribution from docs/seo/31, 2026-09-29) + LIVE_HTTP_VERIFIED (status/canonical/sitemap/links observed 2026-10-09) + SOURCE_CODE_VERIFIED (HEAD 0735af2)",No change; wait ~4 weeks of data (docs/seo/car-area-performance-review.md review 2026-10-25),Medium — GSC membership is historical/inferred; live technical facts are high-confidence,Low — acting on a stale DNI label wastes effort; medium for the duplicate-intent group where premature indexing amplifies pattern exposure,No
/car-battery-service/bellandur,UNVERIFIED — no GSC export supplied (see 08-original-export-inventory.csv); GSC API not connected,200,https://ridencare.co.in/car-battery-service/bellandur,Yes,17 of 479 pages,Self-consistent (canonical == live URL),"Gated registry copy (src/lib/car-area-content.ts) — unique per service×area pair, quality-scored before publish",Low — unique quality-scored copy,Wave-1 pages published late (2026-09-27); low age/links — classic new-page DNI,"Indexable today (200, no noindex) — intended to be indexed; monitor for recrawl, no defect found",MONITOR,No defect found in live evidence; re-check in GSC when export exists,"HISTORICAL_BASELINE (DNI attribution from docs/seo/31, 2026-09-29) + LIVE_HTTP_VERIFIED (status/canonical/sitemap/links observed 2026-10-09) + SOURCE_CODE_VERIFIED (HEAD 0735af2)",No change; wait ~4 weeks of data (docs/seo/car-area-performance-review.md review 2026-10-25),Medium — GSC membership is historical/inferred; live technical facts are high-confidence,Low — acting on a stale DNI label wastes effort; medium for the duplicate-intent group where premature indexing amplifies pattern exposure,No
/car-battery-service/btm-layout,UNVERIFIED — no GSC export supplied (see 08-original-export-inventory.csv); GSC API not connected,200,https://ridencare.co.in/car-battery-service/btm-layout,Yes,18 of 479 pages,Self-consistent (canonical == live URL),"Gated registry copy (src/lib/car-area-content.ts) — unique per service×area pair, quality-scored before publish",Low — unique quality-scored copy,Wave-1 pages published late (2026-09-27); low age/links — classic new-page DNI,"Indexable today (200, no noindex) — intended to be indexed; monitor for recrawl, no defect found",MONITOR,No defect found in live evidence; re-check in GSC when export exists,"HISTORICAL_BASELINE (DNI attribution from docs/seo/31, 2026-09-29) + LIVE_HTTP_VERIFIED (status/canonical/sitemap/links observed 2026-10-09) + SOURCE_CODE_VERIFIED (HEAD 0735af2)",No change; wait ~4 weeks of data (docs/seo/car-area-performance-review.md review 2026-10-25),Medium — GSC membership is historical/inferred; live technical facts are high-confidence,Low — acting on a stale DNI label wastes effort; medium for the duplicate-intent group where premature indexing amplifies pattern exposure,No
/car-battery-service/electronic-city,UNVERIFIED — no GSC export supplied (see 08-original-export-inventory.csv); GSC API not connected,200,https://ridencare.co.in/car-battery-service/electronic-city,Yes,17 of 479 pages,Self-consistent (canonical == live URL),"Gated registry copy (src/lib/car-area-content.ts) — unique per service×area pair, quality-scored before publish",Low — unique quality-scored copy,Wave-1 pages published late (2026-09-27); low age/links — classic new-page DNI,"Indexable today (200, no noindex) — intended to be indexed; monitor for recrawl, no defect found",MONITOR,No defect found in live evidence; re-check in GSC when export exists,"HISTORICAL_BASELINE (DNI attribution from docs/seo/31, 2026-09-29) + LIVE_HTTP_VERIFIED (status/canonical/sitemap/links observed 2026-10-09) + SOURCE_CODE_VERIFIED (HEAD 0735af2)",No change; wait ~4 weeks of data (docs/seo/car-area-performance-review.md review 2026-10-25),Medium — GSC membership is historical/inferred; live technical facts are high-confidence,Low — acting on a stale DNI label wastes effort; medium for the duplicate-intent group where premature indexing amplifies pattern exposure,No
/car-battery-service/indiranagar,UNVERIFIED — no GSC export supplied (see 08-original-export-inventory.csv); GSC API not connected,200,https://ridencare.co.in/car-battery-service/indiranagar,Yes,17 of 479 pages,Self-consistent (canonical == live URL),"Gated registry copy (src/lib/car-area-content.ts) — unique per service×area pair, quality-scored before publish",Low — unique quality-scored copy,Wave-1 pages published late (2026-09-27); low age/links — classic new-page DNI,"Indexable today (200, no noindex) — intended to be indexed; monitor for recrawl, no defect found",MONITOR,No defect found in live evidence; re-check in GSC when export exists,"HISTORICAL_BASELINE (DNI attribution from docs/seo/31, 2026-09-29) + LIVE_HTTP_VERIFIED (status/canonical/sitemap/links observed 2026-10-09) + SOURCE_CODE_VERIFIED (HEAD 0735af2)",No change; wait ~4 weeks of data (docs/seo/car-area-performance-review.md review 2026-10-25),Medium — GSC membership is historical/inferred; live technical facts are high-confidence,Low — acting on a stale DNI label wastes effort; medium for the duplicate-intent group where premature indexing amplifies pattern exposure,No
/car-battery-service/jp-nagar,UNVERIFIED — no GSC export supplied (see 08-original-export-inventory.csv); GSC API not connected,200,https://ridencare.co.in/car-battery-service/jp-nagar,Yes,15 of 479 pages,Self-consistent (canonical == live URL),"Gated registry copy (src/lib/car-area-content.ts) — unique per service×area pair, quality-scored before publish",Low — unique quality-scored copy,Wave-1 pages published late (2026-09-27); low age/links — classic new-page DNI,"Indexable today (200, no noindex) — intended to be indexed; monitor for recrawl, no defect found",MONITOR,No defect found in live evidence; re-check in GSC when export exists,"HISTORICAL_BASELINE (DNI attribution from docs/seo/31, 2026-09-29) + LIVE_HTTP_VERIFIED (status/canonical/sitemap/links observed 2026-10-09) + SOURCE_CODE_VERIFIED (HEAD 0735af2)",No change; wait ~4 weeks of data (docs/seo/car-area-performance-review.md review 2026-10-25),Medium — GSC membership is historical/inferred; live technical facts are high-confidence,Low — acting on a stale DNI label wastes effort; medium for the duplicate-intent group where premature indexing amplifies pattern exposure,No
/car-battery-service/koramangala,UNVERIFIED — no GSC export supplied (see 08-original-export-inventory.csv); GSC API not connected,200,https://ridencare.co.in/car-battery-service/koramangala,Yes,17 of 479 pages,Self-consistent (canonical == live URL),"Gated registry copy (src/lib/car-area-content.ts) — unique per service×area pair, quality-scored before publish",Low — unique quality-scored copy,Wave-1 pages published late (2026-09-27); low age/links — classic new-page DNI,"Indexable today (200, no noindex) — intended to be indexed; monitor for recrawl, no defect found",MONITOR,No defect found in live evidence; re-check in GSC when export exists,"HISTORICAL_BASELINE (DNI attribution from docs/seo/31, 2026-09-29) + LIVE_HTTP_VERIFIED (status/canonical/sitemap/links observed 2026-10-09) + SOURCE_CODE_VERIFIED (HEAD 0735af2)",No change; wait ~4 weeks of data (docs/seo/car-area-performance-review.md review 2026-10-25),Medium — GSC membership is historical/inferred; live technical facts are high-confidence,Low — acting on a stale DNI label wastes effort; medium for the duplicate-intent group where premature indexing amplifies pattern exposure,No
/car-brake-service/bellandur,UNVERIFIED — no GSC export supplied (see 08-original-export-inventory.csv); GSC API not connected,200,https://ridencare.co.in/car-brake-service/bellandur,Yes,17 of 479 pages,Self-consistent (canonical == live URL),"Gated registry copy (src/lib/car-area-content.ts) — unique per service×area pair, quality-scored before publish",Low — unique quality-scored copy,Wave-1 pages published late (2026-09-27); low age/links — classic new-page DNI,"Indexable today (200, no noindex) — intended to be indexed; monitor for recrawl, no defect found",MONITOR,No defect found in live evidence; re-check in GSC when export exists,"HISTORICAL_BASELINE (DNI attribution from docs/seo/31, 2026-09-29) + LIVE_HTTP_VERIFIED (status/canonical/sitemap/links observed 2026-10-09) + SOURCE_CODE_VERIFIED (HEAD 0735af2)",No change; wait ~4 weeks of data (docs/seo/car-area-performance-review.md review 2026-10-25),Medium — GSC membership is historical/inferred; live technical facts are high-confidence,Low — acting on a stale DNI label wastes effort; medium for the duplicate-intent group where premature indexing amplifies pattern exposure,No
/car-brake-service/btm-layout,UNVERIFIED — no GSC export supplied (see 08-original-export-inventory.csv); GSC API not connected,200,https://ridencare.co.in/car-brake-service/btm-layout,Yes,18 of 479 pages,Self-consistent (canonical == live URL),"Gated registry copy (src/lib/car-area-content.ts) — unique per service×area pair, quality-scored before publish",Low — unique quality-scored copy,Wave-1 pages published late (2026-09-27); low age/links — classic new-page DNI,"Indexable today (200, no noindex) — intended to be indexed; monitor for recrawl, no defect found",MONITOR,No defect found in live evidence; re-check in GSC when export exists,"HISTORICAL_BASELINE (DNI attribution from docs/seo/31, 2026-09-29) + LIVE_HTTP_VERIFIED (status/canonical/sitemap/links observed 2026-10-09) + SOURCE_CODE_VERIFIED (HEAD 0735af2)",No change; wait ~4 weeks of data (docs/seo/car-area-performance-review.md review 2026-10-25),Medium — GSC membership is historical/inferred; live technical facts are high-confidence,Low — acting on a stale DNI label wastes effort; medium for the duplicate-intent group where premature indexing amplifies pattern exposure,No
/car-brake-service/electronic-city,UNVERIFIED — no GSC export supplied (see 08-original-export-inventory.csv); GSC API not connected,200,https://ridencare.co.in/car-brake-service/electronic-city,Yes,17 of 479 pages,Self-consistent (canonical == live URL),"Gated registry copy (src/lib/car-area-content.ts) — unique per service×area pair, quality-scored before publish",Low — unique quality-scored copy,Wave-1 pages published late (2026-09-27); low age/links — classic new-page DNI,"Indexable today (200, no noindex) — intended to be indexed; monitor for recrawl, no defect found",MONITOR,No defect found in live evidence; re-check in GSC when export exists,"HISTORICAL_BASELINE (DNI attribution from docs/seo/31, 2026-09-29) + LIVE_HTTP_VERIFIED (status/canonical/sitemap/links observed 2026-10-09) + SOURCE_CODE_VERIFIED (HEAD 0735af2)",No change; wait ~4 weeks of data (docs/seo/car-area-performance-review.md review 2026-10-25),Medium — GSC membership is historical/inferred; live technical facts are high-confidence,Low — acting on a stale DNI label wastes effort; medium for the duplicate-intent group where premature indexing amplifies pattern exposure,No
/car-brake-service/indiranagar,UNVERIFIED — no GSC export supplied (see 08-original-export-inventory.csv); GSC API not connected,200,https://ridencare.co.in/car-brake-service/indiranagar,Yes,17 of 479 pages,Self-consistent (canonical == live URL),"Gated registry copy (src/lib/car-area-content.ts) — unique per service×area pair, quality-scored before publish",Low — unique quality-scored copy,Wave-1 pages published late (2026-09-27); low age/links — classic new-page DNI,"Indexable today (200, no noindex) — intended to be indexed; monitor for recrawl, no defect found",MONITOR,No defect found in live evidence; re-check in GSC when export exists,"HISTORICAL_BASELINE (DNI attribution from docs/seo/31, 2026-09-29) + LIVE_HTTP_VERIFIED (status/canonical/sitemap/links observed 2026-10-09) + SOURCE_CODE_VERIFIED (HEAD 0735af2)",No change; wait ~4 weeks of data (docs/seo/car-area-performance-review.md review 2026-10-25),Medium — GSC membership is historical/inferred; live technical facts are high-confidence,Low — acting on a stale DNI label wastes effort; medium for the duplicate-intent group where premature indexing amplifies pattern exposure,No
/car-brake-service/koramangala,UNVERIFIED — no GSC export supplied (see 08-original-export-inventory.csv); GSC API not connected,200,https://ridencare.co.in/car-brake-service/koramangala,Yes,17 of 479 pages,Self-consistent (canonical == live URL),"Gated registry copy (src/lib/car-area-content.ts) — unique per service×area pair, quality-scored before publish",Low — unique quality-scored copy,Wave-1 pages published late (2026-09-27); low age/links — classic new-page DNI,"Indexable today (200, no noindex) — intended to be indexed; monitor for recrawl, no defect found",MONITOR,No defect found in live evidence; re-check in GSC when export exists,"HISTORICAL_BASELINE (DNI attribution from docs/seo/31, 2026-09-29) + LIVE_HTTP_VERIFIED (status/canonical/sitemap/links observed 2026-10-09) + SOURCE_CODE_VERIFIED (HEAD 0735af2)",No change; wait ~4 weeks of data (docs/seo/car-area-performance-review.md review 2026-10-25),Medium — GSC membership is historical/inferred; live technical facts are high-confidence,Low — acting on a stale DNI label wastes effort; medium for the duplicate-intent group where premature indexing amplifies pattern exposure,No
/car-brake-service/marathahalli,UNVERIFIED — no GSC export supplied (see 08-original-export-inventory.csv); GSC API not connected,200,https://ridencare.co.in/car-brake-service/marathahalli,Yes,14 of 479 pages,Self-consistent (canonical == live URL),"Gated registry copy (src/lib/car-area-content.ts) — unique per service×area pair, quality-scored before publish",Low — unique quality-scored copy,Wave-1 pages published late (2026-09-27); low age/links — classic new-page DNI,"Indexable today (200, no noindex) — intended to be indexed; monitor for recrawl, no defect found",MONITOR,No defect found in live evidence; re-check in GSC when export exists,"HISTORICAL_BASELINE (DNI attribution from docs/seo/31, 2026-09-29) + LIVE_HTTP_VERIFIED (status/canonical/sitemap/links observed 2026-10-09) + SOURCE_CODE_VERIFIED (HEAD 0735af2)",No change; wait ~4 weeks of data (docs/seo/car-area-performance-review.md review 2026-10-25),Medium — GSC membership is historical/inferred; live technical facts are high-confidence,Low — acting on a stale DNI label wastes effort; medium for the duplicate-intent group where premature indexing amplifies pattern exposure,No
/car-periodic-service/bellandur,UNVERIFIED — no GSC export supplied (see 08-original-export-inventory.csv); GSC API not connected,200,https://ridencare.co.in/car-periodic-service/bellandur,Yes,17 of 479 pages,Self-consistent (canonical == live URL),"Gated registry copy (src/lib/car-area-content.ts) — unique per service×area pair, quality-scored before publish",Low — unique quality-scored copy,Wave-1 pages published late (2026-09-27); low age/links — classic new-page DNI,"Indexable today (200, no noindex) — intended to be indexed; monitor for recrawl, no defect found",MONITOR,No defect found in live evidence; re-check in GSC when export exists,"HISTORICAL_BASELINE (DNI attribution from docs/seo/31, 2026-09-29) + LIVE_HTTP_VERIFIED (status/canonical/sitemap/links observed 2026-10-09) + SOURCE_CODE_VERIFIED (HEAD 0735af2)",No change; wait ~4 weeks of data (docs/seo/car-area-performance-review.md review 2026-10-25),Medium — GSC membership is historical/inferred; live technical facts are high-confidence,Low — acting on a stale DNI label wastes effort; medium for the duplicate-intent group where premature indexing amplifies pattern exposure,No
/car-periodic-service/btm-layout,UNVERIFIED — no GSC export supplied (see 08-original-export-inventory.csv); GSC API not connected,200,https://ridencare.co.in/car-periodic-service/btm-layout,Yes,18 of 479 pages,Self-consistent (canonical == live URL),"Gated registry copy (src/lib/car-area-content.ts) — unique per service×area pair, quality-scored before publish",Low — unique quality-scored copy,Wave-1 pages published late (2026-09-27); low age/links — classic new-page DNI,"Indexable today (200, no noindex) — intended to be indexed; monitor for recrawl, no defect found",MONITOR,No defect found in live evidence; re-check in GSC when export exists,"HISTORICAL_BASELINE (DNI attribution from docs/seo/31, 2026-09-29) + LIVE_HTTP_VERIFIED (status/canonical/sitemap/links observed 2026-10-09) + SOURCE_CODE_VERIFIED (HEAD 0735af2)",No change; wait ~4 weeks of data (docs/seo/car-area-performance-review.md review 2026-10-25),Medium — GSC membership is historical/inferred; live technical facts are high-confidence,Low — acting on a stale DNI label wastes effort; medium for the duplicate-intent group where premature indexing amplifies pattern exposure,No
/car-periodic-service/electronic-city,UNVERIFIED — no GSC export supplied (see 08-original-export-inventory.csv); GSC API not connected,200,https://ridencare.co.in/car-periodic-service/electronic-city,Yes,17 of 479 pages,Self-consistent (canonical == live URL),"Gated registry copy (src/lib/car-area-content.ts) — unique per service×area pair, quality-scored before publish",Low — unique quality-scored copy,Wave-1 pages published late (2026-09-27); low age/links — classic new-page DNI,"Indexable today (200, no noindex) — intended to be indexed; monitor for recrawl, no defect found",MONITOR,No defect found in live evidence; re-check in GSC when export exists,"HISTORICAL_BASELINE (DNI attribution from docs/seo/31, 2026-09-29) + LIVE_HTTP_VERIFIED (status/canonical/sitemap/links observed 2026-10-09) + SOURCE_CODE_VERIFIED (HEAD 0735af2)",No change; wait ~4 weeks of data (docs/seo/car-area-performance-review.md review 2026-10-25),Medium — GSC membership is historical/inferred; live technical facts are high-confidence,Low — acting on a stale DNI label wastes effort; medium for the duplicate-intent group where premature indexing amplifies pattern exposure,No
/car-periodic-service/hsr-layout,UNVERIFIED — no GSC export supplied (see 08-original-export-inventory.csv); GSC API not connected,200,https://ridencare.co.in/car-periodic-service/hsr-layout,Yes,14 of 479 pages,Self-consistent (canonical == live URL),"Gated registry copy (src/lib/car-area-content.ts) — unique per service×area pair, quality-scored before publish",Low — unique quality-scored copy,Wave-1 pages published late (2026-09-27); low age/links — classic new-page DNI,"Indexable today (200, no noindex) — intended to be indexed; monitor for recrawl, no defect found",MONITOR,No defect found in live evidence; re-check in GSC when export exists,"HISTORICAL_BASELINE (DNI attribution from docs/seo/31, 2026-09-29) + LIVE_HTTP_VERIFIED (status/canonical/sitemap/links observed 2026-10-09) + SOURCE_CODE_VERIFIED (HEAD 0735af2)",No change; wait ~4 weeks of data (docs/seo/car-area-performance-review.md review 2026-10-25),Medium — GSC membership is historical/inferred; live technical facts are high-confidence,Low — acting on a stale DNI label wastes effort; medium for the duplicate-intent group where premature indexing amplifies pattern exposure,No
/car-periodic-service/indiranagar,UNVERIFIED — no GSC export supplied (see 08-original-export-inventory.csv); GSC API not connected,200,https://ridencare.co.in/car-periodic-service/indiranagar,Yes,17 of 479 pages,Self-consistent (canonical == live URL),"Gated registry copy (src/lib/car-area-content.ts) — unique per service×area pair, quality-scored before publish",Low — unique quality-scored copy,Wave-1 pages published late (2026-09-27); low age/links — classic new-page DNI,"Indexable today (200, no noindex) — intended to be indexed; monitor for recrawl, no defect found",MONITOR,No defect found in live evidence; re-check in GSC when export exists,"HISTORICAL_BASELINE (DNI attribution from docs/seo/31, 2026-09-29) + LIVE_HTTP_VERIFIED (status/canonical/sitemap/links observed 2026-10-09) + SOURCE_CODE_VERIFIED (HEAD 0735af2)",No change; wait ~4 weeks of data (docs/seo/car-area-performance-review.md review 2026-10-25),Medium — GSC membership is historical/inferred; live technical facts are high-confidence,Low — acting on a stale DNI label wastes effort; medium for the duplicate-intent group where premature indexing amplifies pattern exposure,No
/car-periodic-service/koramangala,UNVERIFIED — no GSC export supplied (see 08-original-export-inventory.csv); GSC API not connected,200,https://ridencare.co.in/car-periodic-service/koramangala,Yes,17 of 479 pages,Self-consistent (canonical == live URL),"Gated registry copy (src/lib/car-area-content.ts) — unique per service×area pair, quality-scored before publish",Low — unique quality-scored copy,Wave-1 pages published late (2026-09-27); low age/links — classic new-page DNI,"Indexable today (200, no noindex) — intended to be indexed; monitor for recrawl, no defect found",MONITOR,No defect found in live evidence; re-check in GSC when export exists,"HISTORICAL_BASELINE (DNI attribution from docs/seo/31, 2026-09-29) + LIVE_HTTP_VERIFIED (status/canonical/sitemap/links observed 2026-10-09) + SOURCE_CODE_VERIFIED (HEAD 0735af2)",No change; wait ~4 weeks of data (docs/seo/car-area-performance-review.md review 2026-10-25),Medium — GSC membership is historical/inferred; live technical facts are high-confidence,Low — acting on a stale DNI label wastes effort; medium for the duplicate-intent group where premature indexing amplifies pattern exposure,No
/blog/bike-service-checklist-bangalore,UNVERIFIED — no GSC export supplied (see 08-original-export-inventory.csv); GSC API not connected,200,https://ridencare.co.in/blog/bike-service-checklist-bangalore,Yes,3 of 479 pages,Self-consistent (canonical == live URL),DB-driven post with unique title/H1; legacy content,"Low/none — unique title, H1 and body verified in the 2026-10-09 crawl",Sitemap-driven discovery only; posts are 1–2 hops deep behind the /blog hub,"Indexable today (200, no noindex) — intended to be indexed; monitor for recrawl, no defect found",MONITOR,No defect found in live evidence; re-check in GSC when export exists,"HISTORICAL_BASELINE (DNI attribution from docs/seo/31, 2026-09-29) + LIVE_HTTP_VERIFIED (status/canonical/sitemap/links observed 2026-10-09) + SOURCE_CODE_VERIFIED (HEAD 0735af2)",Keep hub links; 2 newer posts still await the Supabase migration (docs/seo/31 §3b),Medium — GSC membership is historical/inferred; live technical facts are high-confidence,Low — acting on a stale DNI label wastes effort; medium for the duplicate-intent group where premature indexing amplifies pattern exposure,No
/blog/car-ac-not-cooling-bangalore,UNVERIFIED — no GSC export supplied (see 08-original-export-inventory.csv); GSC API not connected,200,https://ridencare.co.in/blog/car-ac-not-cooling-bangalore,Yes,4 of 479 pages,Self-consistent (canonical == live URL),DB-driven post with unique title/H1; legacy content,"Low/none — unique title, H1 and body verified in the 2026-10-09 crawl",Sitemap-driven discovery only; posts are 1–2 hops deep behind the /blog hub,"Indexable today (200, no noindex) — intended to be indexed; monitor for recrawl, no defect found",MONITOR,No defect found in live evidence; re-check in GSC when export exists,"HISTORICAL_BASELINE (DNI attribution from docs/seo/31, 2026-09-29) + LIVE_HTTP_VERIFIED (status/canonical/sitemap/links observed 2026-10-09) + SOURCE_CODE_VERIFIED (HEAD 0735af2)",Keep hub links; 2 newer posts still await the Supabase migration (docs/seo/31 §3b),Medium — GSC membership is historical/inferred; live technical facts are high-confidence,Low — acting on a stale DNI label wastes effort; medium for the duplicate-intent group where premature indexing amplifies pattern exposure,No
/blog/car-battery-life-bangalore,UNVERIFIED — no GSC export supplied (see 08-original-export-inventory.csv); GSC API not connected,200,https://ridencare.co.in/blog/car-battery-life-bangalore,Yes,12 of 479 pages,Self-consistent (canonical == live URL),DB-driven post with unique title/H1; legacy content,"Low/none — unique title, H1 and body verified in the 2026-10-09 crawl",Sitemap-driven discovery only; posts are 1–2 hops deep behind the /blog hub,"Indexable today (200, no noindex) — intended to be indexed; monitor for recrawl, no defect found",MONITOR,No defect found in live evidence; re-check in GSC when export exists,"HISTORICAL_BASELINE (DNI attribution from docs/seo/31, 2026-09-29) + LIVE_HTTP_VERIFIED (status/canonical/sitemap/links observed 2026-10-09) + SOURCE_CODE_VERIFIED (HEAD 0735af2)",Keep hub links; 2 newer posts still await the Supabase migration (docs/seo/31 §3b),Medium — GSC membership is historical/inferred; live technical facts are high-confidence,Low — acting on a stale DNI label wastes effort; medium for the duplicate-intent group where premature indexing amplifies pattern exposure,No
/blog/car-service-cost-bangalore-2026,UNVERIFIED — no GSC export supplied (see 08-original-export-inventory.csv); GSC API not connected,200,https://ridencare.co.in/blog/car-service-cost-bangalore-2026,Yes,3 of 479 pages,Self-consistent (canonical == live URL),DB-driven post with unique title/H1; legacy content,"Low/none — unique title, H1 and body verified in the 2026-10-09 crawl",Sitemap-driven discovery only; posts are 1–2 hops deep behind the /blog hub,"Indexable today (200, no noindex) — intended to be indexed; monitor for recrawl, no defect found",MONITOR,No defect found in live evidence; re-check in GSC when export exists,"HISTORICAL_BASELINE (DNI attribution from docs/seo/31, 2026-09-29) + LIVE_HTTP_VERIFIED (status/canonical/sitemap/links observed 2026-10-09) + SOURCE_CODE_VERIFIED (HEAD 0735af2)",Keep hub links; 2 newer posts still await the Supabase migration (docs/seo/31 §3b),Medium — GSC membership is historical/inferred; live technical facts are high-confidence,Low — acting on a stale DNI label wastes effort; medium for the duplicate-intent group where premature indexing amplifies pattern exposure,No
/blog/doorstep-vs-garage-service,UNVERIFIED — no GSC export supplied (see 08-original-export-inventory.csv); GSC API not connected,200,https://ridencare.co.in/blog/doorstep-vs-garage-service,Yes,3 of 479 pages,Self-consistent (canonical == live URL),DB-driven post with unique title/H1; legacy content,"Low/none — unique title, H1 and body verified in the 2026-10-09 crawl",Sitemap-driven discovery only; posts are 1–2 hops deep behind the /blog hub,"Indexable today (200, no noindex) — intended to be indexed; monitor for recrawl, no defect found",MONITOR,No defect found in live evidence; re-check in GSC when export exists,"HISTORICAL_BASELINE (DNI attribution from docs/seo/31, 2026-09-29) + LIVE_HTTP_VERIFIED (status/canonical/sitemap/links observed 2026-10-09) + SOURCE_CODE_VERIFIED (HEAD 0735af2)",Keep hub links; 2 newer posts still await the Supabase migration (docs/seo/31 §3b),Medium — GSC membership is historical/inferred; live technical facts are high-confidence,Low — acting on a stale DNI label wastes effort; medium for the duplicate-intent group where premature indexing amplifies pattern exposure,No
/blog/engine-oil-guide-bangalore,UNVERIFIED — no GSC export supplied (see 08-original-export-inventory.csv); GSC API not connected,200,https://ridencare.co.in/blog/engine-oil-guide-bangalore,Yes,3 of 479 pages,Self-consistent (canonical == live URL),DB-driven post with unique title/H1; legacy content,"Low/none — unique title, H1 and body verified in the 2026-10-09 crawl",Sitemap-driven discovery only; posts are 1–2 hops deep behind the /blog hub,"Indexable today (200, no noindex) — intended to be indexed; monitor for recrawl, no defect found",MONITOR,No defect found in live evidence; re-check in GSC when export exists,"HISTORICAL_BASELINE (DNI attribution from docs/seo/31, 2026-09-29) + LIVE_HTTP_VERIFIED (status/canonical/sitemap/links observed 2026-10-09) + SOURCE_CODE_VERIFIED (HEAD 0735af2)",Keep hub links; 2 newer posts still await the Supabase migration (docs/seo/31 §3b),Medium — GSC membership is historical/inferred; live technical facts are high-confidence,Low — acting on a stale DNI label wastes effort; medium for the duplicate-intent group where premature indexing amplifies pattern exposure,No
/blog/monsoon-bike-care-bangalore,UNVERIFIED — no GSC export supplied (see 08-original-export-inventory.csv); GSC API not connected,200,https://ridencare.co.in/blog/monsoon-bike-care-bangalore,Yes,12 of 479 pages,Self-consistent (canonical == live URL),DB-driven post with unique title/H1; legacy content,"Low/none — unique title, H1 and body verified in the 2026-10-09 crawl",Sitemap-driven discovery only; posts are 1–2 hops deep behind the /blog hub,"Indexable today (200, no noindex) — intended to be indexed; monitor for recrawl, no defect found",MONITOR,No defect found in live evidence; re-check in GSC when export exists,"HISTORICAL_BASELINE (DNI attribution from docs/seo/31, 2026-09-29) + LIVE_HTTP_VERIFIED (status/canonical/sitemap/links observed 2026-10-09) + SOURCE_CODE_VERIFIED (HEAD 0735af2)",Keep hub links; 2 newer posts still await the Supabase migration (docs/seo/31 §3b),Medium — GSC membership is historical/inferred; live technical facts are high-confidence,Low — acting on a stale DNI label wastes effort; medium for the duplicate-intent group where premature indexing amplifies pattern exposure,No
/blog/top-bangalore-areas-doorstep-service,UNVERIFIED — no GSC export supplied (see 08-original-export-inventory.csv); GSC API not connected,200,https://ridencare.co.in/blog/top-bangalore-areas-doorstep-service,Yes,6 of 479 pages,Self-consistent (canonical == live URL),DB-driven post with unique title/H1; legacy content,"Low/none — unique title, H1 and body verified in the 2026-10-09 crawl",Sitemap-driven discovery only; posts are 1–2 hops deep behind the /blog hub,"Indexable today (200, no noindex) — intended to be indexed; monitor for recrawl, no defect found",MONITOR,No defect found in live evidence; re-check in GSC when export exists,"HISTORICAL_BASELINE (DNI attribution from docs/seo/31, 2026-09-29) + LIVE_HTTP_VERIFIED (status/canonical/sitemap/links observed 2026-10-09) + SOURCE_CODE_VERIFIED (HEAD 0735af2)",Keep hub links; 2 newer posts still await the Supabase migration (docs/seo/31 §3b),Medium — GSC membership is historical/inferred; live technical facts are high-confidence,Low — acting on a stale DNI label wastes effort; medium for the duplicate-intent group where premature indexing amplifies pattern exposure,No
/guides/bike-breakdown-troubleshooting-guide,UNVERIFIED — no GSC export supplied (see 08-original-export-inventory.csv); GSC API not connected,200,https://ridencare.co.in/guides/bike-breakdown-troubleshooting-guide,Yes,479 of 479 pages,Self-consistent (canonical == live URL),"Unique long-form guide, unique title/H1, linked from home + footer","Low/none — unique title, H1 and body verified in the 2026-10-09 crawl","Healthy content; DNI at 2026-09-29 was a discovery-lag signal, not a defect","Indexable today (200, no noindex) — intended to be indexed; monitor for recrawl, no defect found",MONITOR,No defect found in live evidence; re-check in GSC when export exists,"HISTORICAL_BASELINE (DNI attribution from docs/seo/31, 2026-09-29) + LIVE_HTTP_VERIFIED (status/canonical/sitemap/links observed 2026-10-09) + SOURCE_CODE_VERIFIED (HEAD 0735af2)",No change; monitor,Medium — GSC membership is historical/inferred; live technical facts are high-confidence,Low — acting on a stale DNI label wastes effort; medium for the duplicate-intent group where premature indexing amplifies pattern exposure,No
/guides/bike-service-guide-bangalore,UNVERIFIED — no GSC export supplied (see 08-original-export-inventory.csv); GSC API not connected,200,https://ridencare.co.in/guides/bike-service-guide-bangalore,Yes,479 of 479 pages,Self-consistent (canonical == live URL),"Unique long-form guide, unique title/H1, linked from home + footer","Low/none — unique title, H1 and body verified in the 2026-10-09 crawl","Healthy content; DNI at 2026-09-29 was a discovery-lag signal, not a defect","Indexable today (200, no noindex) — intended to be indexed; monitor for recrawl, no defect found",MONITOR,No defect found in live evidence; re-check in GSC when export exists,"HISTORICAL_BASELINE (DNI attribution from docs/seo/31, 2026-09-29) + LIVE_HTTP_VERIFIED (status/canonical/sitemap/links observed 2026-10-09) + SOURCE_CODE_VERIFIED (HEAD 0735af2)",No change; monitor,Medium — GSC membership is historical/inferred; live technical facts are high-confidence,Low — acting on a stale DNI label wastes effort; medium for the duplicate-intent group where premature indexing amplifies pattern exposure,No
/guides/common-bike-problems-and-solutions,UNVERIFIED — no GSC export supplied (see 08-original-export-inventory.csv); GSC API not connected,200,https://ridencare.co.in/guides/common-bike-problems-and-solutions,Yes,21 of 479 pages,Self-consistent (canonical == live URL),"Unique long-form guide, unique title/H1, linked from home + footer","Low/none — unique title, H1 and body verified in the 2026-10-09 crawl","Healthy content; DNI at 2026-09-29 was a discovery-lag signal, not a defect","Indexable today (200, no noindex) — intended to be indexed; monitor for recrawl, no defect found",MONITOR,No defect found in live evidence; re-check in GSC when export exists,"HISTORICAL_BASELINE (DNI attribution from docs/seo/31, 2026-09-29) + LIVE_HTTP_VERIFIED (status/canonical/sitemap/links observed 2026-10-09) + SOURCE_CODE_VERIFIED (HEAD 0735af2)",No change; monitor,Medium — GSC membership is historical/inferred; live technical facts are high-confidence,Low — acting on a stale DNI label wastes effort; medium for the duplicate-intent group where premature indexing amplifies pattern exposure,No
/guides/complete-bike-maintenance-guide,UNVERIFIED — no GSC export supplied (see 08-original-export-inventory.csv); GSC API not connected,200,https://ridencare.co.in/guides/complete-bike-maintenance-guide,Yes,479 of 479 pages,Self-consistent (canonical == live URL),"Unique long-form guide, unique title/H1, linked from home + footer","Low/none — unique title, H1 and body verified in the 2026-10-09 crawl","Healthy content; DNI at 2026-09-29 was a discovery-lag signal, not a defect","Indexable today (200, no noindex) — intended to be indexed; monitor for recrawl, no defect found",MONITOR,No defect found in live evidence; re-check in GSC when export exists,"HISTORICAL_BASELINE (DNI attribution from docs/seo/31, 2026-09-29) + LIVE_HTTP_VERIFIED (status/canonical/sitemap/links observed 2026-10-09) + SOURCE_CODE_VERIFIED (HEAD 0735af2)",No change; monitor,Medium — GSC membership is historical/inferred; live technical facts are high-confidence,Low — acting on a stale DNI label wastes effort; medium for the duplicate-intent group where premature indexing amplifies pattern exposure,No
/guides/doorstep-bike-service-guide,UNVERIFIED — no GSC export supplied (see 08-original-export-inventory.csv); GSC API not connected,200,https://ridencare.co.in/guides/doorstep-bike-service-guide,Yes,9 of 479 pages,Self-consistent (canonical == live URL),"Unique long-form guide, unique title/H1, linked from home + footer","Low/none — unique title, H1 and body verified in the 2026-10-09 crawl","Healthy content; DNI at 2026-09-29 was a discovery-lag signal, not a defect","Indexable today (200, no noindex) — intended to be indexed; monitor for recrawl, no defect found",MONITOR,No defect found in live evidence; re-check in GSC when export exists,"HISTORICAL_BASELINE (DNI attribution from docs/seo/31, 2026-09-29) + LIVE_HTTP_VERIFIED (status/canonical/sitemap/links observed 2026-10-09) + SOURCE_CODE_VERIFIED (HEAD 0735af2)",No change; monitor,Medium — GSC membership is historical/inferred; live technical facts are high-confidence,Low — acting on a stale DNI label wastes effort; medium for the duplicate-intent group where premature indexing amplifies pattern exposure,No
/guides/motorcycle-vs-scooter-maintenance,UNVERIFIED — no GSC export supplied (see 08-original-export-inventory.csv); GSC API not connected,200,https://ridencare.co.in/guides/motorcycle-vs-scooter-maintenance,Yes,7 of 479 pages,Self-consistent (canonical == live URL),"Unique long-form guide, unique title/H1, linked from home + footer","Low/none — unique title, H1 and body verified in the 2026-10-09 crawl","Healthy content; DNI at 2026-09-29 was a discovery-lag signal, not a defect","Indexable today (200, no noindex) — intended to be indexed; monitor for recrawl, no defect found",MONITOR,No defect found in live evidence; re-check in GSC when export exists,"HISTORICAL_BASELINE (DNI attribution from docs/seo/31, 2026-09-29) + LIVE_HTTP_VERIFIED (status/canonical/sitemap/links observed 2026-10-09) + SOURCE_CODE_VERIFIED (HEAD 0735af2)",No change; monitor,Medium — GSC membership is historical/inferred; live technical facts are high-confidence,Low — acting on a stale DNI label wastes effort; medium for the duplicate-intent group where premature indexing amplifies pattern exposure,No
/guides/when-to-service-your-bike,UNVERIFIED — no GSC export supplied (see 08-original-export-inventory.csv); GSC API not connected,200,https://ridencare.co.in/guides/when-to-service-your-bike,Yes,18 of 479 pages,Self-consistent (canonical == live URL),"Unique long-form guide, unique title/H1, linked from home + footer","Low/none — unique title, H1 and body verified in the 2026-10-09 crawl","Healthy content; DNI at 2026-09-29 was a discovery-lag signal, not a defect","Indexable today (200, no noindex) — intended to be indexed; monitor for recrawl, no defect found",MONITOR,No defect found in live evidence; re-check in GSC when export exists,"HISTORICAL_BASELINE (DNI attribution from docs/seo/31, 2026-09-29) + LIVE_HTTP_VERIFIED (status/canonical/sitemap/links observed 2026-10-09) + SOURCE_CODE_VERIFIED (HEAD 0735af2)",No change; monitor,Medium — GSC membership is historical/inferred; live technical facts are high-confidence,Low — acting on a stale DNI label wastes effort; medium for the duplicate-intent group where premature indexing amplifies pattern exposure,No
/doorstep-bike-repair,UNVERIFIED — no GSC export supplied (see 08-original-export-inventory.csv); GSC API not connected,200,https://ridencare.co.in/doorstep-bike-repair,Yes,479 of 479 pages,Self-consistent (canonical == live URL),Unique repair-at-door intent vs /bike-repair; unique title/H1,"Low/none — unique title, H1 and body verified in the 2026-10-09 crawl",Listed in the DNI group at 2026-09-29 as healthy/new-ish — discovery lag,"Indexable today (200, no noindex) — intended to be indexed; monitor for recrawl, no defect found",MONITOR,No defect found in live evidence; re-check in GSC when export exists,"HISTORICAL_BASELINE (DNI attribution from docs/seo/31, 2026-09-29) + LIVE_HTTP_VERIFIED (status/canonical/sitemap/links observed 2026-10-09) + SOURCE_CODE_VERIFIED (HEAD 0735af2)",No change; monitor,Medium — GSC membership is historical/inferred; live technical facts are high-confidence,Low — acting on a stale DNI label wastes effort; medium for the duplicate-intent group where premature indexing amplifies pattern exposure,No
/scooter-service,UNVERIFIED — no GSC export supplied (see 08-original-export-inventory.csv); GSC API not connected,200,https://ridencare.co.in/scooter-service,Yes,479 of 479 pages,Self-consistent (canonical == live URL),Unique EV/scooter service vertical page,"Low/none — unique title, H1 and body verified in the 2026-10-09 crawl",Discovery lag at 2026-09-29,"Indexable today (200, no noindex) — intended to be indexed; monitor for recrawl, no defect found",MONITOR,No defect found in live evidence; re-check in GSC when export exists,"HISTORICAL_BASELINE (DNI attribution from docs/seo/31, 2026-09-29) + LIVE_HTTP_VERIFIED (status/canonical/sitemap/links observed 2026-10-09) + SOURCE_CODE_VERIFIED (HEAD 0735af2)",No change,Medium — GSC membership is historical/inferred; live technical facts are high-confidence,Low — acting on a stale DNI label wastes effort; medium for the duplicate-intent group where premature indexing amplifies pattern exposure,No
/bikes,UNVERIFIED — no GSC export supplied (see 08-original-export-inventory.csv); GSC API not connected,307,https://ridencare.co.in/bikes,Yes,0 direct (non-slash variant: 479 of 479),Self-consistent (canonical == live URL),Brand/pricing hub — primary money page,"Low/none — unique title, H1 and body verified in the 2026-10-09 crawl",Listed in the DNI group at 2026-09-29; a nav-linked hub should be crawled — re-check,Indexable today technically; intended indexing status UNVERIFIED pending GSC,RECHECK IN GSC FIRST,Needs export/API before any action,"HISTORICAL_BASELINE (DNI attribution from docs/seo/31, 2026-09-29) + LIVE_HTTP_VERIFIED (status/canonical/sitemap/links observed 2026-10-09) + SOURCE_CODE_VERIFIED (HEAD 0735af2)",URL-inspect in GSC once API/export available,Medium — GSC membership is historical/inferred; live technical facts are high-confidence,Low — acting on a stale DNI label wastes effort; medium for the duplicate-intent group where premature indexing amplifies pattern exposure,No
/cars,UNVERIFIED — no GSC export supplied (see 08-original-export-inventory.csv); GSC API not connected,200,https://ridencare.co.in/cars,Yes,479 of 479 pages,Self-consistent (canonical == live URL),Car hub — primary money page,"Low/none — unique title, H1 and body verified in the 2026-10-09 crawl",Same as /bikes,Indexable today technically; intended indexing status UNVERIFIED pending GSC,RECHECK IN GSC FIRST,Needs export/API before any action,"HISTORICAL_BASELINE (DNI attribution from docs/seo/31, 2026-09-29) + LIVE_HTTP_VERIFIED (status/canonical/sitemap/links observed 2026-10-09) + SOURCE_CODE_VERIFIED (HEAD 0735af2)",URL-inspect in GSC once API/export available,Medium — GSC membership is historical/inferred; live technical facts are high-confidence,Low — acting on a stale DNI label wastes effort; medium for the duplicate-intent group where premature indexing amplifies pattern exposure,No
/franchise,UNVERIFIED — no GSC export supplied (see 08-original-export-inventory.csv); GSC API not connected,307,https://ridencare.co.in/franchise,Yes,0 direct (non-slash variant: 479 of 479),Self-consistent (canonical == live URL),"Lead-gen utility page, distinct from service pages","Low/none — unique title, H1 and body verified in the 2026-10-09 crawl",Listed as category D (marginal) in §3b; indexable but low priority,"Indexable today (200, no noindex) — intended to be indexed; monitor for recrawl, no defect found",MONITOR,No defect found in live evidence; re-check in GSC when export exists,"HISTORICAL_BASELINE (DNI attribution from docs/seo/31, 2026-09-29) + LIVE_HTTP_VERIFIED (status/canonical/sitemap/links observed 2026-10-09) + SOURCE_CODE_VERIFIED (HEAD 0735af2)",Leave as-is (owner may demote later),Medium — GSC membership is historical/inferred; live technical facts are high-confidence,Low — acting on a stale DNI label wastes effort; medium for the duplicate-intent group where premature indexing amplifies pattern exposure,No
/emergency-bike-repair/btm-layout,UNVERIFIED — no GSC export supplied (see 08-original-export-inventory.csv); GSC API not connected,200,https://ridencare.co.in/emergency-bike-repair/btm-layout,Yes,21 of 479 pages,Self-consistent (canonical == live URL),Service×area pair (shared renderer),High — body substantially identical across sibling service pages,Discovery lag,"Indexable today (200, no noindex, in sitemap); intended indexing decision deferred pending the owner's content decision on duplicate intent",OWNER DECISION — DIFFERENTIATE OR CONSOLIDATE,Duplicate-intent risk from the shared $service.$area renderer; evaluate existing pages before any new URL or canonical change,"HISTORICAL_BASELINE (DNI attribution from docs/seo/31, 2026-09-29) + LIVE_HTTP_VERIFIED (status/canonical/sitemap/links observed 2026-10-09) + SOURCE_CODE_VERIFIED (HEAD 0735af2)",Same as other pairs,Medium — GSC membership is historical/inferred; live technical facts are high-confidence,Low — acting on a stale DNI label wastes effort; medium for the duplicate-intent group where premature indexing amplifies pattern exposure,Yes
/scooter-service/koramangala,UNVERIFIED — no GSC export supplied (see 08-original-export-inventory.csv); GSC API not connected,200,https://ridencare.co.in/scooter-service/koramangala,Yes,21 of 479 pages,Self-consistent (canonical == live URL),Service×area pair (shared renderer),High — body substantially identical across sibling service pages,Discovery lag,"Indexable today (200, no noindex, in sitemap); intended indexing decision deferred pending the owner's content decision on duplicate intent",OWNER DECISION — DIFFERENTIATE OR CONSOLIDATE,Duplicate-intent risk from the shared $service.$area renderer; evaluate existing pages before any new URL or canonical change,"HISTORICAL_BASELINE (DNI attribution from docs/seo/31, 2026-09-29) + LIVE_HTTP_VERIFIED (status/canonical/sitemap/links observed 2026-10-09) + SOURCE_CODE_VERIFIED (HEAD 0735af2)",Same as other pairs,Medium — GSC membership is historical/inferred; live technical facts are high-confidence,Low — acting on a stale DNI label wastes effort; medium for the duplicate-intent group where premature indexing amplifies pattern exposure,Yes
/map,UNVERIFIED — no GSC export supplied (see 08-original-export-inventory.csv); GSC API not connected,200,https://ridencare.co.in/map,No,1 of 479 pages,Self-consistent (canonical == live URL),Map-only utility page (no content beyond the embed),"Low/none — unique title, H1 and body verified in the 2026-10-09 crawl","Listed in the §3b DNI group, but live serves noindex,follow → GSC classes it Excluded by noindex, not DNI","Excluded by policy (serves noindex, observed 2026-10-09) — NOT intended for indexing now; see 10-noindex-intent-review.csv for the intent review",LEAVE EXCLUDED,Noindex by design and already absent from the sitemap — GSC historically listed it under DNI; do not index,"HISTORICAL_BASELINE (DNI attribution from docs/seo/31, 2026-09-29) + LIVE_HTTP_VERIFIED (status/canonical/sitemap/links observed 2026-10-09) + SOURCE_CODE_VERIFIED (HEAD 0735af2)",No change (utility page stays noindex),Medium — GSC membership is historical/inferred; live technical facts are high-confidence,Low — acting on a stale DNI label wastes effort; medium for the duplicate-intent group where premature indexing amplifies pattern exposure,No
