URL,Live HTTP result,Canonical,Robots/noindex state,Sitemap membership,Internal links,GSC status,Evidence classification,Recommended action,Evidence notes
/,200,https://ridencare.co.in/,none (no meta robots — indexable),Yes,479 of 479 pages,UNVERIFIED — export not recovered and GSC API not connected (live 200 does not reveal Google's status),LIVE_HTTP_VERIFIED,"No change — technically eligible; actual Google indexing status UNVERIFIED, confirm via GSC URL Inspection (do not assume indexed)",Live state OBSERVED 2026-10-09 (status/robots/canonical from saved HTML; internal links = distinct linking pages among 479 crawled pages). GSC status per column above is NOT live-verified: an HTTP 200 proves neither indexing nor indexing eligibility.
/about,200,https://ridencare.co.in/about,none (no meta robots — indexable),Yes,479 of 479 pages,UNVERIFIED — export not recovered and GSC API not connected (live 200 does not reveal Google's status),LIVE_HTTP_VERIFIED,"No change — technically eligible; actual Google indexing status UNVERIFIED, confirm via GSC URL Inspection (do not assume indexed)",Live state OBSERVED 2026-10-09 (status/robots/canonical from saved HTML; internal links = distinct linking pages among 479 crawled pages). GSC status per column above is NOT live-verified: an HTTP 200 proves neither indexing nor indexing eligibility.
/answers,200,https://ridencare.co.in/answers,none (no meta robots — indexable),Yes,479 of 479 pages,UNVERIFIED — export not recovered and GSC API not connected (live 200 does not reveal Google's status),LIVE_HTTP_VERIFIED,"No change — technically eligible; actual Google indexing status UNVERIFIED, confirm via GSC URL Inspection (do not assume indexed)",Live state OBSERVED 2026-10-09 (status/robots/canonical from saved HTML; internal links = distinct linking pages among 479 crawled pages). GSC status per column above is NOT live-verified: an HTTP 200 proves neither indexing nor indexing eligibility.
/answers/apartment-basement,200,https://ridencare.co.in/answers/apartment-basement,none (no meta robots — indexable),Yes,89 of 479 pages,"HISTORICAL_BASELINE: 'Discovered — currently not indexed' (docs/seo/31 §3b groups, 2026-09-29)",LIVE_HTTP_VERIFIED,"No change — technically eligible; actual Google indexing status UNVERIFIED, confirm via GSC URL Inspection (do not assume indexed)",Live state OBSERVED 2026-10-09 (status/robots/canonical from saved HTML; internal links = distinct linking pages among 479 crawled pages). GSC status per column above is NOT live-verified: an HTTP 200 proves neither indexing nor indexing eligibility.
/answers/are-mechanics-verified,200,https://ridencare.co.in/answers/are-mechanics-verified,none (no meta robots — indexable),Yes,4 of 479 pages,"HISTORICAL_BASELINE: 'Crawled — currently not indexed' (docs/seo/31 §3a, 2026-09-29; also listed in §3b DNI groups)",LIVE_HTTP_VERIFIED,"No change — technically eligible; actual Google indexing status UNVERIFIED, confirm via GSC URL Inspection (do not assume indexed)",Live state OBSERVED 2026-10-09 (status/robots/canonical from saved HTML; internal links = distinct linking pages among 479 crawled pages). GSC status per column above is NOT live-verified: an HTTP 200 proves neither indexing nor indexing eligibility.
/answers/areas-covered,200,https://ridencare.co.in/answers/areas-covered,none (no meta robots — indexable),Yes,479 of 479 pages,"HISTORICAL_BASELINE: 'Discovered — currently not indexed' (docs/seo/31 §3b groups, 2026-09-29)",LIVE_HTTP_VERIFIED,"No change — technically eligible; actual Google indexing status UNVERIFIED, confirm via GSC URL Inspection (do not assume indexed)",Live state OBSERVED 2026-10-09 (status/robots/canonical from saved HTML; internal links = distinct linking pages among 479 crawled pages). GSC status per column above is NOT live-verified: an HTTP 200 proves neither indexing nor indexing eligibility.
/answers/battery-jump-start-cost,200,https://ridencare.co.in/answers/battery-jump-start-cost,none (no meta robots — indexable),Yes,52 of 479 pages,"HISTORICAL_BASELINE: 'Crawled — currently not indexed' (docs/seo/31 §3a, 2026-09-29; also listed in §3b DNI groups)",LIVE_HTTP_VERIFIED,"No change — technically eligible; actual Google indexing status UNVERIFIED, confirm via GSC URL Inspection (do not assume indexed)",Live state OBSERVED 2026-10-09 (status/robots/canonical from saved HTML; internal links = distinct linking pages among 479 crawled pages). GSC status per column above is NOT live-verified: an HTTP 200 proves neither indexing nor indexing eligibility.
/answers/bike-repair-cost,200,https://ridencare.co.in/answers/bike-repair-cost,none (no meta robots — indexable),Yes,479 of 479 pages,"HISTORICAL_BASELINE: 'Crawled — currently not indexed' (docs/seo/31 §3a, 2026-09-29; also listed in §3b DNI groups)",LIVE_HTTP_VERIFIED,"No change — technically eligible; actual Google indexing status UNVERIFIED, confirm via GSC URL Inspection (do not assume indexed)",Live state OBSERVED 2026-10-09 (status/robots/canonical from saved HTML; internal links = distinct linking pages among 479 crawled pages). GSC status per column above is NOT live-verified: an HTTP 200 proves neither indexing nor indexing eligibility.
/answers/bike-service-cost-bangalore,200,https://ridencare.co.in/answers/bike-service-cost-bangalore,none (no meta robots — indexable),Yes,479 of 479 pages,"HISTORICAL_BASELINE: 'Discovered — currently not indexed' (docs/seo/31 §3b groups, 2026-09-29)",LIVE_HTTP_VERIFIED,"No change — technically eligible; actual Google indexing status UNVERIFIED, confirm via GSC URL Inspection (do not assume indexed)",Live state OBSERVED 2026-10-09 (status/robots/canonical from saved HTML; internal links = distinct linking pages among 479 crawled pages). GSC status per column above is NOT live-verified: an HTTP 200 proves neither indexing nor indexing eligibility.
/answers/bike-stalled-in-water,200,https://ridencare.co.in/answers/bike-stalled-in-water,none (no meta robots — indexable),Yes,48 of 479 pages,"HISTORICAL_BASELINE: 'Crawled — currently not indexed' (docs/seo/31 §3a, 2026-09-29; also listed in §3b DNI groups)",LIVE_HTTP_VERIFIED,"No change — technically eligible; actual Google indexing status UNVERIFIED, confirm via GSC URL Inspection (do not assume indexed)",Live state OBSERVED 2026-10-09 (status/robots/canonical from saved HTML; internal links = distinct linking pages among 479 crawled pages). GSC status per column above is NOT live-verified: an HTTP 200 proves neither indexing nor indexing eligibility.
/answers/bike-vs-scooter-maintenance,200,https://ridencare.co.in/answers/bike-vs-scooter-maintenance,none (no meta robots — indexable),Yes,48 of 479 pages,"HISTORICAL_BASELINE: 'Discovered — currently not indexed' (docs/seo/31 §3b groups, 2026-09-29)",LIVE_HTTP_VERIFIED,"No change — technically eligible; actual Google indexing status UNVERIFIED, confirm via GSC URL Inspection (do not assume indexed)",Live state OBSERVED 2026-10-09 (status/robots/canonical from saved HTML; internal links = distinct linking pages among 479 crawled pages). GSC status per column above is NOT live-verified: an HTTP 200 proves neither indexing nor indexing eligibility.
/answers/bike-wont-start,200,https://ridencare.co.in/answers/bike-wont-start,none (no meta robots — indexable),Yes,92 of 479 pages,"HISTORICAL_BASELINE: 'Crawled — currently not indexed' (docs/seo/31 §3a, 2026-09-29; also listed in §3b DNI groups)",LIVE_HTTP_VERIFIED,"No change — technically eligible; actual Google indexing status UNVERIFIED, confirm via GSC URL Inspection (do not assume indexed)",Live state OBSERVED 2026-10-09 (status/robots/canonical from saved HTML; internal links = distinct linking pages among 479 crawled pages). GSC status per column above is NOT live-verified: an HTTP 200 proves neither indexing nor indexing eligibility.
/answers/brake-warning-signs-bike,200,https://ridencare.co.in/answers/brake-warning-signs-bike,none (no meta robots — indexable),Yes,52 of 479 pages,"HISTORICAL_BASELINE: 'Discovered — currently not indexed' (docs/seo/31 §3b groups, 2026-09-29)",LIVE_HTTP_VERIFIED,"No change — technically eligible; actual Google indexing status UNVERIFIED, confirm via GSC URL Inspection (do not assume indexed)",Live state OBSERVED 2026-10-09 (status/robots/canonical from saved HTML; internal links = distinct linking pages among 479 crawled pages). GSC status per column above is NOT live-verified: an HTTP 200 proves neither indexing nor indexing eligibility.
/answers/can-every-car-job-home,200,https://ridencare.co.in/answers/can-every-car-job-home,none (no meta robots — indexable),Yes,4 of 479 pages,"HISTORICAL_BASELINE: 'Discovered — currently not indexed' (docs/seo/31 §3b groups, 2026-09-29)",LIVE_HTTP_VERIFIED,"No change — technically eligible; actual Google indexing status UNVERIFIED, confirm via GSC URL Inspection (do not assume indexed)",Live state OBSERVED 2026-10-09 (status/robots/canonical from saved HTML; internal links = distinct linking pages among 479 crawled pages). GSC status per column above is NOT live-verified: an HTTP 200 proves neither indexing nor indexing eligibility.
/answers/car-ac-gas-refill,200,https://ridencare.co.in/answers/car-ac-gas-refill,none (no meta robots — indexable),Yes,5 of 479 pages,"HISTORICAL_BASELINE: 'Discovered — currently not indexed' (docs/seo/31 §3b groups, 2026-09-29)",LIVE_HTTP_VERIFIED,"No change — technically eligible; actual Google indexing status UNVERIFIED, confirm via GSC URL Inspection (do not assume indexed)",Live state OBSERVED 2026-10-09 (status/robots/canonical from saved HTML; internal links = distinct linking pages among 479 crawled pages). GSC status per column above is NOT live-verified: an HTTP 200 proves neither indexing nor indexing eligibility.
/answers/car-ac-not-cooling,200,https://ridencare.co.in/answers/car-ac-not-cooling,none (no meta robots — indexable),Yes,14 of 479 pages,"HISTORICAL_BASELINE: 'Discovered — currently not indexed' (docs/seo/31 §3b groups, 2026-09-29)",LIVE_HTTP_VERIFIED,"No change — technically eligible; actual Google indexing status UNVERIFIED, confirm via GSC URL Inspection (do not assume indexed)",Live state OBSERVED 2026-10-09 (status/robots/canonical from saved HTML; internal links = distinct linking pages among 479 crawled pages). GSC status per column above is NOT live-verified: an HTTP 200 proves neither indexing nor indexing eligibility.
/answers/car-ac-service-includes,200,https://ridencare.co.in/answers/car-ac-service-includes,none (no meta robots — indexable),Yes,14 of 479 pages,"HISTORICAL_BASELINE: 'Discovered — currently not indexed' (docs/seo/31 §3b groups, 2026-09-29)",LIVE_HTTP_VERIFIED,"No change — technically eligible; actual Google indexing status UNVERIFIED, confirm via GSC URL Inspection (do not assume indexed)",Live state OBSERVED 2026-10-09 (status/robots/canonical from saved HTML; internal links = distinct linking pages among 479 crawled pages). GSC status per column above is NOT live-verified: an HTTP 200 proves neither indexing nor indexing eligibility.
/answers/car-battery-replacement-when,200,https://ridencare.co.in/answers/car-battery-replacement-when,none (no meta robots — indexable),Yes,11 of 479 pages,"HISTORICAL_BASELINE: 'Discovered — currently not indexed' (docs/seo/31 §3b groups, 2026-09-29)",LIVE_HTTP_VERIFIED,"No change — technically eligible; actual Google indexing status UNVERIFIED, confirm via GSC URL Inspection (do not assume indexed)",Live state OBSERVED 2026-10-09 (status/robots/canonical from saved HTML; internal links = distinct linking pages among 479 crawled pages). GSC status per column above is NOT live-verified: an HTTP 200 proves neither indexing nor indexing eligibility.
/answers/car-battery-warning-signs,200,https://ridencare.co.in/answers/car-battery-warning-signs,none (no meta robots — indexable),Yes,12 of 479 pages,"HISTORICAL_BASELINE: 'Discovered — currently not indexed' (docs/seo/31 §3b groups, 2026-09-29)",LIVE_HTTP_VERIFIED,"No change — technically eligible; actual Google indexing status UNVERIFIED, confirm via GSC URL Inspection (do not assume indexed)",Live state OBSERVED 2026-10-09 (status/robots/canonical from saved HTML; internal links = distinct linking pages among 479 crawled pages). GSC status per column above is NOT live-verified: an HTTP 200 proves neither indexing nor indexing eligibility.
/answers/car-brake-noise-causes,200,https://ridencare.co.in/answers/car-brake-noise-causes,none (no meta robots — indexable),Yes,12 of 479 pages,"HISTORICAL_BASELINE: 'Discovered — currently not indexed' (docs/seo/31 §3b groups, 2026-09-29)",LIVE_HTTP_VERIFIED,"No change — technically eligible; actual Google indexing status UNVERIFIED, confirm via GSC URL Inspection (do not assume indexed)",Live state OBSERVED 2026-10-09 (status/robots/canonical from saved HTML; internal links = distinct linking pages among 479 crawled pages). GSC status per column above is NOT live-verified: an HTTP 200 proves neither indexing nor indexing eligibility.
/answers/car-brake-pads-when,200,https://ridencare.co.in/answers/car-brake-pads-when,none (no meta robots — indexable),Yes,11 of 479 pages,"HISTORICAL_BASELINE: 'Discovered — currently not indexed' (docs/seo/31 §3b groups, 2026-09-29)",LIVE_HTTP_VERIFIED,"No change — technically eligible; actual Google indexing status UNVERIFIED, confirm via GSC URL Inspection (do not assume indexed)",Live state OBSERVED 2026-10-09 (status/robots/canonical from saved HTML; internal links = distinct linking pages among 479 crawled pages). GSC status per column above is NOT live-verified: an HTTP 200 proves neither indexing nor indexing eligibility.
/answers/car-breakdown-rain,200,https://ridencare.co.in/answers/car-breakdown-rain,none (no meta robots — indexable),Yes,5 of 479 pages,"HISTORICAL_BASELINE: 'Discovered — currently not indexed' (docs/seo/31 §3b groups, 2026-09-29)",LIVE_HTTP_VERIFIED,"No change — technically eligible; actual Google indexing status UNVERIFIED, confirm via GSC URL Inspection (do not assume indexed)",Live state OBSERVED 2026-10-09 (status/robots/canonical from saved HTML; internal links = distinct linking pages among 479 crawled pages). GSC status per column above is NOT live-verified: an HTTP 200 proves neither indexing nor indexing eligibility.
/answers/car-service-cost-bangalore,200,https://ridencare.co.in/answers/car-service-cost-bangalore,none (no meta robots — indexable),Yes,479 of 479 pages,"HISTORICAL_BASELINE: 'Discovered — currently not indexed' (docs/seo/31 §3b groups, 2026-09-29)",LIVE_HTTP_VERIFIED,"No change — technically eligible; actual Google indexing status UNVERIFIED, confirm via GSC URL Inspection (do not assume indexed)",Live state OBSERVED 2026-10-09 (status/robots/canonical from saved HTML; internal links = distinct linking pages among 479 crawled pages). GSC status per column above is NOT live-verified: an HTTP 200 proves neither indexing nor indexing eligibility.
/answers/car-service-interval,200,https://ridencare.co.in/answers/car-service-interval,none (no meta robots — indexable),Yes,13 of 479 pages,"HISTORICAL_BASELINE: 'Discovered — currently not indexed' (docs/seo/31 §3b groups, 2026-09-29)",LIVE_HTTP_VERIFIED,"No change — technically eligible; actual Google indexing status UNVERIFIED, confirm via GSC URL Inspection (do not assume indexed)",Live state OBSERVED 2026-10-09 (status/robots/canonical from saved HTML; internal links = distinct linking pages among 479 crawled pages). GSC status per column above is NOT live-verified: an HTTP 200 proves neither indexing nor indexing eligibility.
/answers/do-you-work-weekends,200,https://ridencare.co.in/answers/do-you-work-weekends,none (no meta robots — indexable),Yes,90 of 479 pages,"HISTORICAL_BASELINE: 'Discovered — currently not indexed' (docs/seo/31 §3b groups, 2026-09-29)",LIVE_HTTP_VERIFIED,"No change — technically eligible; actual Google indexing status UNVERIFIED, confirm via GSC URL Inspection (do not assume indexed)",Live state OBSERVED 2026-10-09 (status/robots/canonical from saved HTML; internal links = distinct linking pages among 479 crawled pages). GSC status per column above is NOT live-verified: an HTTP 200 proves neither indexing nor indexing eligibility.
/answers/doorstep-vs-garage-bike,200,https://ridencare.co.in/answers/doorstep-vs-garage-bike,none (no meta robots — indexable),Yes,10 of 479 pages,"HISTORICAL_BASELINE: 'Discovered — currently not indexed' (docs/seo/31 §3b groups, 2026-09-29)",LIVE_HTTP_VERIFIED,"No change — technically eligible; actual Google indexing status UNVERIFIED, confirm via GSC URL Inspection (do not assume indexed)",Live state OBSERVED 2026-10-09 (status/robots/canonical from saved HTML; internal links = distinct linking pages among 479 crawled pages). GSC status per column above is NOT live-verified: an HTTP 200 proves neither indexing nor indexing eligibility.
/answers/doorstep-vs-garage-car,200,https://ridencare.co.in/answers/doorstep-vs-garage-car,none (no meta robots — indexable),Yes,22 of 479 pages,"HISTORICAL_BASELINE: 'Discovered — currently not indexed' (docs/seo/31 §3b groups, 2026-09-29)",LIVE_HTTP_VERIFIED,"No change — technically eligible; actual Google indexing status UNVERIFIED, confirm via GSC URL Inspection (do not assume indexed)",Live state OBSERVED 2026-10-09 (status/robots/canonical from saved HTML; internal links = distinct linking pages among 479 crawled pages). GSC status per column above is NOT live-verified: an HTTP 200 proves neither indexing nor indexing eligibility.
/answers/doorstep-vs-workshop-car,200,https://ridencare.co.in/answers/doorstep-vs-workshop-car,none (no meta robots — indexable),Yes,5 of 479 pages,"HISTORICAL_BASELINE: 'Discovered — currently not indexed' (docs/seo/31 §3b groups, 2026-09-29)",LIVE_HTTP_VERIFIED,"No change — technically eligible; actual Google indexing status UNVERIFIED, confirm via GSC URL Inspection (do not assume indexed)",Live state OBSERVED 2026-10-09 (status/robots/canonical from saved HTML; internal links = distinct linking pages among 479 crawled pages). GSC status per column above is NOT live-verified: an HTTP 200 proves neither indexing nor indexing eligibility.
/answers/emergency-cost,200,https://ridencare.co.in/answers/emergency-cost,none (no meta robots — indexable),Yes,48 of 479 pages,"HISTORICAL_BASELINE: 'Discovered — currently not indexed' (docs/seo/31 §3b groups, 2026-09-29)",LIVE_HTTP_VERIFIED,"No change — technically eligible; actual Google indexing status UNVERIFIED, confirm via GSC URL Inspection (do not assume indexed)",Live state OBSERVED 2026-10-09 (status/robots/canonical from saved HTML; internal links = distinct linking pages among 479 crawled pages). GSC status per column above is NOT live-verified: an HTTP 200 proves neither indexing nor indexing eligibility.
/answers/ev-service-cost,200,https://ridencare.co.in/answers/ev-service-cost,none (no meta robots — indexable),Yes,50 of 479 pages,"HISTORICAL_BASELINE: 'Discovered — currently not indexed' (docs/seo/31 §3b groups, 2026-09-29)",LIVE_HTTP_VERIFIED,"No change — technically eligible; actual Google indexing status UNVERIFIED, confirm via GSC URL Inspection (do not assume indexed)",Live state OBSERVED 2026-10-09 (status/robots/canonical from saved HTML; internal links = distinct linking pages among 479 crawled pages). GSC status per column above is NOT live-verified: an HTTP 200 proves neither indexing nor indexing eligibility.
/answers/ev-service-different,200,https://ridencare.co.in/answers/ev-service-different,none (no meta robots — indexable),Yes,8 of 479 pages,"HISTORICAL_BASELINE: 'Discovered — currently not indexed' (docs/seo/31 §3b groups, 2026-09-29)",LIVE_HTTP_VERIFIED,"No change — technically eligible; actual Google indexing status UNVERIFIED, confirm via GSC URL Inspection (do not assume indexed)",Live state OBSERVED 2026-10-09 (status/robots/canonical from saved HTML; internal links = distinct linking pages among 479 crawled pages). GSC status per column above is NOT live-verified: an HTTP 200 proves neither indexing nor indexing eligibility.
/answers/ev-what-can-be-serviced,200,https://ridencare.co.in/answers/ev-what-can-be-serviced,none (no meta robots — indexable),Yes,93 of 479 pages,"HISTORICAL_BASELINE: 'Discovered — currently not indexed' (docs/seo/31 §3b groups, 2026-09-29)",LIVE_HTTP_VERIFIED,"No change — technically eligible; actual Google indexing status UNVERIFIED, confirm via GSC URL Inspection (do not assume indexed)",Live state OBSERVED 2026-10-09 (status/robots/canonical from saved HTML; internal links = distinct linking pages among 479 crawled pages). GSC status per column above is NOT live-verified: an HTTP 200 proves neither indexing nor indexing eligibility.
/answers/genuine-parts,200,https://ridencare.co.in/answers/genuine-parts,none (no meta robots — indexable),Yes,49 of 479 pages,"HISTORICAL_BASELINE: 'Discovered — currently not indexed' (docs/seo/31 §3b groups, 2026-09-29)",LIVE_HTTP_VERIFIED,"No change — technically eligible; actual Google indexing status UNVERIFIED, confirm via GSC URL Inspection (do not assume indexed)",Live state OBSERVED 2026-10-09 (status/robots/canonical from saved HTML; internal links = distinct linking pages among 479 crawled pages). GSC status per column above is NOT live-verified: an HTTP 200 proves neither indexing nor indexing eligibility.
/answers/guarantee,200,https://ridencare.co.in/answers/guarantee,none (no meta robots — indexable),Yes,53 of 479 pages,"HISTORICAL_BASELINE: 'Discovered — currently not indexed' (docs/seo/31 §3b groups, 2026-09-29)",LIVE_HTTP_VERIFIED,"No change — technically eligible; actual Google indexing status UNVERIFIED, confirm via GSC URL Inspection (do not assume indexed)",Live state OBSERVED 2026-10-09 (status/robots/canonical from saved HTML; internal links = distinct linking pages among 479 crawled pages). GSC status per column above is NOT live-verified: an HTTP 200 proves neither indexing nor indexing eligibility.
/answers/how-long-bike-service,200,https://ridencare.co.in/answers/how-long-bike-service,none (no meta robots — indexable),Yes,479 of 479 pages,"HISTORICAL_BASELINE: 'Crawled — currently not indexed' (docs/seo/31 §3a, 2026-09-29; also listed in §3b DNI groups)",LIVE_HTTP_VERIFIED,"No change — technically eligible; actual Google indexing status UNVERIFIED, confirm via GSC URL Inspection (do not assume indexed)",Live state OBSERVED 2026-10-09 (status/robots/canonical from saved HTML; internal links = distinct linking pages among 479 crawled pages). GSC status per column above is NOT live-verified: an HTTP 200 proves neither indexing nor indexing eligibility.
/answers/how-long-car-service,200,https://ridencare.co.in/answers/how-long-car-service,none (no meta robots — indexable),Yes,12 of 479 pages,"HISTORICAL_BASELINE: 'Crawled — currently not indexed' (docs/seo/31 §3a, 2026-09-29; also listed in §3b DNI groups)",LIVE_HTTP_VERIFIED,"No change — technically eligible; actual Google indexing status UNVERIFIED, confirm via GSC URL Inspection (do not assume indexed)",Live state OBSERVED 2026-10-09 (status/robots/canonical from saved HTML; internal links = distinct linking pages among 479 crawled pages). GSC status per column above is NOT live-verified: an HTTP 200 proves neither indexing nor indexing eligibility.
/answers/how-to-book,200,https://ridencare.co.in/answers/how-to-book,none (no meta robots — indexable),Yes,52 of 479 pages,"HISTORICAL_BASELINE: 'Discovered — currently not indexed' (docs/seo/31 §3b groups, 2026-09-29)",LIVE_HTTP_VERIFIED,"No change — technically eligible; actual Google indexing status UNVERIFIED, confirm via GSC URL Inspection (do not assume indexed)",Live state OBSERVED 2026-10-09 (status/robots/canonical from saved HTML; internal links = distinct linking pages among 479 crawled pages). GSC status per column above is NOT live-verified: an HTTP 200 proves neither indexing nor indexing eligibility.
/answers/how-to-prepare-car-doorstep,200,https://ridencare.co.in/answers/how-to-prepare-car-doorstep,none (no meta robots — indexable),Yes,5 of 479 pages,"HISTORICAL_BASELINE: 'Discovered — currently not indexed' (docs/seo/31 §3b groups, 2026-09-29)",LIVE_HTTP_VERIFIED,"No change — technically eligible; actual Google indexing status UNVERIFIED, confirm via GSC URL Inspection (do not assume indexed)",Live state OBSERVED 2026-10-09 (status/robots/canonical from saved HTML; internal links = distinct linking pages among 479 crawled pages). GSC status per column above is NOT live-verified: an HTTP 200 proves neither indexing nor indexing eligibility.
/answers/is-doorstep-service-safe,200,https://ridencare.co.in/answers/is-doorstep-service-safe,none (no meta robots — indexable),Yes,479 of 479 pages,"HISTORICAL_BASELINE: 'Crawled — currently not indexed' (docs/seo/31 §3a, 2026-09-29; also listed in §3b DNI groups)",LIVE_HTTP_VERIFIED,"No change — technically eligible; actual Google indexing status UNVERIFIED, confirm via GSC URL Inspection (do not assume indexed)",Live state OBSERVED 2026-10-09 (status/robots/canonical from saved HTML; internal links = distinct linking pages among 479 crawled pages). GSC status per column above is NOT live-verified: an HTTP 200 proves neither indexing nor indexing eligibility.
/answers/ktm-duke-200-service-cost,200,https://ridencare.co.in/answers/ktm-duke-200-service-cost,none (no meta robots — indexable),Yes,136 of 479 pages,"HISTORICAL_BASELINE: 'Discovered — currently not indexed' (docs/seo/31 §3b groups, 2026-09-29)",LIVE_HTTP_VERIFIED,"No change — technically eligible; actual Google indexing status UNVERIFIED, confirm via GSC URL Inspection (do not assume indexed)",Live state OBSERVED 2026-10-09 (status/robots/canonical from saved HTML; internal links = distinct linking pages among 479 crawled pages). GSC status per column above is NOT live-verified: an HTTP 200 proves neither indexing nor indexing eligibility.
/answers/monsoon-bike-care,200,https://ridencare.co.in/answers/monsoon-bike-care,none (no meta robots — indexable),Yes,13 of 479 pages,"HISTORICAL_BASELINE: 'Discovered — currently not indexed' (docs/seo/31 §3b groups, 2026-09-29)",LIVE_HTTP_VERIFIED,"No change — technically eligible; actual Google indexing status UNVERIFIED, confirm via GSC URL Inspection (do not assume indexed)",Live state OBSERVED 2026-10-09 (status/robots/canonical from saved HTML; internal links = distinct linking pages among 479 crawled pages). GSC status per column above is NOT live-verified: an HTTP 200 proves neither indexing nor indexing eligibility.
/answers/monsoon-car-care,200,https://ridencare.co.in/answers/monsoon-car-care,none (no meta robots — indexable),Yes,4 of 479 pages,"HISTORICAL_BASELINE: 'Discovered — currently not indexed' (docs/seo/31 §3b groups, 2026-09-29)",LIVE_HTTP_VERIFIED,"No change — technically eligible; actual Google indexing status UNVERIFIED, confirm via GSC URL Inspection (do not assume indexed)",Live state OBSERVED 2026-10-09 (status/robots/canonical from saved HTML; internal links = distinct linking pages among 479 crawled pages). GSC status per column above is NOT live-verified: an HTTP 200 proves neither indexing nor indexing eligibility.
/answers/need-to-be-home,200,https://ridencare.co.in/answers/need-to-be-home,none (no meta robots — indexable),Yes,47 of 479 pages,"HISTORICAL_BASELINE: 'Crawled — currently not indexed' (docs/seo/31 §3a, 2026-09-29; also listed in §3b DNI groups)",LIVE_HTTP_VERIFIED,"No change — technically eligible; actual Google indexing status UNVERIFIED, confirm via GSC URL Inspection (do not assume indexed)",Live state OBSERVED 2026-10-09 (status/robots/canonical from saved HTML; internal links = distinct linking pages among 479 crawled pages). GSC status per column above is NOT live-verified: an HTTP 200 proves neither indexing nor indexing eligibility.
/answers/payment-options,200,https://ridencare.co.in/answers/payment-options,none (no meta robots — indexable),Yes,8 of 479 pages,"HISTORICAL_BASELINE: 'Discovered — currently not indexed' (docs/seo/31 §3b groups, 2026-09-29)",LIVE_HTTP_VERIFIED,"No change — technically eligible; actual Google indexing status UNVERIFIED, confirm via GSC URL Inspection (do not assume indexed)",Live state OBSERVED 2026-10-09 (status/robots/canonical from saved HTML; internal links = distinct linking pages among 479 crawled pages). GSC status per column above is NOT live-verified: an HTTP 200 proves neither indexing nor indexing eligibility.
/answers/periodic-vs-breakdown,200,https://ridencare.co.in/answers/periodic-vs-breakdown,none (no meta robots — indexable),Yes,7 of 479 pages,"HISTORICAL_BASELINE: 'Crawled — currently not indexed' (docs/seo/31 §3a, 2026-09-29; also listed in §3b DNI groups)",LIVE_HTTP_VERIFIED,"No change — technically eligible; actual Google indexing status UNVERIFIED, confirm via GSC URL Inspection (do not assume indexed)",Live state OBSERVED 2026-10-09 (status/robots/canonical from saved HTML; internal links = distinct linking pages among 479 crawled pages). GSC status per column above is NOT live-verified: an HTTP 200 proves neither indexing nor indexing eligibility.
/answers/recovery-after-breakdown,200,https://ridencare.co.in/answers/recovery-after-breakdown,none (no meta robots — indexable),Yes,9 of 479 pages,"HISTORICAL_BASELINE: 'Discovered — currently not indexed' (docs/seo/31 §3b groups, 2026-09-29)",LIVE_HTTP_VERIFIED,"No change — technically eligible; actual Google indexing status UNVERIFIED, confirm via GSC URL Inspection (do not assume indexed)",Live state OBSERVED 2026-10-09 (status/robots/canonical from saved HTML; internal links = distinct linking pages among 479 crawled pages). GSC status per column above is NOT live-verified: an HTTP 200 proves neither indexing nor indexing eligibility.
/answers/roadside-or-garage,200,https://ridencare.co.in/answers/roadside-or-garage,none (no meta robots — indexable),Yes,48 of 479 pages,"HISTORICAL_BASELINE: 'Discovered — currently not indexed' (docs/seo/31 §3b groups, 2026-09-29)",LIVE_HTTP_VERIFIED,"No change — technically eligible; actual Google indexing status UNVERIFIED, confirm via GSC URL Inspection (do not assume indexed)",Live state OBSERVED 2026-10-09 (status/robots/canonical from saved HTML; internal links = distinct linking pages among 479 crawled pages). GSC status per column above is NOT live-verified: an HTTP 200 proves neither indexing nor indexing eligibility.
/answers/scooter-service-cost,200,https://ridencare.co.in/answers/scooter-service-cost,none (no meta robots — indexable),Yes,479 of 479 pages,"HISTORICAL_BASELINE: 'Crawled — currently not indexed' (docs/seo/31 §3a, 2026-09-29; also listed in §3b DNI groups)",LIVE_HTTP_VERIFIED,"No change — technically eligible; actual Google indexing status UNVERIFIED, confirm via GSC URL Inspection (do not assume indexed)",Live state OBSERVED 2026-10-09 (status/robots/canonical from saved HTML; internal links = distinct linking pages among 479 crawled pages). GSC status per column above is NOT live-verified: an HTTP 200 proves neither indexing nor indexing eligibility.
/answers/service-interval,200,https://ridencare.co.in/answers/service-interval,none (no meta robots — indexable),Yes,13 of 479 pages,"HISTORICAL_BASELINE: 'Discovered — currently not indexed' (docs/seo/31 §3b groups, 2026-09-29)",LIVE_HTTP_VERIFIED,"No change — technically eligible; actual Google indexing status UNVERIFIED, confirm via GSC URL Inspection (do not assume indexed)",Live state OBSERVED 2026-10-09 (status/robots/canonical from saved HTML; internal links = distinct linking pages among 479 crawled pages). GSC status per column above is NOT live-verified: an HTTP 200 proves neither indexing nor indexing eligibility.
/answers/warranty-service,200,https://ridencare.co.in/answers/warranty-service,none (no meta robots — indexable),Yes,5 of 479 pages,INFERRED: 'Discovered — currently not indexed' (owner-supplied cross-check; also in §3b groups; no export row),LIVE_HTTP_VERIFIED,"No change — technically eligible; actual Google indexing status UNVERIFIED, confirm via GSC URL Inspection (do not assume indexed)",Live state OBSERVED 2026-10-09 (status/robots/canonical from saved HTML; internal links = distinct linking pages among 479 crawled pages). GSC status per column above is NOT live-verified: an HTTP 200 proves neither indexing nor indexing eligibility.
/answers/what-included-bike-service,200,https://ridencare.co.in/answers/what-included-bike-service,none (no meta robots — indexable),Yes,479 of 479 pages,"HISTORICAL_BASELINE: 'Crawled — currently not indexed' (docs/seo/31 §3a, 2026-09-29; also listed in §3b DNI groups)",LIVE_HTTP_VERIFIED,"No change — technically eligible; actual Google indexing status UNVERIFIED, confirm via GSC URL Inspection (do not assume indexed)",Live state OBSERVED 2026-10-09 (status/robots/canonical from saved HTML; internal links = distinct linking pages among 479 crawled pages). GSC status per column above is NOT live-verified: an HTTP 200 proves neither indexing nor indexing eligibility.
/answers/what-included-car-service,200,https://ridencare.co.in/answers/what-included-car-service,none (no meta robots — indexable),Yes,17 of 479 pages,"HISTORICAL_BASELINE: 'Crawled — currently not indexed' (docs/seo/31 §3a, 2026-09-29; also listed in §3b DNI groups)",LIVE_HTTP_VERIFIED,"No change — technically eligible; actual Google indexing status UNVERIFIED, confirm via GSC URL Inspection (do not assume indexed)",Live state OBSERVED 2026-10-09 (status/robots/canonical from saved HTML; internal links = distinct linking pages among 479 crawled pages). GSC status per column above is NOT live-verified: an HTTP 200 proves neither indexing nor indexing eligibility.
/answers/what-to-prepare,200,https://ridencare.co.in/answers/what-to-prepare,none (no meta robots — indexable),Yes,8 of 479 pages,"HISTORICAL_BASELINE: 'Discovered — currently not indexed' (docs/seo/31 §3b groups, 2026-09-29)",LIVE_HTTP_VERIFIED,"No change — technically eligible; actual Google indexing status UNVERIFIED, confirm via GSC URL Inspection (do not assume indexed)",Live state OBSERVED 2026-10-09 (status/robots/canonical from saved HTML; internal links = distinct linking pages among 479 crawled pages). GSC status per column above is NOT live-verified: an HTTP 200 proves neither indexing nor indexing eligibility.
/answers/which-oil,200,https://ridencare.co.in/answers/which-oil,none (no meta robots — indexable),Yes,51 of 479 pages,"HISTORICAL_BASELINE: 'Discovered — currently not indexed' (docs/seo/31 §3b groups, 2026-09-29)",LIVE_HTTP_VERIFIED,"No change — technically eligible; actual Google indexing status UNVERIFIED, confirm via GSC URL Inspection (do not assume indexed)",Live state OBSERVED 2026-10-09 (status/robots/canonical from saved HTML; internal links = distinct linking pages among 479 crawled pages). GSC status per column above is NOT live-verified: an HTTP 200 proves neither indexing nor indexing eligibility.
/answers/written-quote,200,https://ridencare.co.in/answers/written-quote,none (no meta robots — indexable),Yes,10 of 479 pages,"HISTORICAL_BASELINE: 'Discovered — currently not indexed' (docs/seo/31 §3b groups, 2026-09-29)",LIVE_HTTP_VERIFIED,"No change — technically eligible; actual Google indexing status UNVERIFIED, confirm via GSC URL Inspection (do not assume indexed)",Live state OBSERVED 2026-10-09 (status/robots/canonical from saved HTML; internal links = distinct linking pages among 479 crawled pages). GSC status per column above is NOT live-verified: an HTTP 200 proves neither indexing nor indexing eligibility.
/areas,200,https://ridencare.co.in/areas,none (no meta robots — indexable),Yes,479 of 479 pages,UNVERIFIED — export not recovered and GSC API not connected (live 200 does not reveal Google's status),LIVE_HTTP_VERIFIED,"No change — technically eligible; actual Google indexing status UNVERIFIED, confirm via GSC URL Inspection (do not assume indexed)",Live state OBSERVED 2026-10-09 (status/robots/canonical from saved HTML; internal links = distinct linking pages among 479 crawled pages). GSC status per column above is NOT live-verified: an HTTP 200 proves neither indexing nor indexing eligibility.
/areas/bellandur,200,https://ridencare.co.in/areas/bellandur,none (no meta robots — indexable),Yes,48 of 479 pages,UNVERIFIED — export not recovered and GSC API not connected (live 200 does not reveal Google's status),LIVE_HTTP_VERIFIED,"No change — technically eligible; actual Google indexing status UNVERIFIED, confirm via GSC URL Inspection (do not assume indexed)",Live state OBSERVED 2026-10-09 (status/robots/canonical from saved HTML; internal links = distinct linking pages among 479 crawled pages). GSC status per column above is NOT live-verified: an HTTP 200 proves neither indexing nor indexing eligibility.
/areas/btm-layout,200,https://ridencare.co.in/areas/btm-layout,none (no meta robots — indexable),Yes,39 of 479 pages,UNVERIFIED — export not recovered and GSC API not connected (live 200 does not reveal Google's status),LIVE_HTTP_VERIFIED,"No change — technically eligible; actual Google indexing status UNVERIFIED, confirm via GSC URL Inspection (do not assume indexed)",Live state OBSERVED 2026-10-09 (status/robots/canonical from saved HTML; internal links = distinct linking pages among 479 crawled pages). GSC status per column above is NOT live-verified: an HTTP 200 proves neither indexing nor indexing eligibility.
/areas/electronic-city,200,https://ridencare.co.in/areas/electronic-city,none (no meta robots — indexable),Yes,38 of 479 pages,UNVERIFIED — export not recovered and GSC API not connected (live 200 does not reveal Google's status),LIVE_HTTP_VERIFIED,"No change — technically eligible; actual Google indexing status UNVERIFIED, confirm via GSC URL Inspection (do not assume indexed)",Live state OBSERVED 2026-10-09 (status/robots/canonical from saved HTML; internal links = distinct linking pages among 479 crawled pages). GSC status per column above is NOT live-verified: an HTTP 200 proves neither indexing nor indexing eligibility.
/areas/hebbal,200,https://ridencare.co.in/areas/hebbal,none (no meta robots — indexable),Yes,20 of 479 pages,UNVERIFIED — export not recovered and GSC API not connected (live 200 does not reveal Google's status),LIVE_HTTP_VERIFIED,"No change — technically eligible; actual Google indexing status UNVERIFIED, confirm via GSC URL Inspection (do not assume indexed)",Live state OBSERVED 2026-10-09 (status/robots/canonical from saved HTML; internal links = distinct linking pages among 479 crawled pages). GSC status per column above is NOT live-verified: an HTTP 200 proves neither indexing nor indexing eligibility.
/areas/hsr-layout,200,https://ridencare.co.in/areas/hsr-layout,none (no meta robots — indexable),Yes,37 of 479 pages,UNVERIFIED — export not recovered and GSC API not connected (live 200 does not reveal Google's status),LIVE_HTTP_VERIFIED,"No change — technically eligible; actual Google indexing status UNVERIFIED, confirm via GSC URL Inspection (do not assume indexed)",Live state OBSERVED 2026-10-09 (status/robots/canonical from saved HTML; internal links = distinct linking pages among 479 crawled pages). GSC status per column above is NOT live-verified: an HTTP 200 proves neither indexing nor indexing eligibility.
/areas/indiranagar,200,https://ridencare.co.in/areas/indiranagar,none (no meta robots — indexable),Yes,48 of 479 pages,UNVERIFIED — export not recovered and GSC API not connected (live 200 does not reveal Google's status),LIVE_HTTP_VERIFIED,"No change — technically eligible; actual Google indexing status UNVERIFIED, confirm via GSC URL Inspection (do not assume indexed)",Live state OBSERVED 2026-10-09 (status/robots/canonical from saved HTML; internal links = distinct linking pages among 479 crawled pages). GSC status per column above is NOT live-verified: an HTTP 200 proves neither indexing nor indexing eligibility.
/areas/jayanagar,200,https://ridencare.co.in/areas/jayanagar,none (no meta robots — indexable),Yes,35 of 479 pages,UNVERIFIED — export not recovered and GSC API not connected (live 200 does not reveal Google's status),LIVE_HTTP_VERIFIED,"No change — technically eligible; actual Google indexing status UNVERIFIED, confirm via GSC URL Inspection (do not assume indexed)",Live state OBSERVED 2026-10-09 (status/robots/canonical from saved HTML; internal links = distinct linking pages among 479 crawled pages). GSC status per column above is NOT live-verified: an HTTP 200 proves neither indexing nor indexing eligibility.
/areas/jp-nagar,200,https://ridencare.co.in/areas/jp-nagar,none (no meta robots — indexable),Yes,36 of 479 pages,UNVERIFIED — export not recovered and GSC API not connected (live 200 does not reveal Google's status),LIVE_HTTP_VERIFIED,"No change — technically eligible; actual Google indexing status UNVERIFIED, confirm via GSC URL Inspection (do not assume indexed)",Live state OBSERVED 2026-10-09 (status/robots/canonical from saved HTML; internal links = distinct linking pages among 479 crawled pages). GSC status per column above is NOT live-verified: an HTTP 200 proves neither indexing nor indexing eligibility.
/areas/koramangala,200,https://ridencare.co.in/areas/koramangala,none (no meta robots — indexable),Yes,39 of 479 pages,UNVERIFIED — export not recovered and GSC API not connected (live 200 does not reveal Google's status),LIVE_HTTP_VERIFIED,"No change — technically eligible; actual Google indexing status UNVERIFIED, confirm via GSC URL Inspection (do not assume indexed)",Live state OBSERVED 2026-10-09 (status/robots/canonical from saved HTML; internal links = distinct linking pages among 479 crawled pages). GSC status per column above is NOT live-verified: an HTTP 200 proves neither indexing nor indexing eligibility.
/areas/marathahalli,200,https://ridencare.co.in/areas/marathahalli,none (no meta robots — indexable),Yes,43 of 479 pages,UNVERIFIED — export not recovered and GSC API not connected (live 200 does not reveal Google's status),LIVE_HTTP_VERIFIED,"No change — technically eligible; actual Google indexing status UNVERIFIED, confirm via GSC URL Inspection (do not assume indexed)",Live state OBSERVED 2026-10-09 (status/robots/canonical from saved HTML; internal links = distinct linking pages among 479 crawled pages). GSC status per column above is NOT live-verified: an HTTP 200 proves neither indexing nor indexing eligibility.
/areas/sarjapur-road,200,https://ridencare.co.in/areas/sarjapur-road,none (no meta robots — indexable),Yes,44 of 479 pages,UNVERIFIED — export not recovered and GSC API not connected (live 200 does not reveal Google's status),LIVE_HTTP_VERIFIED,"No change — technically eligible; actual Google indexing status UNVERIFIED, confirm via GSC URL Inspection (do not assume indexed)",Live state OBSERVED 2026-10-09 (status/robots/canonical from saved HTML; internal links = distinct linking pages among 479 crawled pages). GSC status per column above is NOT live-verified: an HTTP 200 proves neither indexing nor indexing eligibility.
/areas/whitefield,200,https://ridencare.co.in/areas/whitefield,none (no meta robots — indexable),Yes,42 of 479 pages,UNVERIFIED — export not recovered and GSC API not connected (live 200 does not reveal Google's status),LIVE_HTTP_VERIFIED,"No change — technically eligible; actual Google indexing status UNVERIFIED, confirm via GSC URL Inspection (do not assume indexed)",Live state OBSERVED 2026-10-09 (status/robots/canonical from saved HTML; internal links = distinct linking pages among 479 crawled pages). GSC status per column above is NOT live-verified: an HTTP 200 proves neither indexing nor indexing eligibility.
/battery-service,200,https://ridencare.co.in/battery-service,none (no meta robots — indexable),Yes,479 of 479 pages,UNVERIFIED — export not recovered and GSC API not connected (live 200 does not reveal Google's status),LIVE_HTTP_VERIFIED,"No change — technically eligible; actual Google indexing status UNVERIFIED, confirm via GSC URL Inspection (do not assume indexed)",Live state OBSERVED 2026-10-09 (status/robots/canonical from saved HTML; internal links = distinct linking pages among 479 crawled pages). GSC status per column above is NOT live-verified: an HTTP 200 proves neither indexing nor indexing eligibility.
/bike-breakdown-assistance,200,https://ridencare.co.in/bike-breakdown-assistance,none (no meta robots — indexable),Yes,479 of 479 pages,UNVERIFIED — export not recovered and GSC API not connected (live 200 does not reveal Google's status),LIVE_HTTP_VERIFIED,"No change — technically eligible; actual Google indexing status UNVERIFIED, confirm via GSC URL Inspection (do not assume indexed)",Live state OBSERVED 2026-10-09 (status/robots/canonical from saved HTML; internal links = distinct linking pages among 479 crawled pages). GSC status per column above is NOT live-verified: an HTTP 200 proves neither indexing nor indexing eligibility.
/bike-repair,200,https://ridencare.co.in/bike-repair,none (no meta robots — indexable),Yes,479 of 479 pages,UNVERIFIED — export not recovered and GSC API not connected (live 200 does not reveal Google's status),LIVE_HTTP_VERIFIED,"No change — technically eligible; actual Google indexing status UNVERIFIED, confirm via GSC URL Inspection (do not assume indexed)",Live state OBSERVED 2026-10-09 (status/robots/canonical from saved HTML; internal links = distinct linking pages among 479 crawled pages). GSC status per column above is NOT live-verified: an HTTP 200 proves neither indexing nor indexing eligibility.
/bike-repair/bellandur,200,https://ridencare.co.in/bike-repair/bellandur,none (no meta robots — indexable),Yes,21 of 479 pages,UNVERIFIED — export not recovered and GSC API not connected (live 200 does not reveal Google's status),LIVE_HTTP_VERIFIED,"No change — technically eligible; actual Google indexing status UNVERIFIED, confirm via GSC URL Inspection (do not assume indexed)",Live state OBSERVED 2026-10-09 (status/robots/canonical from saved HTML; internal links = distinct linking pages among 479 crawled pages). GSC status per column above is NOT live-verified: an HTTP 200 proves neither indexing nor indexing eligibility.
/bike-repair/btm-layout,200,https://ridencare.co.in/bike-repair/btm-layout,none (no meta robots — indexable),Yes,23 of 479 pages,UNVERIFIED — export not recovered and GSC API not connected (live 200 does not reveal Google's status),LIVE_HTTP_VERIFIED,"No change — technically eligible; actual Google indexing status UNVERIFIED, confirm via GSC URL Inspection (do not assume indexed)",Live state OBSERVED 2026-10-09 (status/robots/canonical from saved HTML; internal links = distinct linking pages among 479 crawled pages). GSC status per column above is NOT live-verified: an HTTP 200 proves neither indexing nor indexing eligibility.
/bike-repair/electronic-city,200,https://ridencare.co.in/bike-repair/electronic-city,none (no meta robots — indexable),Yes,15 of 479 pages,UNVERIFIED — export not recovered and GSC API not connected (live 200 does not reveal Google's status),LIVE_HTTP_VERIFIED,"No change — technically eligible; actual Google indexing status UNVERIFIED, confirm via GSC URL Inspection (do not assume indexed)",Live state OBSERVED 2026-10-09 (status/robots/canonical from saved HTML; internal links = distinct linking pages among 479 crawled pages). GSC status per column above is NOT live-verified: an HTTP 200 proves neither indexing nor indexing eligibility.
/bike-repair/hebbal,200,https://ridencare.co.in/bike-repair/hebbal,none (no meta robots — indexable),Yes,9 of 479 pages,UNVERIFIED — export not recovered and GSC API not connected (live 200 does not reveal Google's status),LIVE_HTTP_VERIFIED,"No change — technically eligible; actual Google indexing status UNVERIFIED, confirm via GSC URL Inspection (do not assume indexed)",Live state OBSERVED 2026-10-09 (status/robots/canonical from saved HTML; internal links = distinct linking pages among 479 crawled pages). GSC status per column above is NOT live-verified: an HTTP 200 proves neither indexing nor indexing eligibility.
/bike-repair/hsr-layout,200,https://ridencare.co.in/bike-repair/hsr-layout,none (no meta robots — indexable),Yes,24 of 479 pages,UNVERIFIED — export not recovered and GSC API not connected (live 200 does not reveal Google's status),LIVE_HTTP_VERIFIED,"No change — technically eligible; actual Google indexing status UNVERIFIED, confirm via GSC URL Inspection (do not assume indexed)",Live state OBSERVED 2026-10-09 (status/robots/canonical from saved HTML; internal links = distinct linking pages among 479 crawled pages). GSC status per column above is NOT live-verified: an HTTP 200 proves neither indexing nor indexing eligibility.
/bike-repair/indiranagar,200,https://ridencare.co.in/bike-repair/indiranagar,none (no meta robots — indexable),Yes,23 of 479 pages,UNVERIFIED — export not recovered and GSC API not connected (live 200 does not reveal Google's status),LIVE_HTTP_VERIFIED,"No change — technically eligible; actual Google indexing status UNVERIFIED, confirm via GSC URL Inspection (do not assume indexed)",Live state OBSERVED 2026-10-09 (status/robots/canonical from saved HTML; internal links = distinct linking pages among 479 crawled pages). GSC status per column above is NOT live-verified: an HTTP 200 proves neither indexing nor indexing eligibility.
/bike-repair/jayanagar,200,https://ridencare.co.in/bike-repair/jayanagar,none (no meta robots — indexable),Yes,18 of 479 pages,UNVERIFIED — export not recovered and GSC API not connected (live 200 does not reveal Google's status),LIVE_HTTP_VERIFIED,"No change — technically eligible; actual Google indexing status UNVERIFIED, confirm via GSC URL Inspection (do not assume indexed)",Live state OBSERVED 2026-10-09 (status/robots/canonical from saved HTML; internal links = distinct linking pages among 479 crawled pages). GSC status per column above is NOT live-verified: an HTTP 200 proves neither indexing nor indexing eligibility.
/bike-repair/jp-nagar,200,https://ridencare.co.in/bike-repair/jp-nagar,none (no meta robots — indexable),Yes,17 of 479 pages,UNVERIFIED — export not recovered and GSC API not connected (live 200 does not reveal Google's status),LIVE_HTTP_VERIFIED,"No change — technically eligible; actual Google indexing status UNVERIFIED, confirm via GSC URL Inspection (do not assume indexed)",Live state OBSERVED 2026-10-09 (status/robots/canonical from saved HTML; internal links = distinct linking pages among 479 crawled pages). GSC status per column above is NOT live-verified: an HTTP 200 proves neither indexing nor indexing eligibility.
/bike-repair/koramangala,200,https://ridencare.co.in/bike-repair/koramangala,none (no meta robots — indexable),Yes,23 of 479 pages,UNVERIFIED — export not recovered and GSC API not connected (live 200 does not reveal Google's status),LIVE_HTTP_VERIFIED,"No change — technically eligible; actual Google indexing status UNVERIFIED, confirm via GSC URL Inspection (do not assume indexed)",Live state OBSERVED 2026-10-09 (status/robots/canonical from saved HTML; internal links = distinct linking pages among 479 crawled pages). GSC status per column above is NOT live-verified: an HTTP 200 proves neither indexing nor indexing eligibility.
/bike-repair/marathahalli,200,https://ridencare.co.in/bike-repair/marathahalli,none (no meta robots — indexable),Yes,21 of 479 pages,UNVERIFIED — export not recovered and GSC API not connected (live 200 does not reveal Google's status),LIVE_HTTP_VERIFIED,"No change — technically eligible; actual Google indexing status UNVERIFIED, confirm via GSC URL Inspection (do not assume indexed)",Live state OBSERVED 2026-10-09 (status/robots/canonical from saved HTML; internal links = distinct linking pages among 479 crawled pages). GSC status per column above is NOT live-verified: an HTTP 200 proves neither indexing nor indexing eligibility.
/bike-repair/sarjapur-road,200,https://ridencare.co.in/bike-repair/sarjapur-road,none (no meta robots — indexable),Yes,17 of 479 pages,UNVERIFIED — export not recovered and GSC API not connected (live 200 does not reveal Google's status),LIVE_HTTP_VERIFIED,"No change — technically eligible; actual Google indexing status UNVERIFIED, confirm via GSC URL Inspection (do not assume indexed)",Live state OBSERVED 2026-10-09 (status/robots/canonical from saved HTML; internal links = distinct linking pages among 479 crawled pages). GSC status per column above is NOT live-verified: an HTTP 200 proves neither indexing nor indexing eligibility.
/bike-repair/whitefield,200,https://ridencare.co.in/bike-repair/whitefield,none (no meta robots — indexable),Yes,21 of 479 pages,UNVERIFIED — export not recovered and GSC API not connected (live 200 does not reveal Google's status),LIVE_HTTP_VERIFIED,"No change — technically eligible; actual Google indexing status UNVERIFIED, confirm via GSC URL Inspection (do not assume indexed)",Live state OBSERVED 2026-10-09 (status/robots/canonical from saved HTML; internal links = distinct linking pages among 479 crawled pages). GSC status per column above is NOT live-verified: an HTTP 200 proves neither indexing nor indexing eligibility.
/bike-service,200,https://ridencare.co.in/bike-service,none (no meta robots — indexable),Yes,479 of 479 pages,UNVERIFIED — export not recovered and GSC API not connected (live 200 does not reveal Google's status),LIVE_HTTP_VERIFIED,"No change — technically eligible; actual Google indexing status UNVERIFIED, confirm via GSC URL Inspection (do not assume indexed)",Live state OBSERVED 2026-10-09 (status/robots/canonical from saved HTML; internal links = distinct linking pages among 479 crawled pages). GSC status per column above is NOT live-verified: an HTTP 200 proves neither indexing nor indexing eligibility.
/bike-service/bellandur,200,https://ridencare.co.in/bike-service/bellandur,none (no meta robots — indexable),Yes,21 of 479 pages,"HISTORICAL_BASELINE: 'Discovered — currently not indexed' (docs/seo/31 §3b groups, 2026-09-29)",LIVE_HTTP_VERIFIED,"No change — technically eligible; actual Google indexing status UNVERIFIED, confirm via GSC URL Inspection (do not assume indexed)",Live state OBSERVED 2026-10-09 (status/robots/canonical from saved HTML; internal links = distinct linking pages among 479 crawled pages). GSC status per column above is NOT live-verified: an HTTP 200 proves neither indexing nor indexing eligibility.
/bike-service/btm-layout,200,https://ridencare.co.in/bike-service/btm-layout,none (no meta robots — indexable),Yes,24 of 479 pages,"HISTORICAL_BASELINE: 'Discovered — currently not indexed' (docs/seo/31 §3b groups, 2026-09-29)",LIVE_HTTP_VERIFIED,"No change — technically eligible; actual Google indexing status UNVERIFIED, confirm via GSC URL Inspection (do not assume indexed)",Live state OBSERVED 2026-10-09 (status/robots/canonical from saved HTML; internal links = distinct linking pages among 479 crawled pages). GSC status per column above is NOT live-verified: an HTTP 200 proves neither indexing nor indexing eligibility.
/bike-service/electronic-city,200,https://ridencare.co.in/bike-service/electronic-city,none (no meta robots — indexable),Yes,17 of 479 pages,"HISTORICAL_BASELINE: 'Discovered — currently not indexed' (docs/seo/31 §3b groups, 2026-09-29)",LIVE_HTTP_VERIFIED,"No change — technically eligible; actual Google indexing status UNVERIFIED, confirm via GSC URL Inspection (do not assume indexed)",Live state OBSERVED 2026-10-09 (status/robots/canonical from saved HTML; internal links = distinct linking pages among 479 crawled pages). GSC status per column above is NOT live-verified: an HTTP 200 proves neither indexing nor indexing eligibility.
/bike-service/hebbal,200,https://ridencare.co.in/bike-service/hebbal,none (no meta robots — indexable),Yes,9 of 479 pages,"HISTORICAL_BASELINE: 'Discovered — currently not indexed' (docs/seo/31 §3b groups, 2026-09-29)",LIVE_HTTP_VERIFIED,"No change — technically eligible; actual Google indexing status UNVERIFIED, confirm via GSC URL Inspection (do not assume indexed)",Live state OBSERVED 2026-10-09 (status/robots/canonical from saved HTML; internal links = distinct linking pages among 479 crawled pages). GSC status per column above is NOT live-verified: an HTTP 200 proves neither indexing nor indexing eligibility.
/bike-service/hsr-layout,200,https://ridencare.co.in/bike-service/hsr-layout,none (no meta robots — indexable),Yes,26 of 479 pages,"HISTORICAL_BASELINE: 'Discovered — currently not indexed' (docs/seo/31 §3b groups, 2026-09-29)",LIVE_HTTP_VERIFIED,"No change — technically eligible; actual Google indexing status UNVERIFIED, confirm via GSC URL Inspection (do not assume indexed)",Live state OBSERVED 2026-10-09 (status/robots/canonical from saved HTML; internal links = distinct linking pages among 479 crawled pages). GSC status per column above is NOT live-verified: an HTTP 200 proves neither indexing nor indexing eligibility.
/bike-service/indiranagar,200,https://ridencare.co.in/bike-service/indiranagar,none (no meta robots — indexable),Yes,23 of 479 pages,"HISTORICAL_BASELINE: 'Discovered — currently not indexed' (docs/seo/31 §3b groups, 2026-09-29)",LIVE_HTTP_VERIFIED,"No change — technically eligible; actual Google indexing status UNVERIFIED, confirm via GSC URL Inspection (do not assume indexed)",Live state OBSERVED 2026-10-09 (status/robots/canonical from saved HTML; internal links = distinct linking pages among 479 crawled pages). GSC status per column above is NOT live-verified: an HTTP 200 proves neither indexing nor indexing eligibility.
/bike-service/jayanagar,200,https://ridencare.co.in/bike-service/jayanagar,none (no meta robots — indexable),Yes,20 of 479 pages,"HISTORICAL_BASELINE: 'Discovered — currently not indexed' (docs/seo/31 §3b groups, 2026-09-29)",LIVE_HTTP_VERIFIED,"No change — technically eligible; actual Google indexing status UNVERIFIED, confirm via GSC URL Inspection (do not assume indexed)",Live state OBSERVED 2026-10-09 (status/robots/canonical from saved HTML; internal links = distinct linking pages among 479 crawled pages). GSC status per column above is NOT live-verified: an HTTP 200 proves neither indexing nor indexing eligibility.
/bike-service/jp-nagar,200,https://ridencare.co.in/bike-service/jp-nagar,none (no meta robots — indexable),Yes,18 of 479 pages,"HISTORICAL_BASELINE: 'Discovered — currently not indexed' (docs/seo/31 §3b groups, 2026-09-29)",LIVE_HTTP_VERIFIED,"No change — technically eligible; actual Google indexing status UNVERIFIED, confirm via GSC URL Inspection (do not assume indexed)",Live state OBSERVED 2026-10-09 (status/robots/canonical from saved HTML; internal links = distinct linking pages among 479 crawled pages). GSC status per column above is NOT live-verified: an HTTP 200 proves neither indexing nor indexing eligibility.
/bike-service/koramangala,200,https://ridencare.co.in/bike-service/koramangala,none (no meta robots — indexable),Yes,25 of 479 pages,"HISTORICAL_BASELINE: 'Discovered — currently not indexed' (docs/seo/31 §3b groups, 2026-09-29)",LIVE_HTTP_VERIFIED,"No change — technically eligible; actual Google indexing status UNVERIFIED, confirm via GSC URL Inspection (do not assume indexed)",Live state OBSERVED 2026-10-09 (status/robots/canonical from saved HTML; internal links = distinct linking pages among 479 crawled pages). GSC status per column above is NOT live-verified: an HTTP 200 proves neither indexing nor indexing eligibility.
/bike-service/marathahalli,200,https://ridencare.co.in/bike-service/marathahalli,none (no meta robots — indexable),Yes,21 of 479 pages,"HISTORICAL_BASELINE: 'Discovered — currently not indexed' (docs/seo/31 §3b groups, 2026-09-29)",LIVE_HTTP_VERIFIED,"No change — technically eligible; actual Google indexing status UNVERIFIED, confirm via GSC URL Inspection (do not assume indexed)",Live state OBSERVED 2026-10-09 (status/robots/canonical from saved HTML; internal links = distinct linking pages among 479 crawled pages). GSC status per column above is NOT live-verified: an HTTP 200 proves neither indexing nor indexing eligibility.
/bike-service/sarjapur-road,200,https://ridencare.co.in/bike-service/sarjapur-road,none (no meta robots — indexable),Yes,17 of 479 pages,"HISTORICAL_BASELINE: 'Discovered — currently not indexed' (docs/seo/31 §3b groups, 2026-09-29)",LIVE_HTTP_VERIFIED,"No change — technically eligible; actual Google indexing status UNVERIFIED, confirm via GSC URL Inspection (do not assume indexed)",Live state OBSERVED 2026-10-09 (status/robots/canonical from saved HTML; internal links = distinct linking pages among 479 crawled pages). GSC status per column above is NOT live-verified: an HTTP 200 proves neither indexing nor indexing eligibility.
/bike-service/whitefield,200,https://ridencare.co.in/bike-service/whitefield,none (no meta robots — indexable),Yes,21 of 479 pages,"HISTORICAL_BASELINE: 'Discovered — currently not indexed' (docs/seo/31 §3b groups, 2026-09-29)",LIVE_HTTP_VERIFIED,"No change — technically eligible; actual Google indexing status UNVERIFIED, confirm via GSC URL Inspection (do not assume indexed)",Live state OBSERVED 2026-10-09 (status/robots/canonical from saved HTML; internal links = distinct linking pages among 479 crawled pages). GSC status per column above is NOT live-verified: an HTTP 200 proves neither indexing nor indexing eligibility.
/bikes,200,https://ridencare.co.in/bikes,none (no meta robots — indexable),Yes,479 of 479 pages,"HISTORICAL_BASELINE: 'Discovered — currently not indexed' (docs/seo/31 §3b groups, 2026-09-29)",LIVE_HTTP_VERIFIED,"No change — technically eligible; actual Google indexing status UNVERIFIED, confirm via GSC URL Inspection (do not assume indexed)",Live state OBSERVED 2026-10-09 (status/robots/canonical from saved HTML; internal links = distinct linking pages among 479 crawled pages). GSC status per column above is NOT live-verified: an HTTP 200 proves neither indexing nor indexing eligibility.
/blog,200,https://ridencare.co.in/blog,none (no meta robots — indexable),Yes,479 of 479 pages,UNVERIFIED — export not recovered and GSC API not connected (live 200 does not reveal Google's status),LIVE_HTTP_VERIFIED,"No change — technically eligible; actual Google indexing status UNVERIFIED, confirm via GSC URL Inspection (do not assume indexed)",Live state OBSERVED 2026-10-09 (status/robots/canonical from saved HTML; internal links = distinct linking pages among 479 crawled pages). GSC status per column above is NOT live-verified: an HTTP 200 proves neither indexing nor indexing eligibility.
/blog/bike-service-checklist-bangalore,200,https://ridencare.co.in/blog/bike-service-checklist-bangalore,none (no meta robots — indexable),Yes,3 of 479 pages,"HISTORICAL_BASELINE: 'Discovered — currently not indexed' (docs/seo/31 §3b groups, 2026-09-29)",LIVE_HTTP_VERIFIED,"No change — technically eligible; actual Google indexing status UNVERIFIED, confirm via GSC URL Inspection (do not assume indexed)",Live state OBSERVED 2026-10-09 (status/robots/canonical from saved HTML; internal links = distinct linking pages among 479 crawled pages). GSC status per column above is NOT live-verified: an HTTP 200 proves neither indexing nor indexing eligibility.
/blog/car-ac-not-cooling-bangalore,200,https://ridencare.co.in/blog/car-ac-not-cooling-bangalore,none (no meta robots — indexable),Yes,4 of 479 pages,INFERRED: 'Discovered — currently not indexed' (owner-supplied cross-check; also in §3b groups; no export row),LIVE_HTTP_VERIFIED,"No change — technically eligible; actual Google indexing status UNVERIFIED, confirm via GSC URL Inspection (do not assume indexed)",Live state OBSERVED 2026-10-09 (status/robots/canonical from saved HTML; internal links = distinct linking pages among 479 crawled pages). GSC status per column above is NOT live-verified: an HTTP 200 proves neither indexing nor indexing eligibility.
/blog/car-battery-life-bangalore,200,https://ridencare.co.in/blog/car-battery-life-bangalore,none (no meta robots — indexable),Yes,12 of 479 pages,"HISTORICAL_BASELINE: 'Discovered — currently not indexed' (docs/seo/31 §3b groups, 2026-09-29)",LIVE_HTTP_VERIFIED,"No change — technically eligible; actual Google indexing status UNVERIFIED, confirm via GSC URL Inspection (do not assume indexed)",Live state OBSERVED 2026-10-09 (status/robots/canonical from saved HTML; internal links = distinct linking pages among 479 crawled pages). GSC status per column above is NOT live-verified: an HTTP 200 proves neither indexing nor indexing eligibility.
/blog/car-service-cost-bangalore-2026,200,https://ridencare.co.in/blog/car-service-cost-bangalore-2026,none (no meta robots — indexable),Yes,3 of 479 pages,"HISTORICAL_BASELINE: 'Discovered — currently not indexed' (docs/seo/31 §3b groups, 2026-09-29)",LIVE_HTTP_VERIFIED,"No change — technically eligible; actual Google indexing status UNVERIFIED, confirm via GSC URL Inspection (do not assume indexed)",Live state OBSERVED 2026-10-09 (status/robots/canonical from saved HTML; internal links = distinct linking pages among 479 crawled pages). GSC status per column above is NOT live-verified: an HTTP 200 proves neither indexing nor indexing eligibility.
/blog/doorstep-vs-garage-service,200,https://ridencare.co.in/blog/doorstep-vs-garage-service,none (no meta robots — indexable),Yes,3 of 479 pages,"HISTORICAL_BASELINE: 'Discovered — currently not indexed' (docs/seo/31 §3b groups, 2026-09-29)",LIVE_HTTP_VERIFIED,"No change — technically eligible; actual Google indexing status UNVERIFIED, confirm via GSC URL Inspection (do not assume indexed)",Live state OBSERVED 2026-10-09 (status/robots/canonical from saved HTML; internal links = distinct linking pages among 479 crawled pages). GSC status per column above is NOT live-verified: an HTTP 200 proves neither indexing nor indexing eligibility.
/blog/engine-oil-guide-bangalore,200,https://ridencare.co.in/blog/engine-oil-guide-bangalore,none (no meta robots — indexable),Yes,3 of 479 pages,"HISTORICAL_BASELINE: 'Discovered — currently not indexed' (docs/seo/31 §3b groups, 2026-09-29)",LIVE_HTTP_VERIFIED,"No change — technically eligible; actual Google indexing status UNVERIFIED, confirm via GSC URL Inspection (do not assume indexed)",Live state OBSERVED 2026-10-09 (status/robots/canonical from saved HTML; internal links = distinct linking pages among 479 crawled pages). GSC status per column above is NOT live-verified: an HTTP 200 proves neither indexing nor indexing eligibility.
/blog/monsoon-bike-care-bangalore,200,https://ridencare.co.in/blog/monsoon-bike-care-bangalore,none (no meta robots — indexable),Yes,12 of 479 pages,"HISTORICAL_BASELINE: 'Discovered — currently not indexed' (docs/seo/31 §3b groups, 2026-09-29)",LIVE_HTTP_VERIFIED,"No change — technically eligible; actual Google indexing status UNVERIFIED, confirm via GSC URL Inspection (do not assume indexed)",Live state OBSERVED 2026-10-09 (status/robots/canonical from saved HTML; internal links = distinct linking pages among 479 crawled pages). GSC status per column above is NOT live-verified: an HTTP 200 proves neither indexing nor indexing eligibility.
/blog/top-bangalore-areas-doorstep-service,200,https://ridencare.co.in/blog/top-bangalore-areas-doorstep-service,none (no meta robots — indexable),Yes,6 of 479 pages,"HISTORICAL_BASELINE: 'Discovered — currently not indexed' (docs/seo/31 §3b groups, 2026-09-29)",LIVE_HTTP_VERIFIED,"No change — technically eligible; actual Google indexing status UNVERIFIED, confirm via GSC URL Inspection (do not assume indexed)",Live state OBSERVED 2026-10-09 (status/robots/canonical from saved HTML; internal links = distinct linking pages among 479 crawled pages). GSC status per column above is NOT live-verified: an HTTP 200 proves neither indexing nor indexing eligibility.
/brake-service,200,https://ridencare.co.in/brake-service,none (no meta robots — indexable),Yes,15 of 479 pages,UNVERIFIED — export not recovered and GSC API not connected (live 200 does not reveal Google's status),LIVE_HTTP_VERIFIED,"No change — technically eligible; actual Google indexing status UNVERIFIED, confirm via GSC URL Inspection (do not assume indexed)",Live state OBSERVED 2026-10-09 (status/robots/canonical from saved HTML; internal links = distinct linking pages among 479 crawled pages). GSC status per column above is NOT live-verified: an HTTP 200 proves neither indexing nor indexing eligibility.
/breakdown-assistance,200,https://ridencare.co.in/breakdown-assistance,none (no meta robots — indexable),Yes,479 of 479 pages,UNVERIFIED — export not recovered and GSC API not connected (live 200 does not reveal Google's status),LIVE_HTTP_VERIFIED,"No change — technically eligible; actual Google indexing status UNVERIFIED, confirm via GSC URL Inspection (do not assume indexed)",Live state OBSERVED 2026-10-09 (status/robots/canonical from saved HTML; internal links = distinct linking pages among 479 crawled pages). GSC status per column above is NOT live-verified: an HTTP 200 proves neither indexing nor indexing eligibility.
/car-ac-service,200,https://ridencare.co.in/car-ac-service,none (no meta robots — indexable),Yes,479 of 479 pages,"HISTORICAL_BASELINE: 'Discovered — currently not indexed' (docs/seo/31 §3b groups, 2026-09-29)",LIVE_HTTP_VERIFIED,"No change — technically eligible; actual Google indexing status UNVERIFIED, confirm via GSC URL Inspection (do not assume indexed)",Live state OBSERVED 2026-10-09 (status/robots/canonical from saved HTML; internal links = distinct linking pages among 479 crawled pages). GSC status per column above is NOT live-verified: an HTTP 200 proves neither indexing nor indexing eligibility.
/car-ac-service/bellandur,200,https://ridencare.co.in/car-ac-service/bellandur,none (no meta robots — indexable),Yes,17 of 479 pages,"HISTORICAL_BASELINE: 'Discovered — currently not indexed' (docs/seo/31 §3b groups, 2026-09-29)",LIVE_HTTP_VERIFIED,"No change — technically eligible; actual Google indexing status UNVERIFIED, confirm via GSC URL Inspection (do not assume indexed)",Live state OBSERVED 2026-10-09 (status/robots/canonical from saved HTML; internal links = distinct linking pages among 479 crawled pages). GSC status per column above is NOT live-verified: an HTTP 200 proves neither indexing nor indexing eligibility.
/car-ac-service/btm-layout,200,https://ridencare.co.in/car-ac-service/btm-layout,none (no meta robots — indexable),Yes,18 of 479 pages,"HISTORICAL_BASELINE: 'Discovered — currently not indexed' (docs/seo/31 §3b groups, 2026-09-29)",LIVE_HTTP_VERIFIED,"No change — technically eligible; actual Google indexing status UNVERIFIED, confirm via GSC URL Inspection (do not assume indexed)",Live state OBSERVED 2026-10-09 (status/robots/canonical from saved HTML; internal links = distinct linking pages among 479 crawled pages). GSC status per column above is NOT live-verified: an HTTP 200 proves neither indexing nor indexing eligibility.
/car-ac-service/electronic-city,200,https://ridencare.co.in/car-ac-service/electronic-city,none (no meta robots — indexable),Yes,17 of 479 pages,"HISTORICAL_BASELINE: 'Discovered — currently not indexed' (docs/seo/31 §3b groups, 2026-09-29)",LIVE_HTTP_VERIFIED,"No change — technically eligible; actual Google indexing status UNVERIFIED, confirm via GSC URL Inspection (do not assume indexed)",Live state OBSERVED 2026-10-09 (status/robots/canonical from saved HTML; internal links = distinct linking pages among 479 crawled pages). GSC status per column above is NOT live-verified: an HTTP 200 proves neither indexing nor indexing eligibility.
/car-ac-service/indiranagar,200,https://ridencare.co.in/car-ac-service/indiranagar,none (no meta robots — indexable),Yes,17 of 479 pages,"HISTORICAL_BASELINE: 'Discovered — currently not indexed' (docs/seo/31 §3b groups, 2026-09-29)",LIVE_HTTP_VERIFIED,"No change — technically eligible; actual Google indexing status UNVERIFIED, confirm via GSC URL Inspection (do not assume indexed)",Live state OBSERVED 2026-10-09 (status/robots/canonical from saved HTML; internal links = distinct linking pages among 479 crawled pages). GSC status per column above is NOT live-verified: an HTTP 200 proves neither indexing nor indexing eligibility.
/car-ac-service/jayanagar,200,https://ridencare.co.in/car-ac-service/jayanagar,none (no meta robots — indexable),Yes,14 of 479 pages,"HISTORICAL_BASELINE: 'Discovered — currently not indexed' (docs/seo/31 §3b groups, 2026-09-29)",LIVE_HTTP_VERIFIED,"No change — technically eligible; actual Google indexing status UNVERIFIED, confirm via GSC URL Inspection (do not assume indexed)",Live state OBSERVED 2026-10-09 (status/robots/canonical from saved HTML; internal links = distinct linking pages among 479 crawled pages). GSC status per column above is NOT live-verified: an HTTP 200 proves neither indexing nor indexing eligibility.
/car-ac-service/koramangala,200,https://ridencare.co.in/car-ac-service/koramangala,none (no meta robots — indexable),Yes,17 of 479 pages,"HISTORICAL_BASELINE: 'Discovered — currently not indexed' (docs/seo/31 §3b groups, 2026-09-29)",LIVE_HTTP_VERIFIED,"No change — technically eligible; actual Google indexing status UNVERIFIED, confirm via GSC URL Inspection (do not assume indexed)",Live state OBSERVED 2026-10-09 (status/robots/canonical from saved HTML; internal links = distinct linking pages among 479 crawled pages). GSC status per column above is NOT live-verified: an HTTP 200 proves neither indexing nor indexing eligibility.
/car-battery-service,200,https://ridencare.co.in/car-battery-service,none (no meta robots — indexable),Yes,479 of 479 pages,"HISTORICAL_BASELINE: 'Discovered — currently not indexed' (docs/seo/31 §3b groups, 2026-09-29)",LIVE_HTTP_VERIFIED,"No change — technically eligible; actual Google indexing status UNVERIFIED, confirm via GSC URL Inspection (do not assume indexed)",Live state OBSERVED 2026-10-09 (status/robots/canonical from saved HTML; internal links = distinct linking pages among 479 crawled pages). GSC status per column above is NOT live-verified: an HTTP 200 proves neither indexing nor indexing eligibility.
/car-battery-service/bellandur,200,https://ridencare.co.in/car-battery-service/bellandur,none (no meta robots — indexable),Yes,17 of 479 pages,"HISTORICAL_BASELINE: 'Discovered — currently not indexed' (docs/seo/31 §3b groups, 2026-09-29)",LIVE_HTTP_VERIFIED,"No change — technically eligible; actual Google indexing status UNVERIFIED, confirm via GSC URL Inspection (do not assume indexed)",Live state OBSERVED 2026-10-09 (status/robots/canonical from saved HTML; internal links = distinct linking pages among 479 crawled pages). GSC status per column above is NOT live-verified: an HTTP 200 proves neither indexing nor indexing eligibility.
/car-battery-service/btm-layout,200,https://ridencare.co.in/car-battery-service/btm-layout,none (no meta robots — indexable),Yes,18 of 479 pages,"HISTORICAL_BASELINE: 'Discovered — currently not indexed' (docs/seo/31 §3b groups, 2026-09-29)",LIVE_HTTP_VERIFIED,"No change — technically eligible; actual Google indexing status UNVERIFIED, confirm via GSC URL Inspection (do not assume indexed)",Live state OBSERVED 2026-10-09 (status/robots/canonical from saved HTML; internal links = distinct linking pages among 479 crawled pages). GSC status per column above is NOT live-verified: an HTTP 200 proves neither indexing nor indexing eligibility.
/car-battery-service/electronic-city,200,https://ridencare.co.in/car-battery-service/electronic-city,none (no meta robots — indexable),Yes,17 of 479 pages,"HISTORICAL_BASELINE: 'Discovered — currently not indexed' (docs/seo/31 §3b groups, 2026-09-29)",LIVE_HTTP_VERIFIED,"No change — technically eligible; actual Google indexing status UNVERIFIED, confirm via GSC URL Inspection (do not assume indexed)",Live state OBSERVED 2026-10-09 (status/robots/canonical from saved HTML; internal links = distinct linking pages among 479 crawled pages). GSC status per column above is NOT live-verified: an HTTP 200 proves neither indexing nor indexing eligibility.
/car-battery-service/indiranagar,200,https://ridencare.co.in/car-battery-service/indiranagar,none (no meta robots — indexable),Yes,17 of 479 pages,"HISTORICAL_BASELINE: 'Discovered — currently not indexed' (docs/seo/31 §3b groups, 2026-09-29)",LIVE_HTTP_VERIFIED,"No change — technically eligible; actual Google indexing status UNVERIFIED, confirm via GSC URL Inspection (do not assume indexed)",Live state OBSERVED 2026-10-09 (status/robots/canonical from saved HTML; internal links = distinct linking pages among 479 crawled pages). GSC status per column above is NOT live-verified: an HTTP 200 proves neither indexing nor indexing eligibility.
/car-battery-service/jp-nagar,200,https://ridencare.co.in/car-battery-service/jp-nagar,none (no meta robots — indexable),Yes,15 of 479 pages,"HISTORICAL_BASELINE: 'Discovered — currently not indexed' (docs/seo/31 §3b groups, 2026-09-29)",LIVE_HTTP_VERIFIED,"No change — technically eligible; actual Google indexing status UNVERIFIED, confirm via GSC URL Inspection (do not assume indexed)",Live state OBSERVED 2026-10-09 (status/robots/canonical from saved HTML; internal links = distinct linking pages among 479 crawled pages). GSC status per column above is NOT live-verified: an HTTP 200 proves neither indexing nor indexing eligibility.
/car-battery-service/koramangala,200,https://ridencare.co.in/car-battery-service/koramangala,none (no meta robots — indexable),Yes,17 of 479 pages,"HISTORICAL_BASELINE: 'Discovered — currently not indexed' (docs/seo/31 §3b groups, 2026-09-29)",LIVE_HTTP_VERIFIED,"No change — technically eligible; actual Google indexing status UNVERIFIED, confirm via GSC URL Inspection (do not assume indexed)",Live state OBSERVED 2026-10-09 (status/robots/canonical from saved HTML; internal links = distinct linking pages among 479 crawled pages). GSC status per column above is NOT live-verified: an HTTP 200 proves neither indexing nor indexing eligibility.
/car-brake-service,200,https://ridencare.co.in/car-brake-service,none (no meta robots — indexable),Yes,479 of 479 pages,"HISTORICAL_BASELINE: 'Discovered — currently not indexed' (docs/seo/31 §3b groups, 2026-09-29)",LIVE_HTTP_VERIFIED,"No change — technically eligible; actual Google indexing status UNVERIFIED, confirm via GSC URL Inspection (do not assume indexed)",Live state OBSERVED 2026-10-09 (status/robots/canonical from saved HTML; internal links = distinct linking pages among 479 crawled pages). GSC status per column above is NOT live-verified: an HTTP 200 proves neither indexing nor indexing eligibility.
/car-brake-service/bellandur,200,https://ridencare.co.in/car-brake-service/bellandur,none (no meta robots — indexable),Yes,17 of 479 pages,"HISTORICAL_BASELINE: 'Discovered — currently not indexed' (docs/seo/31 §3b groups, 2026-09-29)",LIVE_HTTP_VERIFIED,"No change — technically eligible; actual Google indexing status UNVERIFIED, confirm via GSC URL Inspection (do not assume indexed)",Live state OBSERVED 2026-10-09 (status/robots/canonical from saved HTML; internal links = distinct linking pages among 479 crawled pages). GSC status per column above is NOT live-verified: an HTTP 200 proves neither indexing nor indexing eligibility.
/car-brake-service/btm-layout,200,https://ridencare.co.in/car-brake-service/btm-layout,none (no meta robots — indexable),Yes,18 of 479 pages,"HISTORICAL_BASELINE: 'Discovered — currently not indexed' (docs/seo/31 §3b groups, 2026-09-29)",LIVE_HTTP_VERIFIED,"No change — technically eligible; actual Google indexing status UNVERIFIED, confirm via GSC URL Inspection (do not assume indexed)",Live state OBSERVED 2026-10-09 (status/robots/canonical from saved HTML; internal links = distinct linking pages among 479 crawled pages). GSC status per column above is NOT live-verified: an HTTP 200 proves neither indexing nor indexing eligibility.
/car-brake-service/electronic-city,200,https://ridencare.co.in/car-brake-service/electronic-city,none (no meta robots — indexable),Yes,17 of 479 pages,"HISTORICAL_BASELINE: 'Discovered — currently not indexed' (docs/seo/31 §3b groups, 2026-09-29)",LIVE_HTTP_VERIFIED,"No change — technically eligible; actual Google indexing status UNVERIFIED, confirm via GSC URL Inspection (do not assume indexed)",Live state OBSERVED 2026-10-09 (status/robots/canonical from saved HTML; internal links = distinct linking pages among 479 crawled pages). GSC status per column above is NOT live-verified: an HTTP 200 proves neither indexing nor indexing eligibility.
/car-brake-service/indiranagar,200,https://ridencare.co.in/car-brake-service/indiranagar,none (no meta robots — indexable),Yes,17 of 479 pages,"HISTORICAL_BASELINE: 'Discovered — currently not indexed' (docs/seo/31 §3b groups, 2026-09-29)",LIVE_HTTP_VERIFIED,"No change — technically eligible; actual Google indexing status UNVERIFIED, confirm via GSC URL Inspection (do not assume indexed)",Live state OBSERVED 2026-10-09 (status/robots/canonical from saved HTML; internal links = distinct linking pages among 479 crawled pages). GSC status per column above is NOT live-verified: an HTTP 200 proves neither indexing nor indexing eligibility.
/car-brake-service/koramangala,200,https://ridencare.co.in/car-brake-service/koramangala,none (no meta robots — indexable),Yes,17 of 479 pages,"HISTORICAL_BASELINE: 'Discovered — currently not indexed' (docs/seo/31 §3b groups, 2026-09-29)",LIVE_HTTP_VERIFIED,"No change — technically eligible; actual Google indexing status UNVERIFIED, confirm via GSC URL Inspection (do not assume indexed)",Live state OBSERVED 2026-10-09 (status/robots/canonical from saved HTML; internal links = distinct linking pages among 479 crawled pages). GSC status per column above is NOT live-verified: an HTTP 200 proves neither indexing nor indexing eligibility.
/car-brake-service/marathahalli,200,https://ridencare.co.in/car-brake-service/marathahalli,none (no meta robots — indexable),Yes,14 of 479 pages,"HISTORICAL_BASELINE: 'Discovered — currently not indexed' (docs/seo/31 §3b groups, 2026-09-29)",LIVE_HTTP_VERIFIED,"No change — technically eligible; actual Google indexing status UNVERIFIED, confirm via GSC URL Inspection (do not assume indexed)",Live state OBSERVED 2026-10-09 (status/robots/canonical from saved HTML; internal links = distinct linking pages among 479 crawled pages). GSC status per column above is NOT live-verified: an HTTP 200 proves neither indexing nor indexing eligibility.
/car-breakdown-assistance,200,https://ridencare.co.in/car-breakdown-assistance,none (no meta robots — indexable),Yes,2 of 479 pages,"HISTORICAL_BASELINE: 'Discovered — currently not indexed' (docs/seo/31 §3b groups, 2026-09-29)",LIVE_HTTP_VERIFIED,"No change — technically eligible; actual Google indexing status UNVERIFIED, confirm via GSC URL Inspection (do not assume indexed)",Live state OBSERVED 2026-10-09 (status/robots/canonical from saved HTML; internal links = distinct linking pages among 479 crawled pages). GSC status per column above is NOT live-verified: an HTTP 200 proves neither indexing nor indexing eligibility.
/car-electrical-repair,200,https://ridencare.co.in/car-electrical-repair,none (no meta robots — indexable),Yes,479 of 479 pages,"HISTORICAL_BASELINE: 'Discovered — currently not indexed' (docs/seo/31 §3b groups, 2026-09-29)",LIVE_HTTP_VERIFIED,"No change — technically eligible; actual Google indexing status UNVERIFIED, confirm via GSC URL Inspection (do not assume indexed)",Live state OBSERVED 2026-10-09 (status/robots/canonical from saved HTML; internal links = distinct linking pages among 479 crawled pages). GSC status per column above is NOT live-verified: an HTTP 200 proves neither indexing nor indexing eligibility.
/car-inspection,200,https://ridencare.co.in/car-inspection,none (no meta robots — indexable),Yes,479 of 479 pages,"HISTORICAL_BASELINE: 'Discovered — currently not indexed' (docs/seo/31 §3b groups, 2026-09-29)",LIVE_HTTP_VERIFIED,"No change — technically eligible; actual Google indexing status UNVERIFIED, confirm via GSC URL Inspection (do not assume indexed)",Live state OBSERVED 2026-10-09 (status/robots/canonical from saved HTML; internal links = distinct linking pages among 479 crawled pages). GSC status per column above is NOT live-verified: an HTTP 200 proves neither indexing nor indexing eligibility.
/car-jump-start,200,https://ridencare.co.in/car-jump-start,none (no meta robots — indexable),Yes,479 of 479 pages,"HISTORICAL_BASELINE: 'Discovered — currently not indexed' (docs/seo/31 §3b groups, 2026-09-29)",LIVE_HTTP_VERIFIED,"No change — technically eligible; actual Google indexing status UNVERIFIED, confirm via GSC URL Inspection (do not assume indexed)",Live state OBSERVED 2026-10-09 (status/robots/canonical from saved HTML; internal links = distinct linking pages among 479 crawled pages). GSC status per column above is NOT live-verified: an HTTP 200 proves neither indexing nor indexing eligibility.
/car-oil-change,200,https://ridencare.co.in/car-oil-change,none (no meta robots — indexable),Yes,479 of 479 pages,"HISTORICAL_BASELINE: 'Discovered — currently not indexed' (docs/seo/31 §3b groups, 2026-09-29)",LIVE_HTTP_VERIFIED,"No change — technically eligible; actual Google indexing status UNVERIFIED, confirm via GSC URL Inspection (do not assume indexed)",Live state OBSERVED 2026-10-09 (status/robots/canonical from saved HTML; internal links = distinct linking pages among 479 crawled pages). GSC status per column above is NOT live-verified: an HTTP 200 proves neither indexing nor indexing eligibility.
/car-periodic-service,200,https://ridencare.co.in/car-periodic-service,none (no meta robots — indexable),Yes,479 of 479 pages,"HISTORICAL_BASELINE: 'Discovered — currently not indexed' (docs/seo/31 §3b groups, 2026-09-29)",LIVE_HTTP_VERIFIED,"No change — technically eligible; actual Google indexing status UNVERIFIED, confirm via GSC URL Inspection (do not assume indexed)",Live state OBSERVED 2026-10-09 (status/robots/canonical from saved HTML; internal links = distinct linking pages among 479 crawled pages). GSC status per column above is NOT live-verified: an HTTP 200 proves neither indexing nor indexing eligibility.
/car-periodic-service/bellandur,200,https://ridencare.co.in/car-periodic-service/bellandur,none (no meta robots — indexable),Yes,17 of 479 pages,"HISTORICAL_BASELINE: 'Discovered — currently not indexed' (docs/seo/31 §3b groups, 2026-09-29)",LIVE_HTTP_VERIFIED,"No change — technically eligible; actual Google indexing status UNVERIFIED, confirm via GSC URL Inspection (do not assume indexed)",Live state OBSERVED 2026-10-09 (status/robots/canonical from saved HTML; internal links = distinct linking pages among 479 crawled pages). GSC status per column above is NOT live-verified: an HTTP 200 proves neither indexing nor indexing eligibility.
/car-periodic-service/btm-layout,200,https://ridencare.co.in/car-periodic-service/btm-layout,none (no meta robots — indexable),Yes,18 of 479 pages,"HISTORICAL_BASELINE: 'Discovered — currently not indexed' (docs/seo/31 §3b groups, 2026-09-29)",LIVE_HTTP_VERIFIED,"No change — technically eligible; actual Google indexing status UNVERIFIED, confirm via GSC URL Inspection (do not assume indexed)",Live state OBSERVED 2026-10-09 (status/robots/canonical from saved HTML; internal links = distinct linking pages among 479 crawled pages). GSC status per column above is NOT live-verified: an HTTP 200 proves neither indexing nor indexing eligibility.
/car-periodic-service/electronic-city,200,https://ridencare.co.in/car-periodic-service/electronic-city,none (no meta robots — indexable),Yes,17 of 479 pages,"HISTORICAL_BASELINE: 'Discovered — currently not indexed' (docs/seo/31 §3b groups, 2026-09-29)",LIVE_HTTP_VERIFIED,"No change — technically eligible; actual Google indexing status UNVERIFIED, confirm via GSC URL Inspection (do not assume indexed)",Live state OBSERVED 2026-10-09 (status/robots/canonical from saved HTML; internal links = distinct linking pages among 479 crawled pages). GSC status per column above is NOT live-verified: an HTTP 200 proves neither indexing nor indexing eligibility.
/car-periodic-service/hsr-layout,200,https://ridencare.co.in/car-periodic-service/hsr-layout,none (no meta robots — indexable),Yes,14 of 479 pages,"HISTORICAL_BASELINE: 'Discovered — currently not indexed' (docs/seo/31 §3b groups, 2026-09-29)",LIVE_HTTP_VERIFIED,"No change — technically eligible; actual Google indexing status UNVERIFIED, confirm via GSC URL Inspection (do not assume indexed)",Live state OBSERVED 2026-10-09 (status/robots/canonical from saved HTML; internal links = distinct linking pages among 479 crawled pages). GSC status per column above is NOT live-verified: an HTTP 200 proves neither indexing nor indexing eligibility.
/car-periodic-service/indiranagar,200,https://ridencare.co.in/car-periodic-service/indiranagar,none (no meta robots — indexable),Yes,17 of 479 pages,"HISTORICAL_BASELINE: 'Discovered — currently not indexed' (docs/seo/31 §3b groups, 2026-09-29)",LIVE_HTTP_VERIFIED,"No change — technically eligible; actual Google indexing status UNVERIFIED, confirm via GSC URL Inspection (do not assume indexed)",Live state OBSERVED 2026-10-09 (status/robots/canonical from saved HTML; internal links = distinct linking pages among 479 crawled pages). GSC status per column above is NOT live-verified: an HTTP 200 proves neither indexing nor indexing eligibility.
/car-periodic-service/koramangala,200,https://ridencare.co.in/car-periodic-service/koramangala,none (no meta robots — indexable),Yes,17 of 479 pages,"HISTORICAL_BASELINE: 'Discovered — currently not indexed' (docs/seo/31 §3b groups, 2026-09-29)",LIVE_HTTP_VERIFIED,"No change — technically eligible; actual Google indexing status UNVERIFIED, confirm via GSC URL Inspection (do not assume indexed)",Live state OBSERVED 2026-10-09 (status/robots/canonical from saved HTML; internal links = distinct linking pages among 479 crawled pages). GSC status per column above is NOT live-verified: an HTTP 200 proves neither indexing nor indexing eligibility.
/car-repair,200,https://ridencare.co.in/car-repair,none (no meta robots — indexable),Yes,479 of 479 pages,"HISTORICAL_BASELINE: 'Discovered — currently not indexed' (docs/seo/31 §3b groups, 2026-09-29)",LIVE_HTTP_VERIFIED,"No change — technically eligible; actual Google indexing status UNVERIFIED, confirm via GSC URL Inspection (do not assume indexed)",Live state OBSERVED 2026-10-09 (status/robots/canonical from saved HTML; internal links = distinct linking pages among 479 crawled pages). GSC status per column above is NOT live-verified: an HTTP 200 proves neither indexing nor indexing eligibility.
/cars,200,https://ridencare.co.in/cars,none (no meta robots — indexable),Yes,479 of 479 pages,"HISTORICAL_BASELINE: 'Discovered — currently not indexed' (docs/seo/31 §3b groups, 2026-09-29)",LIVE_HTTP_VERIFIED,"No change — technically eligible; actual Google indexing status UNVERIFIED, confirm via GSC URL Inspection (do not assume indexed)",Live state OBSERVED 2026-10-09 (status/robots/canonical from saved HTML; internal links = distinct linking pages among 479 crawled pages). GSC status per column above is NOT live-verified: an HTTP 200 proves neither indexing nor indexing eligibility.
/clutch-repair,200,https://ridencare.co.in/clutch-repair,none (no meta robots — indexable),Yes,3 of 479 pages,UNVERIFIED — export not recovered and GSC API not connected (live 200 does not reveal Google's status),LIVE_HTTP_VERIFIED,"No change — technically eligible; actual Google indexing status UNVERIFIED, confirm via GSC URL Inspection (do not assume indexed)",Live state OBSERVED 2026-10-09 (status/robots/canonical from saved HTML; internal links = distinct linking pages among 479 crawled pages). GSC status per column above is NOT live-verified: an HTTP 200 proves neither indexing nor indexing eligibility.
/contact,200,https://ridencare.co.in/contact,none (no meta robots — indexable),Yes,479 of 479 pages,UNVERIFIED — export not recovered and GSC API not connected (live 200 does not reveal Google's status),LIVE_HTTP_VERIFIED,"No change — technically eligible; actual Google indexing status UNVERIFIED, confirm via GSC URL Inspection (do not assume indexed)",Live state OBSERVED 2026-10-09 (status/robots/canonical from saved HTML; internal links = distinct linking pages among 479 crawled pages). GSC status per column above is NOT live-verified: an HTTP 200 proves neither indexing nor indexing eligibility.
/doorstep-bike-repair,200,https://ridencare.co.in/doorstep-bike-repair,none (no meta robots — indexable),Yes,479 of 479 pages,"HISTORICAL_BASELINE: 'Discovered — currently not indexed' (docs/seo/31 §3b groups, 2026-09-29)",LIVE_HTTP_VERIFIED,"No change — technically eligible; actual Google indexing status UNVERIFIED, confirm via GSC URL Inspection (do not assume indexed)",Live state OBSERVED 2026-10-09 (status/robots/canonical from saved HTML; internal links = distinct linking pages among 479 crawled pages). GSC status per column above is NOT live-verified: an HTTP 200 proves neither indexing nor indexing eligibility.
/doorstep-bike-repair/bellandur,200,https://ridencare.co.in/doorstep-bike-repair/bellandur,none (no meta robots — indexable),Yes,22 of 479 pages,UNVERIFIED — export not recovered and GSC API not connected (live 200 does not reveal Google's status),LIVE_HTTP_VERIFIED,"No change — technically eligible; actual Google indexing status UNVERIFIED, confirm via GSC URL Inspection (do not assume indexed)",Live state OBSERVED 2026-10-09 (status/robots/canonical from saved HTML; internal links = distinct linking pages among 479 crawled pages). GSC status per column above is NOT live-verified: an HTTP 200 proves neither indexing nor indexing eligibility.
/doorstep-bike-repair/btm-layout,200,https://ridencare.co.in/doorstep-bike-repair/btm-layout,none (no meta robots — indexable),Yes,23 of 479 pages,UNVERIFIED — export not recovered and GSC API not connected (live 200 does not reveal Google's status),LIVE_HTTP_VERIFIED,"No change — technically eligible; actual Google indexing status UNVERIFIED, confirm via GSC URL Inspection (do not assume indexed)",Live state OBSERVED 2026-10-09 (status/robots/canonical from saved HTML; internal links = distinct linking pages among 479 crawled pages). GSC status per column above is NOT live-verified: an HTTP 200 proves neither indexing nor indexing eligibility.
/doorstep-bike-repair/electronic-city,200,https://ridencare.co.in/doorstep-bike-repair/electronic-city,none (no meta robots — indexable),Yes,16 of 479 pages,UNVERIFIED — export not recovered and GSC API not connected (live 200 does not reveal Google's status),LIVE_HTTP_VERIFIED,"No change — technically eligible; actual Google indexing status UNVERIFIED, confirm via GSC URL Inspection (do not assume indexed)",Live state OBSERVED 2026-10-09 (status/robots/canonical from saved HTML; internal links = distinct linking pages among 479 crawled pages). GSC status per column above is NOT live-verified: an HTTP 200 proves neither indexing nor indexing eligibility.
/doorstep-bike-repair/hebbal,200,https://ridencare.co.in/doorstep-bike-repair/hebbal,none (no meta robots — indexable),Yes,10 of 479 pages,UNVERIFIED — export not recovered and GSC API not connected (live 200 does not reveal Google's status),LIVE_HTTP_VERIFIED,"No change — technically eligible; actual Google indexing status UNVERIFIED, confirm via GSC URL Inspection (do not assume indexed)",Live state OBSERVED 2026-10-09 (status/robots/canonical from saved HTML; internal links = distinct linking pages among 479 crawled pages). GSC status per column above is NOT live-verified: an HTTP 200 proves neither indexing nor indexing eligibility.
/doorstep-bike-repair/hsr-layout,200,https://ridencare.co.in/doorstep-bike-repair/hsr-layout,none (no meta robots — indexable),Yes,25 of 479 pages,UNVERIFIED — export not recovered and GSC API not connected (live 200 does not reveal Google's status),LIVE_HTTP_VERIFIED,"No change — technically eligible; actual Google indexing status UNVERIFIED, confirm via GSC URL Inspection (do not assume indexed)",Live state OBSERVED 2026-10-09 (status/robots/canonical from saved HTML; internal links = distinct linking pages among 479 crawled pages). GSC status per column above is NOT live-verified: an HTTP 200 proves neither indexing nor indexing eligibility.
/doorstep-bike-repair/indiranagar,200,https://ridencare.co.in/doorstep-bike-repair/indiranagar,none (no meta robots — indexable),Yes,24 of 479 pages,UNVERIFIED — export not recovered and GSC API not connected (live 200 does not reveal Google's status),LIVE_HTTP_VERIFIED,"No change — technically eligible; actual Google indexing status UNVERIFIED, confirm via GSC URL Inspection (do not assume indexed)",Live state OBSERVED 2026-10-09 (status/robots/canonical from saved HTML; internal links = distinct linking pages among 479 crawled pages). GSC status per column above is NOT live-verified: an HTTP 200 proves neither indexing nor indexing eligibility.
/doorstep-bike-repair/jayanagar,200,https://ridencare.co.in/doorstep-bike-repair/jayanagar,none (no meta robots — indexable),Yes,19 of 479 pages,UNVERIFIED — export not recovered and GSC API not connected (live 200 does not reveal Google's status),LIVE_HTTP_VERIFIED,"No change — technically eligible; actual Google indexing status UNVERIFIED, confirm via GSC URL Inspection (do not assume indexed)",Live state OBSERVED 2026-10-09 (status/robots/canonical from saved HTML; internal links = distinct linking pages among 479 crawled pages). GSC status per column above is NOT live-verified: an HTTP 200 proves neither indexing nor indexing eligibility.
/doorstep-bike-repair/jp-nagar,200,https://ridencare.co.in/doorstep-bike-repair/jp-nagar,none (no meta robots — indexable),Yes,17 of 479 pages,UNVERIFIED — export not recovered and GSC API not connected (live 200 does not reveal Google's status),LIVE_HTTP_VERIFIED,"No change — technically eligible; actual Google indexing status UNVERIFIED, confirm via GSC URL Inspection (do not assume indexed)",Live state OBSERVED 2026-10-09 (status/robots/canonical from saved HTML; internal links = distinct linking pages among 479 crawled pages). GSC status per column above is NOT live-verified: an HTTP 200 proves neither indexing nor indexing eligibility.
/doorstep-bike-repair/koramangala,200,https://ridencare.co.in/doorstep-bike-repair/koramangala,none (no meta robots — indexable),Yes,24 of 479 pages,UNVERIFIED — export not recovered and GSC API not connected (live 200 does not reveal Google's status),LIVE_HTTP_VERIFIED,"No change — technically eligible; actual Google indexing status UNVERIFIED, confirm via GSC URL Inspection (do not assume indexed)",Live state OBSERVED 2026-10-09 (status/robots/canonical from saved HTML; internal links = distinct linking pages among 479 crawled pages). GSC status per column above is NOT live-verified: an HTTP 200 proves neither indexing nor indexing eligibility.
/doorstep-bike-repair/marathahalli,200,https://ridencare.co.in/doorstep-bike-repair/marathahalli,none (no meta robots — indexable),Yes,22 of 479 pages,UNVERIFIED — export not recovered and GSC API not connected (live 200 does not reveal Google's status),LIVE_HTTP_VERIFIED,"No change — technically eligible; actual Google indexing status UNVERIFIED, confirm via GSC URL Inspection (do not assume indexed)",Live state OBSERVED 2026-10-09 (status/robots/canonical from saved HTML; internal links = distinct linking pages among 479 crawled pages). GSC status per column above is NOT live-verified: an HTTP 200 proves neither indexing nor indexing eligibility.
/doorstep-bike-repair/sarjapur-road,200,https://ridencare.co.in/doorstep-bike-repair/sarjapur-road,none (no meta robots — indexable),Yes,18 of 479 pages,UNVERIFIED — export not recovered and GSC API not connected (live 200 does not reveal Google's status),LIVE_HTTP_VERIFIED,"No change — technically eligible; actual Google indexing status UNVERIFIED, confirm via GSC URL Inspection (do not assume indexed)",Live state OBSERVED 2026-10-09 (status/robots/canonical from saved HTML; internal links = distinct linking pages among 479 crawled pages). GSC status per column above is NOT live-verified: an HTTP 200 proves neither indexing nor indexing eligibility.
/doorstep-bike-repair/whitefield,200,https://ridencare.co.in/doorstep-bike-repair/whitefield,none (no meta robots — indexable),Yes,22 of 479 pages,UNVERIFIED — export not recovered and GSC API not connected (live 200 does not reveal Google's status),LIVE_HTTP_VERIFIED,"No change — technically eligible; actual Google indexing status UNVERIFIED, confirm via GSC URL Inspection (do not assume indexed)",Live state OBSERVED 2026-10-09 (status/robots/canonical from saved HTML; internal links = distinct linking pages among 479 crawled pages). GSC status per column above is NOT live-verified: an HTTP 200 proves neither indexing nor indexing eligibility.
/doorstep-bike-service,200,https://ridencare.co.in/doorstep-bike-service,none (no meta robots — indexable),Yes,479 of 479 pages,UNVERIFIED — export not recovered and GSC API not connected (live 200 does not reveal Google's status),LIVE_HTTP_VERIFIED,"No change — technically eligible; actual Google indexing status UNVERIFIED, confirm via GSC URL Inspection (do not assume indexed)",Live state OBSERVED 2026-10-09 (status/robots/canonical from saved HTML; internal links = distinct linking pages among 479 crawled pages). GSC status per column above is NOT live-verified: an HTTP 200 proves neither indexing nor indexing eligibility.
/doorstep-bike-service/bellandur,200,https://ridencare.co.in/doorstep-bike-service/bellandur,none (no meta robots — indexable),Yes,22 of 479 pages,"HISTORICAL_BASELINE: 'Discovered — currently not indexed' (docs/seo/31 §3b groups, 2026-09-29)",LIVE_HTTP_VERIFIED,"No change — technically eligible; actual Google indexing status UNVERIFIED, confirm via GSC URL Inspection (do not assume indexed)",Live state OBSERVED 2026-10-09 (status/robots/canonical from saved HTML; internal links = distinct linking pages among 479 crawled pages). GSC status per column above is NOT live-verified: an HTTP 200 proves neither indexing nor indexing eligibility.
/doorstep-bike-service/btm-layout,200,https://ridencare.co.in/doorstep-bike-service/btm-layout,none (no meta robots — indexable),Yes,24 of 479 pages,"HISTORICAL_BASELINE: 'Discovered — currently not indexed' (docs/seo/31 §3b groups, 2026-09-29)",LIVE_HTTP_VERIFIED,"No change — technically eligible; actual Google indexing status UNVERIFIED, confirm via GSC URL Inspection (do not assume indexed)",Live state OBSERVED 2026-10-09 (status/robots/canonical from saved HTML; internal links = distinct linking pages among 479 crawled pages). GSC status per column above is NOT live-verified: an HTTP 200 proves neither indexing nor indexing eligibility.
/doorstep-bike-service/electronic-city,200,https://ridencare.co.in/doorstep-bike-service/electronic-city,none (no meta robots — indexable),Yes,16 of 479 pages,"HISTORICAL_BASELINE: 'Discovered — currently not indexed' (docs/seo/31 §3b groups, 2026-09-29)",LIVE_HTTP_VERIFIED,"No change — technically eligible; actual Google indexing status UNVERIFIED, confirm via GSC URL Inspection (do not assume indexed)",Live state OBSERVED 2026-10-09 (status/robots/canonical from saved HTML; internal links = distinct linking pages among 479 crawled pages). GSC status per column above is NOT live-verified: an HTTP 200 proves neither indexing nor indexing eligibility.
/doorstep-bike-service/hebbal,200,https://ridencare.co.in/doorstep-bike-service/hebbal,none (no meta robots — indexable),Yes,10 of 479 pages,"HISTORICAL_BASELINE: 'Discovered — currently not indexed' (docs/seo/31 §3b groups, 2026-09-29)",LIVE_HTTP_VERIFIED,"No change — technically eligible; actual Google indexing status UNVERIFIED, confirm via GSC URL Inspection (do not assume indexed)",Live state OBSERVED 2026-10-09 (status/robots/canonical from saved HTML; internal links = distinct linking pages among 479 crawled pages). GSC status per column above is NOT live-verified: an HTTP 200 proves neither indexing nor indexing eligibility.
/doorstep-bike-service/hsr-layout,200,https://ridencare.co.in/doorstep-bike-service/hsr-layout,none (no meta robots — indexable),Yes,25 of 479 pages,"HISTORICAL_BASELINE: 'Discovered — currently not indexed' (docs/seo/31 §3b groups, 2026-09-29)",LIVE_HTTP_VERIFIED,"No change — technically eligible; actual Google indexing status UNVERIFIED, confirm via GSC URL Inspection (do not assume indexed)",Live state OBSERVED 2026-10-09 (status/robots/canonical from saved HTML; internal links = distinct linking pages among 479 crawled pages). GSC status per column above is NOT live-verified: an HTTP 200 proves neither indexing nor indexing eligibility.
/doorstep-bike-service/indiranagar,200,https://ridencare.co.in/doorstep-bike-service/indiranagar,none (no meta robots — indexable),Yes,24 of 479 pages,"HISTORICAL_BASELINE: 'Discovered — currently not indexed' (docs/seo/31 §3b groups, 2026-09-29)",LIVE_HTTP_VERIFIED,"No change — technically eligible; actual Google indexing status UNVERIFIED, confirm via GSC URL Inspection (do not assume indexed)",Live state OBSERVED 2026-10-09 (status/robots/canonical from saved HTML; internal links = distinct linking pages among 479 crawled pages). GSC status per column above is NOT live-verified: an HTTP 200 proves neither indexing nor indexing eligibility.
/doorstep-bike-service/jayanagar,200,https://ridencare.co.in/doorstep-bike-service/jayanagar,none (no meta robots — indexable),Yes,19 of 479 pages,"HISTORICAL_BASELINE: 'Crawled — currently not indexed' (docs/seo/31 §3a, 2026-09-29; also listed in §3b DNI groups)",LIVE_HTTP_VERIFIED,"No change — technically eligible; actual Google indexing status UNVERIFIED, confirm via GSC URL Inspection (do not assume indexed)",Live state OBSERVED 2026-10-09 (status/robots/canonical from saved HTML; internal links = distinct linking pages among 479 crawled pages). GSC status per column above is NOT live-verified: an HTTP 200 proves neither indexing nor indexing eligibility.
/doorstep-bike-service/jp-nagar,200,https://ridencare.co.in/doorstep-bike-service/jp-nagar,none (no meta robots — indexable),Yes,18 of 479 pages,"HISTORICAL_BASELINE: 'Discovered — currently not indexed' (docs/seo/31 §3b groups, 2026-09-29)",LIVE_HTTP_VERIFIED,"No change — technically eligible; actual Google indexing status UNVERIFIED, confirm via GSC URL Inspection (do not assume indexed)",Live state OBSERVED 2026-10-09 (status/robots/canonical from saved HTML; internal links = distinct linking pages among 479 crawled pages). GSC status per column above is NOT live-verified: an HTTP 200 proves neither indexing nor indexing eligibility.
/doorstep-bike-service/koramangala,200,https://ridencare.co.in/doorstep-bike-service/koramangala,none (no meta robots — indexable),Yes,24 of 479 pages,"HISTORICAL_BASELINE: 'Discovered — currently not indexed' (docs/seo/31 §3b groups, 2026-09-29)",LIVE_HTTP_VERIFIED,"No change — technically eligible; actual Google indexing status UNVERIFIED, confirm via GSC URL Inspection (do not assume indexed)",Live state OBSERVED 2026-10-09 (status/robots/canonical from saved HTML; internal links = distinct linking pages among 479 crawled pages). GSC status per column above is NOT live-verified: an HTTP 200 proves neither indexing nor indexing eligibility.
/doorstep-bike-service/marathahalli,200,https://ridencare.co.in/doorstep-bike-service/marathahalli,none (no meta robots — indexable),Yes,22 of 479 pages,"HISTORICAL_BASELINE: 'Discovered — currently not indexed' (docs/seo/31 §3b groups, 2026-09-29)",LIVE_HTTP_VERIFIED,"No change — technically eligible; actual Google indexing status UNVERIFIED, confirm via GSC URL Inspection (do not assume indexed)",Live state OBSERVED 2026-10-09 (status/robots/canonical from saved HTML; internal links = distinct linking pages among 479 crawled pages). GSC status per column above is NOT live-verified: an HTTP 200 proves neither indexing nor indexing eligibility.
/doorstep-bike-service/sarjapur-road,200,https://ridencare.co.in/doorstep-bike-service/sarjapur-road,none (no meta robots — indexable),Yes,18 of 479 pages,"HISTORICAL_BASELINE: 'Discovered — currently not indexed' (docs/seo/31 §3b groups, 2026-09-29)",LIVE_HTTP_VERIFIED,"No change — technically eligible; actual Google indexing status UNVERIFIED, confirm via GSC URL Inspection (do not assume indexed)",Live state OBSERVED 2026-10-09 (status/robots/canonical from saved HTML; internal links = distinct linking pages among 479 crawled pages). GSC status per column above is NOT live-verified: an HTTP 200 proves neither indexing nor indexing eligibility.
/doorstep-bike-service/whitefield,200,https://ridencare.co.in/doorstep-bike-service/whitefield,none (no meta robots — indexable),Yes,22 of 479 pages,"HISTORICAL_BASELINE: 'Discovered — currently not indexed' (docs/seo/31 §3b groups, 2026-09-29)",LIVE_HTTP_VERIFIED,"No change — technically eligible; actual Google indexing status UNVERIFIED, confirm via GSC URL Inspection (do not assume indexed)",Live state OBSERVED 2026-10-09 (status/robots/canonical from saved HTML; internal links = distinct linking pages among 479 crawled pages). GSC status per column above is NOT live-verified: an HTTP 200 proves neither indexing nor indexing eligibility.
/electrical-repair,200,https://ridencare.co.in/electrical-repair,none (no meta robots — indexable),Yes,7 of 479 pages,UNVERIFIED — export not recovered and GSC API not connected (live 200 does not reveal Google's status),LIVE_HTTP_VERIFIED,"No change — technically eligible; actual Google indexing status UNVERIFIED, confirm via GSC URL Inspection (do not assume indexed)",Live state OBSERVED 2026-10-09 (status/robots/canonical from saved HTML; internal links = distinct linking pages among 479 crawled pages). GSC status per column above is NOT live-verified: an HTTP 200 proves neither indexing nor indexing eligibility.
/emergency-bike-repair,200,https://ridencare.co.in/emergency-bike-repair,none (no meta robots — indexable),Yes,479 of 479 pages,UNVERIFIED — export not recovered and GSC API not connected (live 200 does not reveal Google's status),LIVE_HTTP_VERIFIED,"No change — technically eligible; actual Google indexing status UNVERIFIED, confirm via GSC URL Inspection (do not assume indexed)",Live state OBSERVED 2026-10-09 (status/robots/canonical from saved HTML; internal links = distinct linking pages among 479 crawled pages). GSC status per column above is NOT live-verified: an HTTP 200 proves neither indexing nor indexing eligibility.
/emergency-bike-repair/bellandur,200,https://ridencare.co.in/emergency-bike-repair/bellandur,none (no meta robots — indexable),Yes,20 of 479 pages,UNVERIFIED — export not recovered and GSC API not connected (live 200 does not reveal Google's status),LIVE_HTTP_VERIFIED,"No change — technically eligible; actual Google indexing status UNVERIFIED, confirm via GSC URL Inspection (do not assume indexed)",Live state OBSERVED 2026-10-09 (status/robots/canonical from saved HTML; internal links = distinct linking pages among 479 crawled pages). GSC status per column above is NOT live-verified: an HTTP 200 proves neither indexing nor indexing eligibility.
/emergency-bike-repair/btm-layout,200,https://ridencare.co.in/emergency-bike-repair/btm-layout,none (no meta robots — indexable),Yes,21 of 479 pages,"HISTORICAL_BASELINE: 'Discovered — currently not indexed' (docs/seo/31 §3b groups, 2026-09-29)",LIVE_HTTP_VERIFIED,"No change — technically eligible; actual Google indexing status UNVERIFIED, confirm via GSC URL Inspection (do not assume indexed)",Live state OBSERVED 2026-10-09 (status/robots/canonical from saved HTML; internal links = distinct linking pages among 479 crawled pages). GSC status per column above is NOT live-verified: an HTTP 200 proves neither indexing nor indexing eligibility.
/emergency-bike-repair/electronic-city,200,https://ridencare.co.in/emergency-bike-repair/electronic-city,none (no meta robots — indexable),Yes,14 of 479 pages,UNVERIFIED — export not recovered and GSC API not connected (live 200 does not reveal Google's status),LIVE_HTTP_VERIFIED,"No change — technically eligible; actual Google indexing status UNVERIFIED, confirm via GSC URL Inspection (do not assume indexed)",Live state OBSERVED 2026-10-09 (status/robots/canonical from saved HTML; internal links = distinct linking pages among 479 crawled pages). GSC status per column above is NOT live-verified: an HTTP 200 proves neither indexing nor indexing eligibility.
/emergency-bike-repair/hebbal,200,https://ridencare.co.in/emergency-bike-repair/hebbal,none (no meta robots — indexable),Yes,8 of 479 pages,UNVERIFIED — export not recovered and GSC API not connected (live 200 does not reveal Google's status),LIVE_HTTP_VERIFIED,"No change — technically eligible; actual Google indexing status UNVERIFIED, confirm via GSC URL Inspection (do not assume indexed)",Live state OBSERVED 2026-10-09 (status/robots/canonical from saved HTML; internal links = distinct linking pages among 479 crawled pages). GSC status per column above is NOT live-verified: an HTTP 200 proves neither indexing nor indexing eligibility.
/emergency-bike-repair/hsr-layout,200,https://ridencare.co.in/emergency-bike-repair/hsr-layout,none (no meta robots — indexable),Yes,23 of 479 pages,UNVERIFIED — export not recovered and GSC API not connected (live 200 does not reveal Google's status),LIVE_HTTP_VERIFIED,"No change — technically eligible; actual Google indexing status UNVERIFIED, confirm via GSC URL Inspection (do not assume indexed)",Live state OBSERVED 2026-10-09 (status/robots/canonical from saved HTML; internal links = distinct linking pages among 479 crawled pages). GSC status per column above is NOT live-verified: an HTTP 200 proves neither indexing nor indexing eligibility.
/emergency-bike-repair/indiranagar,200,https://ridencare.co.in/emergency-bike-repair/indiranagar,none (no meta robots — indexable),Yes,22 of 479 pages,UNVERIFIED — export not recovered and GSC API not connected (live 200 does not reveal Google's status),LIVE_HTTP_VERIFIED,"No change — technically eligible; actual Google indexing status UNVERIFIED, confirm via GSC URL Inspection (do not assume indexed)",Live state OBSERVED 2026-10-09 (status/robots/canonical from saved HTML; internal links = distinct linking pages among 479 crawled pages). GSC status per column above is NOT live-verified: an HTTP 200 proves neither indexing nor indexing eligibility.
/emergency-bike-repair/jayanagar,200,https://ridencare.co.in/emergency-bike-repair/jayanagar,none (no meta robots — indexable),Yes,17 of 479 pages,UNVERIFIED — export not recovered and GSC API not connected (live 200 does not reveal Google's status),LIVE_HTTP_VERIFIED,"No change — technically eligible; actual Google indexing status UNVERIFIED, confirm via GSC URL Inspection (do not assume indexed)",Live state OBSERVED 2026-10-09 (status/robots/canonical from saved HTML; internal links = distinct linking pages among 479 crawled pages). GSC status per column above is NOT live-verified: an HTTP 200 proves neither indexing nor indexing eligibility.
/emergency-bike-repair/jp-nagar,200,https://ridencare.co.in/emergency-bike-repair/jp-nagar,none (no meta robots — indexable),Yes,15 of 479 pages,UNVERIFIED — export not recovered and GSC API not connected (live 200 does not reveal Google's status),LIVE_HTTP_VERIFIED,"No change — technically eligible; actual Google indexing status UNVERIFIED, confirm via GSC URL Inspection (do not assume indexed)",Live state OBSERVED 2026-10-09 (status/robots/canonical from saved HTML; internal links = distinct linking pages among 479 crawled pages). GSC status per column above is NOT live-verified: an HTTP 200 proves neither indexing nor indexing eligibility.
/emergency-bike-repair/koramangala,200,https://ridencare.co.in/emergency-bike-repair/koramangala,none (no meta robots — indexable),Yes,22 of 479 pages,UNVERIFIED — export not recovered and GSC API not connected (live 200 does not reveal Google's status),LIVE_HTTP_VERIFIED,"No change — technically eligible; actual Google indexing status UNVERIFIED, confirm via GSC URL Inspection (do not assume indexed)",Live state OBSERVED 2026-10-09 (status/robots/canonical from saved HTML; internal links = distinct linking pages among 479 crawled pages). GSC status per column above is NOT live-verified: an HTTP 200 proves neither indexing nor indexing eligibility.
/emergency-bike-repair/marathahalli,200,https://ridencare.co.in/emergency-bike-repair/marathahalli,none (no meta robots — indexable),Yes,20 of 479 pages,UNVERIFIED — export not recovered and GSC API not connected (live 200 does not reveal Google's status),LIVE_HTTP_VERIFIED,"No change — technically eligible; actual Google indexing status UNVERIFIED, confirm via GSC URL Inspection (do not assume indexed)",Live state OBSERVED 2026-10-09 (status/robots/canonical from saved HTML; internal links = distinct linking pages among 479 crawled pages). GSC status per column above is NOT live-verified: an HTTP 200 proves neither indexing nor indexing eligibility.
/emergency-bike-repair/sarjapur-road,200,https://ridencare.co.in/emergency-bike-repair/sarjapur-road,none (no meta robots — indexable),Yes,16 of 479 pages,UNVERIFIED — export not recovered and GSC API not connected (live 200 does not reveal Google's status),LIVE_HTTP_VERIFIED,"No change — technically eligible; actual Google indexing status UNVERIFIED, confirm via GSC URL Inspection (do not assume indexed)",Live state OBSERVED 2026-10-09 (status/robots/canonical from saved HTML; internal links = distinct linking pages among 479 crawled pages). GSC status per column above is NOT live-verified: an HTTP 200 proves neither indexing nor indexing eligibility.
/emergency-bike-repair/whitefield,200,https://ridencare.co.in/emergency-bike-repair/whitefield,none (no meta robots — indexable),Yes,20 of 479 pages,UNVERIFIED — export not recovered and GSC API not connected (live 200 does not reveal Google's status),LIVE_HTTP_VERIFIED,"No change — technically eligible; actual Google indexing status UNVERIFIED, confirm via GSC URL Inspection (do not assume indexed)",Live state OBSERVED 2026-10-09 (status/robots/canonical from saved HTML; internal links = distinct linking pages among 479 crawled pages). GSC status per column above is NOT live-verified: an HTTP 200 proves neither indexing nor indexing eligibility.
/engine-repair,200,https://ridencare.co.in/engine-repair,none (no meta robots — indexable),Yes,479 of 479 pages,UNVERIFIED — export not recovered and GSC API not connected (live 200 does not reveal Google's status),LIVE_HTTP_VERIFIED,"No change — technically eligible; actual Google indexing status UNVERIFIED, confirm via GSC URL Inspection (do not assume indexed)",Live state OBSERVED 2026-10-09 (status/robots/canonical from saved HTML; internal links = distinct linking pages among 479 crawled pages). GSC status per column above is NOT live-verified: an HTTP 200 proves neither indexing nor indexing eligibility.
/ev-two-wheeler-service,200,https://ridencare.co.in/ev-two-wheeler-service,none (no meta robots — indexable),Yes,4 of 479 pages,INFERRED: 'Discovered — currently not indexed' (owner-supplied cross-check; also in §3b groups; no export row),LIVE_HTTP_VERIFIED,"No change — technically eligible; actual Google indexing status UNVERIFIED, confirm via GSC URL Inspection (do not assume indexed)",Live state OBSERVED 2026-10-09 (status/robots/canonical from saved HTML; internal links = distinct linking pages among 479 crawled pages). GSC status per column above is NOT live-verified: an HTTP 200 proves neither indexing nor indexing eligibility.
/faq,200,https://ridencare.co.in/faq,none (no meta robots — indexable),Yes,479 of 479 pages,UNVERIFIED — export not recovered and GSC API not connected (live 200 does not reveal Google's status),LIVE_HTTP_VERIFIED,"No change — technically eligible; actual Google indexing status UNVERIFIED, confirm via GSC URL Inspection (do not assume indexed)",Live state OBSERVED 2026-10-09 (status/robots/canonical from saved HTML; internal links = distinct linking pages among 479 crawled pages). GSC status per column above is NOT live-verified: an HTTP 200 proves neither indexing nor indexing eligibility.
/franchise,200,https://ridencare.co.in/franchise,none (no meta robots — indexable),Yes,479 of 479 pages,"HISTORICAL_BASELINE: 'Discovered — currently not indexed' (docs/seo/31 §3b groups, 2026-09-29)",LIVE_HTTP_VERIFIED,"No change — intentional lead-gen page (self-canonical, indexable); do not redirect solely to clear a GSC report",Live state OBSERVED 2026-10-09 (status/robots/canonical from saved HTML; internal links = distinct linking pages among 479 crawled pages). GSC status per column above is NOT live-verified: an HTTP 200 proves neither indexing nor indexing eligibility.
/general-two-wheeler-repair,200,https://ridencare.co.in/general-two-wheeler-repair,none (no meta robots — indexable),Yes,7 of 479 pages,UNVERIFIED — export not recovered and GSC API not connected (live 200 does not reveal Google's status),LIVE_HTTP_VERIFIED,"No change — technically eligible; actual Google indexing status UNVERIFIED, confirm via GSC URL Inspection (do not assume indexed)",Live state OBSERVED 2026-10-09 (status/robots/canonical from saved HTML; internal links = distinct linking pages among 479 crawled pages). GSC status per column above is NOT live-verified: an HTTP 200 proves neither indexing nor indexing eligibility.
/guarantee,200,https://ridencare.co.in/guarantee,none (no meta robots — indexable),Yes,479 of 479 pages,UNVERIFIED — export not recovered and GSC API not connected (live 200 does not reveal Google's status),LIVE_HTTP_VERIFIED,"No change — technically eligible; actual Google indexing status UNVERIFIED, confirm via GSC URL Inspection (do not assume indexed)",Live state OBSERVED 2026-10-09 (status/robots/canonical from saved HTML; internal links = distinct linking pages among 479 crawled pages). GSC status per column above is NOT live-verified: an HTTP 200 proves neither indexing nor indexing eligibility.
/guides,200,https://ridencare.co.in/guides,none (no meta robots — indexable),Yes,479 of 479 pages,UNVERIFIED — export not recovered and GSC API not connected (live 200 does not reveal Google's status),LIVE_HTTP_VERIFIED,"No change — technically eligible; actual Google indexing status UNVERIFIED, confirm via GSC URL Inspection (do not assume indexed)",Live state OBSERVED 2026-10-09 (status/robots/canonical from saved HTML; internal links = distinct linking pages among 479 crawled pages). GSC status per column above is NOT live-verified: an HTTP 200 proves neither indexing nor indexing eligibility.
/guides/bike-breakdown-troubleshooting-guide,200,https://ridencare.co.in/guides/bike-breakdown-troubleshooting-guide,none (no meta robots — indexable),Yes,479 of 479 pages,"HISTORICAL_BASELINE: 'Discovered — currently not indexed' (docs/seo/31 §3b groups, 2026-09-29)",LIVE_HTTP_VERIFIED,"No change — technically eligible; actual Google indexing status UNVERIFIED, confirm via GSC URL Inspection (do not assume indexed)",Live state OBSERVED 2026-10-09 (status/robots/canonical from saved HTML; internal links = distinct linking pages among 479 crawled pages). GSC status per column above is NOT live-verified: an HTTP 200 proves neither indexing nor indexing eligibility.
/guides/bike-service-guide-bangalore,200,https://ridencare.co.in/guides/bike-service-guide-bangalore,none (no meta robots — indexable),Yes,479 of 479 pages,"HISTORICAL_BASELINE: 'Discovered — currently not indexed' (docs/seo/31 §3b groups, 2026-09-29)",LIVE_HTTP_VERIFIED,"No change — technically eligible; actual Google indexing status UNVERIFIED, confirm via GSC URL Inspection (do not assume indexed)",Live state OBSERVED 2026-10-09 (status/robots/canonical from saved HTML; internal links = distinct linking pages among 479 crawled pages). GSC status per column above is NOT live-verified: an HTTP 200 proves neither indexing nor indexing eligibility.
/guides/common-bike-problems-and-solutions,200,https://ridencare.co.in/guides/common-bike-problems-and-solutions,none (no meta robots — indexable),Yes,21 of 479 pages,"HISTORICAL_BASELINE: 'Discovered — currently not indexed' (docs/seo/31 §3b groups, 2026-09-29)",LIVE_HTTP_VERIFIED,"No change — technically eligible; actual Google indexing status UNVERIFIED, confirm via GSC URL Inspection (do not assume indexed)",Live state OBSERVED 2026-10-09 (status/robots/canonical from saved HTML; internal links = distinct linking pages among 479 crawled pages). GSC status per column above is NOT live-verified: an HTTP 200 proves neither indexing nor indexing eligibility.
/guides/complete-bike-maintenance-guide,200,https://ridencare.co.in/guides/complete-bike-maintenance-guide,none (no meta robots — indexable),Yes,479 of 479 pages,"HISTORICAL_BASELINE: 'Discovered — currently not indexed' (docs/seo/31 §3b groups, 2026-09-29)",LIVE_HTTP_VERIFIED,"No change — technically eligible; actual Google indexing status UNVERIFIED, confirm via GSC URL Inspection (do not assume indexed)",Live state OBSERVED 2026-10-09 (status/robots/canonical from saved HTML; internal links = distinct linking pages among 479 crawled pages). GSC status per column above is NOT live-verified: an HTTP 200 proves neither indexing nor indexing eligibility.
/guides/doorstep-bike-service-guide,200,https://ridencare.co.in/guides/doorstep-bike-service-guide,none (no meta robots — indexable),Yes,9 of 479 pages,"HISTORICAL_BASELINE: 'Discovered — currently not indexed' (docs/seo/31 §3b groups, 2026-09-29)",LIVE_HTTP_VERIFIED,"No change — technically eligible; actual Google indexing status UNVERIFIED, confirm via GSC URL Inspection (do not assume indexed)",Live state OBSERVED 2026-10-09 (status/robots/canonical from saved HTML; internal links = distinct linking pages among 479 crawled pages). GSC status per column above is NOT live-verified: an HTTP 200 proves neither indexing nor indexing eligibility.
/guides/motorcycle-vs-scooter-maintenance,200,https://ridencare.co.in/guides/motorcycle-vs-scooter-maintenance,none (no meta robots — indexable),Yes,7 of 479 pages,"HISTORICAL_BASELINE: 'Discovered — currently not indexed' (docs/seo/31 §3b groups, 2026-09-29)",LIVE_HTTP_VERIFIED,"No change — technically eligible; actual Google indexing status UNVERIFIED, confirm via GSC URL Inspection (do not assume indexed)",Live state OBSERVED 2026-10-09 (status/robots/canonical from saved HTML; internal links = distinct linking pages among 479 crawled pages). GSC status per column above is NOT live-verified: an HTTP 200 proves neither indexing nor indexing eligibility.
/guides/when-to-service-your-bike,200,https://ridencare.co.in/guides/when-to-service-your-bike,none (no meta robots — indexable),Yes,18 of 479 pages,"HISTORICAL_BASELINE: 'Discovered — currently not indexed' (docs/seo/31 §3b groups, 2026-09-29)",LIVE_HTTP_VERIFIED,"No change — technically eligible; actual Google indexing status UNVERIFIED, confirm via GSC URL Inspection (do not assume indexed)",Live state OBSERVED 2026-10-09 (status/robots/canonical from saved HTML; internal links = distinct linking pages among 479 crawled pages). GSC status per column above is NOT live-verified: an HTTP 200 proves neither indexing nor indexing eligibility.
/honda-two-wheeler-service,200,https://ridencare.co.in/honda-two-wheeler-service,none (no meta robots — indexable),Yes,6 of 479 pages,UNVERIFIED — export not recovered and GSC API not connected (live 200 does not reveal Google's status),LIVE_HTTP_VERIFIED,"No change — technically eligible; actual Google indexing status UNVERIFIED, confirm via GSC URL Inspection (do not assume indexed)",Live state OBSERVED 2026-10-09 (status/robots/canonical from saved HTML; internal links = distinct linking pages among 479 crawled pages). GSC status per column above is NOT live-verified: an HTTP 200 proves neither indexing nor indexing eligibility.
/ktm-service,200,https://ridencare.co.in/ktm-service,none (no meta robots — indexable),Yes,6 of 479 pages,UNVERIFIED — export not recovered and GSC API not connected (live 200 does not reveal Google's status),LIVE_HTTP_VERIFIED,"No change — technically eligible; actual Google indexing status UNVERIFIED, confirm via GSC URL Inspection (do not assume indexed)",Live state OBSERVED 2026-10-09 (status/robots/canonical from saved HTML; internal links = distinct linking pages among 479 crawled pages). GSC status per column above is NOT live-verified: an HTTP 200 proves neither indexing nor indexing eligibility.
/motorcycle-service,200,https://ridencare.co.in/motorcycle-service,none (no meta robots — indexable),Yes,52 of 479 pages,UNVERIFIED — export not recovered and GSC API not connected (live 200 does not reveal Google's status),LIVE_HTTP_VERIFIED,"No change — technically eligible; actual Google indexing status UNVERIFIED, confirm via GSC URL Inspection (do not assume indexed)",Live state OBSERVED 2026-10-09 (status/robots/canonical from saved HTML; internal links = distinct linking pages among 479 crawled pages). GSC status per column above is NOT live-verified: an HTTP 200 proves neither indexing nor indexing eligibility.
/motorcycle-service/bellandur,200,https://ridencare.co.in/motorcycle-service/bellandur,none (no meta robots — indexable),Yes,19 of 479 pages,"HISTORICAL_BASELINE: 'Discovered — currently not indexed' (docs/seo/31 §3b groups, 2026-09-29)",LIVE_HTTP_VERIFIED,"No change — technically eligible; actual Google indexing status UNVERIFIED, confirm via GSC URL Inspection (do not assume indexed)",Live state OBSERVED 2026-10-09 (status/robots/canonical from saved HTML; internal links = distinct linking pages among 479 crawled pages). GSC status per column above is NOT live-verified: an HTTP 200 proves neither indexing nor indexing eligibility.
/motorcycle-service/btm-layout,200,https://ridencare.co.in/motorcycle-service/btm-layout,none (no meta robots — indexable),Yes,20 of 479 pages,"HISTORICAL_BASELINE: 'Discovered — currently not indexed' (docs/seo/31 §3b groups, 2026-09-29)",LIVE_HTTP_VERIFIED,"No change — technically eligible; actual Google indexing status UNVERIFIED, confirm via GSC URL Inspection (do not assume indexed)",Live state OBSERVED 2026-10-09 (status/robots/canonical from saved HTML; internal links = distinct linking pages among 479 crawled pages). GSC status per column above is NOT live-verified: an HTTP 200 proves neither indexing nor indexing eligibility.
/motorcycle-service/electronic-city,200,https://ridencare.co.in/motorcycle-service/electronic-city,none (no meta robots — indexable),Yes,13 of 479 pages,"HISTORICAL_BASELINE: 'Discovered — currently not indexed' (docs/seo/31 §3b groups, 2026-09-29)",LIVE_HTTP_VERIFIED,"No change — technically eligible; actual Google indexing status UNVERIFIED, confirm via GSC URL Inspection (do not assume indexed)",Live state OBSERVED 2026-10-09 (status/robots/canonical from saved HTML; internal links = distinct linking pages among 479 crawled pages). GSC status per column above is NOT live-verified: an HTTP 200 proves neither indexing nor indexing eligibility.
/motorcycle-service/hebbal,200,https://ridencare.co.in/motorcycle-service/hebbal,none (no meta robots — indexable),Yes,7 of 479 pages,"HISTORICAL_BASELINE: 'Discovered — currently not indexed' (docs/seo/31 §3b groups, 2026-09-29)",LIVE_HTTP_VERIFIED,"No change — technically eligible; actual Google indexing status UNVERIFIED, confirm via GSC URL Inspection (do not assume indexed)",Live state OBSERVED 2026-10-09 (status/robots/canonical from saved HTML; internal links = distinct linking pages among 479 crawled pages). GSC status per column above is NOT live-verified: an HTTP 200 proves neither indexing nor indexing eligibility.
/motorcycle-service/hsr-layout,200,https://ridencare.co.in/motorcycle-service/hsr-layout,none (no meta robots — indexable),Yes,22 of 479 pages,"HISTORICAL_BASELINE: 'Discovered — currently not indexed' (docs/seo/31 §3b groups, 2026-09-29)",LIVE_HTTP_VERIFIED,"No change — technically eligible; actual Google indexing status UNVERIFIED, confirm via GSC URL Inspection (do not assume indexed)",Live state OBSERVED 2026-10-09 (status/robots/canonical from saved HTML; internal links = distinct linking pages among 479 crawled pages). GSC status per column above is NOT live-verified: an HTTP 200 proves neither indexing nor indexing eligibility.
/motorcycle-service/indiranagar,200,https://ridencare.co.in/motorcycle-service/indiranagar,none (no meta robots — indexable),Yes,21 of 479 pages,"HISTORICAL_BASELINE: 'Discovered — currently not indexed' (docs/seo/31 §3b groups, 2026-09-29)",LIVE_HTTP_VERIFIED,"No change — technically eligible; actual Google indexing status UNVERIFIED, confirm via GSC URL Inspection (do not assume indexed)",Live state OBSERVED 2026-10-09 (status/robots/canonical from saved HTML; internal links = distinct linking pages among 479 crawled pages). GSC status per column above is NOT live-verified: an HTTP 200 proves neither indexing nor indexing eligibility.
/motorcycle-service/jayanagar,200,https://ridencare.co.in/motorcycle-service/jayanagar,none (no meta robots — indexable),Yes,16 of 479 pages,"HISTORICAL_BASELINE: 'Discovered — currently not indexed' (docs/seo/31 §3b groups, 2026-09-29)",LIVE_HTTP_VERIFIED,"No change — technically eligible; actual Google indexing status UNVERIFIED, confirm via GSC URL Inspection (do not assume indexed)",Live state OBSERVED 2026-10-09 (status/robots/canonical from saved HTML; internal links = distinct linking pages among 479 crawled pages). GSC status per column above is NOT live-verified: an HTTP 200 proves neither indexing nor indexing eligibility.
/motorcycle-service/jp-nagar,200,https://ridencare.co.in/motorcycle-service/jp-nagar,none (no meta robots — indexable),Yes,14 of 479 pages,"HISTORICAL_BASELINE: 'Discovered — currently not indexed' (docs/seo/31 §3b groups, 2026-09-29)",LIVE_HTTP_VERIFIED,"No change — technically eligible; actual Google indexing status UNVERIFIED, confirm via GSC URL Inspection (do not assume indexed)",Live state OBSERVED 2026-10-09 (status/robots/canonical from saved HTML; internal links = distinct linking pages among 479 crawled pages). GSC status per column above is NOT live-verified: an HTTP 200 proves neither indexing nor indexing eligibility.
/motorcycle-service/koramangala,200,https://ridencare.co.in/motorcycle-service/koramangala,none (no meta robots — indexable),Yes,21 of 479 pages,"HISTORICAL_BASELINE: 'Discovered — currently not indexed' (docs/seo/31 §3b groups, 2026-09-29)",LIVE_HTTP_VERIFIED,"No change — technically eligible; actual Google indexing status UNVERIFIED, confirm via GSC URL Inspection (do not assume indexed)",Live state OBSERVED 2026-10-09 (status/robots/canonical from saved HTML; internal links = distinct linking pages among 479 crawled pages). GSC status per column above is NOT live-verified: an HTTP 200 proves neither indexing nor indexing eligibility.
/motorcycle-service/marathahalli,200,https://ridencare.co.in/motorcycle-service/marathahalli,none (no meta robots — indexable),Yes,19 of 479 pages,"HISTORICAL_BASELINE: 'Discovered — currently not indexed' (docs/seo/31 §3b groups, 2026-09-29)",LIVE_HTTP_VERIFIED,"No change — technically eligible; actual Google indexing status UNVERIFIED, confirm via GSC URL Inspection (do not assume indexed)",Live state OBSERVED 2026-10-09 (status/robots/canonical from saved HTML; internal links = distinct linking pages among 479 crawled pages). GSC status per column above is NOT live-verified: an HTTP 200 proves neither indexing nor indexing eligibility.
/motorcycle-service/sarjapur-road,200,https://ridencare.co.in/motorcycle-service/sarjapur-road,none (no meta robots — indexable),Yes,15 of 479 pages,"HISTORICAL_BASELINE: 'Discovered — currently not indexed' (docs/seo/31 §3b groups, 2026-09-29)",LIVE_HTTP_VERIFIED,"No change — technically eligible; actual Google indexing status UNVERIFIED, confirm via GSC URL Inspection (do not assume indexed)",Live state OBSERVED 2026-10-09 (status/robots/canonical from saved HTML; internal links = distinct linking pages among 479 crawled pages). GSC status per column above is NOT live-verified: an HTTP 200 proves neither indexing nor indexing eligibility.
/motorcycle-service/whitefield,200,https://ridencare.co.in/motorcycle-service/whitefield,none (no meta robots — indexable),Yes,19 of 479 pages,"HISTORICAL_BASELINE: 'Discovered — currently not indexed' (docs/seo/31 §3b groups, 2026-09-29)",LIVE_HTTP_VERIFIED,"No change — technically eligible; actual Google indexing status UNVERIFIED, confirm via GSC URL Inspection (do not assume indexed)",Live state OBSERVED 2026-10-09 (status/robots/canonical from saved HTML; internal links = distinct linking pages among 479 crawled pages). GSC status per column above is NOT live-verified: an HTTP 200 proves neither indexing nor indexing eligibility.
/periodic-bike-service,200,https://ridencare.co.in/periodic-bike-service,none (no meta robots — indexable),Yes,479 of 479 pages,UNVERIFIED — export not recovered and GSC API not connected (live 200 does not reveal Google's status),LIVE_HTTP_VERIFIED,"No change — technically eligible; actual Google indexing status UNVERIFIED, confirm via GSC URL Inspection (do not assume indexed)",Live state OBSERVED 2026-10-09 (status/robots/canonical from saved HTML; internal links = distinct linking pages among 479 crawled pages). GSC status per column above is NOT live-verified: an HTTP 200 proves neither indexing nor indexing eligibility.
/royal-enfield-service,200,https://ridencare.co.in/royal-enfield-service,none (no meta robots — indexable),Yes,6 of 479 pages,UNVERIFIED — export not recovered and GSC API not connected (live 200 does not reveal Google's status),LIVE_HTTP_VERIFIED,"No change — technically eligible; actual Google indexing status UNVERIFIED, confirm via GSC URL Inspection (do not assume indexed)",Live state OBSERVED 2026-10-09 (status/robots/canonical from saved HTML; internal links = distinct linking pages among 479 crawled pages). GSC status per column above is NOT live-verified: an HTTP 200 proves neither indexing nor indexing eligibility.
/scooter-service,200,https://ridencare.co.in/scooter-service,none (no meta robots — indexable),Yes,479 of 479 pages,"HISTORICAL_BASELINE: 'Discovered — currently not indexed' (docs/seo/31 §3b groups, 2026-09-29)",LIVE_HTTP_VERIFIED,"No change — technically eligible; actual Google indexing status UNVERIFIED, confirm via GSC URL Inspection (do not assume indexed)",Live state OBSERVED 2026-10-09 (status/robots/canonical from saved HTML; internal links = distinct linking pages among 479 crawled pages). GSC status per column above is NOT live-verified: an HTTP 200 proves neither indexing nor indexing eligibility.
/scooter-service/bellandur,200,https://ridencare.co.in/scooter-service/bellandur,none (no meta robots — indexable),Yes,19 of 479 pages,UNVERIFIED — export not recovered and GSC API not connected (live 200 does not reveal Google's status),LIVE_HTTP_VERIFIED,"No change — technically eligible; actual Google indexing status UNVERIFIED, confirm via GSC URL Inspection (do not assume indexed)",Live state OBSERVED 2026-10-09 (status/robots/canonical from saved HTML; internal links = distinct linking pages among 479 crawled pages). GSC status per column above is NOT live-verified: an HTTP 200 proves neither indexing nor indexing eligibility.
/scooter-service/btm-layout,200,https://ridencare.co.in/scooter-service/btm-layout,none (no meta robots — indexable),Yes,21 of 479 pages,UNVERIFIED — export not recovered and GSC API not connected (live 200 does not reveal Google's status),LIVE_HTTP_VERIFIED,"No change — technically eligible; actual Google indexing status UNVERIFIED, confirm via GSC URL Inspection (do not assume indexed)",Live state OBSERVED 2026-10-09 (status/robots/canonical from saved HTML; internal links = distinct linking pages among 479 crawled pages). GSC status per column above is NOT live-verified: an HTTP 200 proves neither indexing nor indexing eligibility.
/scooter-service/electronic-city,200,https://ridencare.co.in/scooter-service/electronic-city,none (no meta robots — indexable),Yes,13 of 479 pages,UNVERIFIED — export not recovered and GSC API not connected (live 200 does not reveal Google's status),LIVE_HTTP_VERIFIED,"No change — technically eligible; actual Google indexing status UNVERIFIED, confirm via GSC URL Inspection (do not assume indexed)",Live state OBSERVED 2026-10-09 (status/robots/canonical from saved HTML; internal links = distinct linking pages among 479 crawled pages). GSC status per column above is NOT live-verified: an HTTP 200 proves neither indexing nor indexing eligibility.
/scooter-service/hebbal,200,https://ridencare.co.in/scooter-service/hebbal,none (no meta robots — indexable),Yes,7 of 479 pages,UNVERIFIED — export not recovered and GSC API not connected (live 200 does not reveal Google's status),LIVE_HTTP_VERIFIED,"No change — technically eligible; actual Google indexing status UNVERIFIED, confirm via GSC URL Inspection (do not assume indexed)",Live state OBSERVED 2026-10-09 (status/robots/canonical from saved HTML; internal links = distinct linking pages among 479 crawled pages). GSC status per column above is NOT live-verified: an HTTP 200 proves neither indexing nor indexing eligibility.
/scooter-service/hsr-layout,200,https://ridencare.co.in/scooter-service/hsr-layout,none (no meta robots — indexable),Yes,22 of 479 pages,UNVERIFIED — export not recovered and GSC API not connected (live 200 does not reveal Google's status),LIVE_HTTP_VERIFIED,"No change — technically eligible; actual Google indexing status UNVERIFIED, confirm via GSC URL Inspection (do not assume indexed)",Live state OBSERVED 2026-10-09 (status/robots/canonical from saved HTML; internal links = distinct linking pages among 479 crawled pages). GSC status per column above is NOT live-verified: an HTTP 200 proves neither indexing nor indexing eligibility.
/scooter-service/indiranagar,200,https://ridencare.co.in/scooter-service/indiranagar,none (no meta robots — indexable),Yes,21 of 479 pages,UNVERIFIED — export not recovered and GSC API not connected (live 200 does not reveal Google's status),LIVE_HTTP_VERIFIED,"No change — technically eligible; actual Google indexing status UNVERIFIED, confirm via GSC URL Inspection (do not assume indexed)",Live state OBSERVED 2026-10-09 (status/robots/canonical from saved HTML; internal links = distinct linking pages among 479 crawled pages). GSC status per column above is NOT live-verified: an HTTP 200 proves neither indexing nor indexing eligibility.
/scooter-service/jayanagar,200,https://ridencare.co.in/scooter-service/jayanagar,none (no meta robots — indexable),Yes,16 of 479 pages,UNVERIFIED — export not recovered and GSC API not connected (live 200 does not reveal Google's status),LIVE_HTTP_VERIFIED,"No change — technically eligible; actual Google indexing status UNVERIFIED, confirm via GSC URL Inspection (do not assume indexed)",Live state OBSERVED 2026-10-09 (status/robots/canonical from saved HTML; internal links = distinct linking pages among 479 crawled pages). GSC status per column above is NOT live-verified: an HTTP 200 proves neither indexing nor indexing eligibility.
/scooter-service/jp-nagar,200,https://ridencare.co.in/scooter-service/jp-nagar,none (no meta robots — indexable),Yes,15 of 479 pages,UNVERIFIED — export not recovered and GSC API not connected (live 200 does not reveal Google's status),LIVE_HTTP_VERIFIED,"No change — technically eligible; actual Google indexing status UNVERIFIED, confirm via GSC URL Inspection (do not assume indexed)",Live state OBSERVED 2026-10-09 (status/robots/canonical from saved HTML; internal links = distinct linking pages among 479 crawled pages). GSC status per column above is NOT live-verified: an HTTP 200 proves neither indexing nor indexing eligibility.
/scooter-service/koramangala,200,https://ridencare.co.in/scooter-service/koramangala,none (no meta robots — indexable),Yes,21 of 479 pages,"HISTORICAL_BASELINE: 'Discovered — currently not indexed' (docs/seo/31 §3b groups, 2026-09-29)",LIVE_HTTP_VERIFIED,"No change — technically eligible; actual Google indexing status UNVERIFIED, confirm via GSC URL Inspection (do not assume indexed)",Live state OBSERVED 2026-10-09 (status/robots/canonical from saved HTML; internal links = distinct linking pages among 479 crawled pages). GSC status per column above is NOT live-verified: an HTTP 200 proves neither indexing nor indexing eligibility.
/scooter-service/marathahalli,200,https://ridencare.co.in/scooter-service/marathahalli,none (no meta robots — indexable),Yes,19 of 479 pages,UNVERIFIED — export not recovered and GSC API not connected (live 200 does not reveal Google's status),LIVE_HTTP_VERIFIED,"No change — technically eligible; actual Google indexing status UNVERIFIED, confirm via GSC URL Inspection (do not assume indexed)",Live state OBSERVED 2026-10-09 (status/robots/canonical from saved HTML; internal links = distinct linking pages among 479 crawled pages). GSC status per column above is NOT live-verified: an HTTP 200 proves neither indexing nor indexing eligibility.
/scooter-service/sarjapur-road,200,https://ridencare.co.in/scooter-service/sarjapur-road,none (no meta robots — indexable),Yes,15 of 479 pages,UNVERIFIED — export not recovered and GSC API not connected (live 200 does not reveal Google's status),LIVE_HTTP_VERIFIED,"No change — technically eligible; actual Google indexing status UNVERIFIED, confirm via GSC URL Inspection (do not assume indexed)",Live state OBSERVED 2026-10-09 (status/robots/canonical from saved HTML; internal links = distinct linking pages among 479 crawled pages). GSC status per column above is NOT live-verified: an HTTP 200 proves neither indexing nor indexing eligibility.
/scooter-service/whitefield,200,https://ridencare.co.in/scooter-service/whitefield,none (no meta robots — indexable),Yes,19 of 479 pages,UNVERIFIED — export not recovered and GSC API not connected (live 200 does not reveal Google's status),LIVE_HTTP_VERIFIED,"No change — technically eligible; actual Google indexing status UNVERIFIED, confirm via GSC URL Inspection (do not assume indexed)",Live state OBSERVED 2026-10-09 (status/robots/canonical from saved HTML; internal links = distinct linking pages among 479 crawled pages). GSC status per column above is NOT live-verified: an HTTP 200 proves neither indexing nor indexing eligibility.
/tvs-two-wheeler-service,200,https://ridencare.co.in/tvs-two-wheeler-service,none (no meta robots — indexable),Yes,6 of 479 pages,INFERRED: 'Discovered — currently not indexed' (owner-supplied cross-check; also in §3b groups; no export row),LIVE_HTTP_VERIFIED,"No change — technically eligible; actual Google indexing status UNVERIFIED, confirm via GSC URL Inspection (do not assume indexed)",Live state OBSERVED 2026-10-09 (status/robots/canonical from saved HTML; internal links = distinct linking pages among 479 crawled pages). GSC status per column above is NOT live-verified: an HTTP 200 proves neither indexing nor indexing eligibility.
/areas/banashankari,200,https://ridencare.co.in/areas/banashankari,"noindex, follow",No,20 of 479 pages,"HISTORICAL_BASELINE: 'Discovered — currently not indexed' (docs/seo/31 §3b groups, 2026-09-29)",LIVE_HTTP_VERIFIED,Keep noindex until the owner-approved P0 deploy flips it; then verify with GSC URL Inspection (no mass-indexing),"Live state OBSERVED 2026-10-09 (status/robots/canonical from saved HTML; internal links = distinct linking pages among 479 crawled pages). GSC status per column above is NOT live-verified: an HTTP 200 proves neither indexing nor indexing eligibility. noindex observed live, not a GSC category observation."
/areas/bannerghatta-road,200,https://ridencare.co.in/areas/bannerghatta-road,"noindex, follow",No,13 of 479 pages,"HISTORICAL_BASELINE: 'Discovered — currently not indexed' (docs/seo/31 §3b groups, 2026-09-29)",LIVE_HTTP_VERIFIED,Keep noindex until content uplift + owner confirmation (Q33); do not mass-index discovered URLs,"Live state OBSERVED 2026-10-09 (status/robots/canonical from saved HTML; internal links = distinct linking pages among 479 crawled pages). GSC status per column above is NOT live-verified: an HTTP 200 proves neither indexing nor indexing eligibility. noindex observed live, not a GSC category observation."
/areas/bommanahalli,200,https://ridencare.co.in/areas/bommanahalli,"noindex, follow",No,17 of 479 pages,"HISTORICAL_BASELINE: 'Discovered — currently not indexed' (docs/seo/31 §3b groups, 2026-09-29)",LIVE_HTTP_VERIFIED,Keep noindex until content uplift + owner confirmation (Q33); do not mass-index discovered URLs,"Live state OBSERVED 2026-10-09 (status/robots/canonical from saved HTML; internal links = distinct linking pages among 479 crawled pages). GSC status per column above is NOT live-verified: an HTTP 200 proves neither indexing nor indexing eligibility. noindex observed live, not a GSC category observation."
/areas/brookefield,200,https://ridencare.co.in/areas/brookefield,"noindex, follow",No,14 of 479 pages,"HISTORICAL_BASELINE: 'Discovered — currently not indexed' (docs/seo/31 §3b groups, 2026-09-29)",LIVE_HTTP_VERIFIED,Keep noindex until content uplift + owner confirmation (Q33); do not mass-index discovered URLs,"Live state OBSERVED 2026-10-09 (status/robots/canonical from saved HTML; internal links = distinct linking pages among 479 crawled pages). GSC status per column above is NOT live-verified: an HTTP 200 proves neither indexing nor indexing eligibility. noindex observed live, not a GSC category observation."
/areas/choodasandra,200,https://ridencare.co.in/areas/choodasandra,"noindex, follow",No,13 of 479 pages,"HISTORICAL_BASELINE: 'Discovered — currently not indexed' (docs/seo/31 §3b groups, 2026-09-29)",LIVE_HTTP_VERIFIED,Keep noindex until content uplift + owner confirmation (Q33); do not mass-index discovered URLs,"Live state OBSERVED 2026-10-09 (status/robots/canonical from saved HTML; internal links = distinct linking pages among 479 crawled pages). GSC status per column above is NOT live-verified: an HTTP 200 proves neither indexing nor indexing eligibility. noindex observed live, not a GSC category observation."
/areas/domlur,200,https://ridencare.co.in/areas/domlur,"noindex, follow",No,16 of 479 pages,"HISTORICAL_BASELINE: 'Discovered — currently not indexed' (docs/seo/31 §3b groups, 2026-09-29)",LIVE_HTTP_VERIFIED,Keep noindex until content uplift + owner confirmation (Q33); do not mass-index discovered URLs,"Live state OBSERVED 2026-10-09 (status/robots/canonical from saved HTML; internal links = distinct linking pages among 479 crawled pages). GSC status per column above is NOT live-verified: an HTTP 200 proves neither indexing nor indexing eligibility. noindex observed live, not a GSC category observation."
/areas/ejipura,200,https://ridencare.co.in/areas/ejipura,"noindex, follow",No,17 of 479 pages,"HISTORICAL_BASELINE: 'Discovered — currently not indexed' (docs/seo/31 §3b groups, 2026-09-29)",LIVE_HTTP_VERIFIED,Keep noindex until content uplift + owner confirmation (Q33); do not mass-index discovered URLs,"Live state OBSERVED 2026-10-09 (status/robots/canonical from saved HTML; internal links = distinct linking pages among 479 crawled pages). GSC status per column above is NOT live-verified: an HTTP 200 proves neither indexing nor indexing eligibility. noindex observed live, not a GSC category observation."
/areas/gunjur,200,https://ridencare.co.in/areas/gunjur,"noindex, follow",No,14 of 479 pages,"HISTORICAL_BASELINE: 'Crawled — currently not indexed' (docs/seo/31 §3a, 2026-09-29; also listed in §3b DNI groups)",LIVE_HTTP_VERIFIED,Keep noindex until content uplift + owner confirmation (Q33); do not mass-index discovered URLs,"Live state OBSERVED 2026-10-09 (status/robots/canonical from saved HTML; internal links = distinct linking pages among 479 crawled pages). GSC status per column above is NOT live-verified: an HTTP 200 proves neither indexing nor indexing eligibility. noindex observed live, not a GSC category observation."
/areas/hal,200,https://ridencare.co.in/areas/hal,"noindex, follow",No,14 of 479 pages,"HISTORICAL_BASELINE: 'Discovered — currently not indexed' (docs/seo/31 §3b groups, 2026-09-29)",LIVE_HTTP_VERIFIED,Keep noindex until content uplift + owner confirmation (Q33); do not mass-index discovered URLs,"Live state OBSERVED 2026-10-09 (status/robots/canonical from saved HTML; internal links = distinct linking pages among 479 crawled pages). GSC status per column above is NOT live-verified: an HTTP 200 proves neither indexing nor indexing eligibility. noindex observed live, not a GSC category observation."
/areas/harlur,200,https://ridencare.co.in/areas/harlur,"noindex, follow",No,15 of 479 pages,"HISTORICAL_BASELINE: 'Discovered — currently not indexed' (docs/seo/31 §3b groups, 2026-09-29)",LIVE_HTTP_VERIFIED,Keep noindex until content uplift + owner confirmation (Q33); do not mass-index discovered URLs,"Live state OBSERVED 2026-10-09 (status/robots/canonical from saved HTML; internal links = distinct linking pages among 479 crawled pages). GSC status per column above is NOT live-verified: an HTTP 200 proves neither indexing nor indexing eligibility. noindex observed live, not a GSC category observation."
/areas/kadubeesanahalli,200,https://ridencare.co.in/areas/kadubeesanahalli,"noindex, follow",No,16 of 479 pages,"HISTORICAL_BASELINE: 'Discovered — currently not indexed' (docs/seo/31 §3b groups, 2026-09-29)",LIVE_HTTP_VERIFIED,Keep noindex until content uplift + owner confirmation (Q33); do not mass-index discovered URLs,"Live state OBSERVED 2026-10-09 (status/robots/canonical from saved HTML; internal links = distinct linking pages among 479 crawled pages). GSC status per column above is NOT live-verified: an HTTP 200 proves neither indexing nor indexing eligibility. noindex observed live, not a GSC category observation."
/areas/kalyan-nagar,200,https://ridencare.co.in/areas/kalyan-nagar,"noindex, follow",No,37 of 479 pages,"HISTORICAL_BASELINE: 'Discovered — currently not indexed' (docs/seo/31 §3b groups, 2026-09-29)",LIVE_HTTP_VERIFIED,Keep noindex until content uplift + owner confirmation (Q33); do not mass-index discovered URLs,"Live state OBSERVED 2026-10-09 (status/robots/canonical from saved HTML; internal links = distinct linking pages among 479 crawled pages). GSC status per column above is NOT live-verified: an HTTP 200 proves neither indexing nor indexing eligibility. noindex observed live, not a GSC category observation."
/areas/kanakapura-road,200,https://ridencare.co.in/areas/kanakapura-road,"noindex, follow",No,14 of 479 pages,"HISTORICAL_BASELINE: 'Discovered — currently not indexed' (docs/seo/31 §3b groups, 2026-09-29)",LIVE_HTTP_VERIFIED,Keep noindex until content uplift + owner confirmation (Q33); do not mass-index discovered URLs,"Live state OBSERVED 2026-10-09 (status/robots/canonical from saved HTML; internal links = distinct linking pages among 479 crawled pages). GSC status per column above is NOT live-verified: an HTTP 200 proves neither indexing nor indexing eligibility. noindex observed live, not a GSC category observation."
/areas/kasavanahalli,200,https://ridencare.co.in/areas/kasavanahalli,"noindex, follow",No,14 of 479 pages,"HISTORICAL_BASELINE: 'Discovered — currently not indexed' (docs/seo/31 §3b groups, 2026-09-29)",LIVE_HTTP_VERIFIED,Keep noindex until content uplift + owner confirmation (Q33); do not mass-index discovered URLs,"Live state OBSERVED 2026-10-09 (status/robots/canonical from saved HTML; internal links = distinct linking pages among 479 crawled pages). GSC status per column above is NOT live-verified: an HTTP 200 proves neither indexing nor indexing eligibility. noindex observed live, not a GSC category observation."
/areas/kr-puram,200,https://ridencare.co.in/areas/kr-puram,"noindex, follow",No,14 of 479 pages,"HISTORICAL_BASELINE: 'Discovered — currently not indexed' (docs/seo/31 §3b groups, 2026-09-29)",LIVE_HTTP_VERIFIED,Keep noindex until the owner-approved P0 deploy flips it; then verify with GSC URL Inspection (no mass-indexing),"Live state OBSERVED 2026-10-09 (status/robots/canonical from saved HTML; internal links = distinct linking pages among 479 crawled pages). GSC status per column above is NOT live-verified: an HTTP 200 proves neither indexing nor indexing eligibility. noindex observed live, not a GSC category observation."
/areas/kudlu-gate,200,https://ridencare.co.in/areas/kudlu-gate,"noindex, follow",No,15 of 479 pages,"HISTORICAL_BASELINE: 'Crawled — currently not indexed' (docs/seo/31 §3a, 2026-09-29; also listed in §3b DNI groups)",LIVE_HTTP_VERIFIED,Keep noindex until content uplift + owner confirmation (Q33); do not mass-index discovered URLs,"Live state OBSERVED 2026-10-09 (status/robots/canonical from saved HTML; internal links = distinct linking pages among 479 crawled pages). GSC status per column above is NOT live-verified: an HTTP 200 proves neither indexing nor indexing eligibility. noindex observed live, not a GSC category observation."
/areas/madiwala,200,https://ridencare.co.in/areas/madiwala,"noindex, follow",No,18 of 479 pages,"HISTORICAL_BASELINE: 'Discovered — currently not indexed' (docs/seo/31 §3b groups, 2026-09-29)",LIVE_HTTP_VERIFIED,Keep noindex until the owner-approved P0 deploy flips it; then verify with GSC URL Inspection (no mass-indexing),"Live state OBSERVED 2026-10-09 (status/robots/canonical from saved HTML; internal links = distinct linking pages among 479 crawled pages). GSC status per column above is NOT live-verified: an HTTP 200 proves neither indexing nor indexing eligibility. noindex observed live, not a GSC category observation."
/areas/mahadevapura,200,https://ridencare.co.in/areas/mahadevapura,"noindex, follow",No,20 of 479 pages,"HISTORICAL_BASELINE: 'Discovered — currently not indexed' (docs/seo/31 §3b groups, 2026-09-29)",LIVE_HTTP_VERIFIED,Keep noindex until the owner-approved P0 deploy flips it; then verify with GSC URL Inspection (no mass-indexing),"Live state OBSERVED 2026-10-09 (status/robots/canonical from saved HTML; internal links = distinct linking pages among 479 crawled pages). GSC status per column above is NOT live-verified: an HTTP 200 proves neither indexing nor indexing eligibility. noindex observed live, not a GSC category observation."
/areas/malleshwaram,200,https://ridencare.co.in/areas/malleshwaram,"noindex, follow",No,14 of 479 pages,UNVERIFIED — export not recovered and GSC API not connected (live 200 does not reveal Google's status),LIVE_HTTP_VERIFIED,Keep noindex until content uplift + owner confirmation (Q33); do not mass-index discovered URLs,"Live state OBSERVED 2026-10-09 (status/robots/canonical from saved HTML; internal links = distinct linking pages among 479 crawled pages). GSC status per column above is NOT live-verified: an HTTP 200 proves neither indexing nor indexing eligibility. noindex observed live, not a GSC category observation."
/areas/mg-road,200,https://ridencare.co.in/areas/mg-road,"noindex, follow",No,14 of 479 pages,UNVERIFIED — export not recovered and GSC API not connected (live 200 does not reveal Google's status),LIVE_HTTP_VERIFIED,Keep noindex until the owner-approved P0 deploy flips it; then verify with GSC URL Inspection (no mass-indexing),"Live state OBSERVED 2026-10-09 (status/robots/canonical from saved HTML; internal links = distinct linking pages among 479 crawled pages). GSC status per column above is NOT live-verified: an HTTP 200 proves neither indexing nor indexing eligibility. noindex observed live, not a GSC category observation."
/areas/panathur-road,200,https://ridencare.co.in/areas/panathur-road,"noindex, follow",No,16 of 479 pages,"HISTORICAL_BASELINE: 'Crawled — currently not indexed' (docs/seo/31 §3a, 2026-09-29; also listed in §3b DNI groups)",LIVE_HTTP_VERIFIED,Keep noindex until content uplift + owner confirmation (Q33); do not mass-index discovered URLs,"Live state OBSERVED 2026-10-09 (status/robots/canonical from saved HTML; internal links = distinct linking pages among 479 crawled pages). GSC status per column above is NOT live-verified: an HTTP 200 proves neither indexing nor indexing eligibility. noindex observed live, not a GSC category observation."
/areas/parappana-agrahara,200,https://ridencare.co.in/areas/parappana-agrahara,"noindex, follow",No,14 of 479 pages,"HISTORICAL_BASELINE: 'Discovered — currently not indexed' (docs/seo/31 §3b groups, 2026-09-29)",LIVE_HTTP_VERIFIED,Keep noindex until content uplift + owner confirmation (Q33); do not mass-index discovered URLs,"Live state OBSERVED 2026-10-09 (status/robots/canonical from saved HTML; internal links = distinct linking pages among 479 crawled pages). GSC status per column above is NOT live-verified: an HTTP 200 proves neither indexing nor indexing eligibility. noindex observed live, not a GSC category observation."
/areas/peenya,200,https://ridencare.co.in/areas/peenya,"noindex, follow",No,13 of 479 pages,UNVERIFIED — export not recovered and GSC API not connected (live 200 does not reveal Google's status),LIVE_HTTP_VERIFIED,Keep noindex until content uplift + owner confirmation (Q33); do not mass-index discovered URLs,"Live state OBSERVED 2026-10-09 (status/robots/canonical from saved HTML; internal links = distinct linking pages among 479 crawled pages). GSC status per column above is NOT live-verified: an HTTP 200 proves neither indexing nor indexing eligibility. noindex observed live, not a GSC category observation."
/areas/rajajinagar,200,https://ridencare.co.in/areas/rajajinagar,"noindex, follow",No,14 of 479 pages,UNVERIFIED — export not recovered and GSC API not connected (live 200 does not reveal Google's status),LIVE_HTTP_VERIFIED,Keep noindex until content uplift + owner confirmation (Q33); do not mass-index discovered URLs,"Live state OBSERVED 2026-10-09 (status/robots/canonical from saved HTML; internal links = distinct linking pages among 479 crawled pages). GSC status per column above is NOT live-verified: an HTTP 200 proves neither indexing nor indexing eligibility. noindex observed live, not a GSC category observation."
/areas/singasandra,200,https://ridencare.co.in/areas/singasandra,"noindex, follow",No,15 of 479 pages,"HISTORICAL_BASELINE: 'Discovered — currently not indexed' (docs/seo/31 §3b groups, 2026-09-29)",LIVE_HTTP_VERIFIED,Keep noindex until content uplift + owner confirmation (Q33); do not mass-index discovered URLs,"Live state OBSERVED 2026-10-09 (status/robots/canonical from saved HTML; internal links = distinct linking pages among 479 crawled pages). GSC status per column above is NOT live-verified: an HTTP 200 proves neither indexing nor indexing eligibility. noindex observed live, not a GSC category observation."
/areas/varthur,200,https://ridencare.co.in/areas/varthur,"noindex, follow",No,14 of 479 pages,"HISTORICAL_BASELINE: 'Discovered — currently not indexed' (docs/seo/31 §3b groups, 2026-09-29)",LIVE_HTTP_VERIFIED,Keep noindex until content uplift + owner confirmation (Q33); do not mass-index discovered URLs,"Live state OBSERVED 2026-10-09 (status/robots/canonical from saved HTML; internal links = distinct linking pages among 479 crawled pages). GSC status per column above is NOT live-verified: an HTTP 200 proves neither indexing nor indexing eligibility. noindex observed live, not a GSC category observation."
/areas/yelahanka,200,https://ridencare.co.in/areas/yelahanka,"noindex, follow",No,12 of 479 pages,UNVERIFIED — export not recovered and GSC API not connected (live 200 does not reveal Google's status),LIVE_HTTP_VERIFIED,Keep noindex until content uplift + owner confirmation (Q33); do not mass-index discovered URLs,"Live state OBSERVED 2026-10-09 (status/robots/canonical from saved HTML; internal links = distinct linking pages among 479 crawled pages). GSC status per column above is NOT live-verified: an HTTP 200 proves neither indexing nor indexing eligibility. noindex observed live, not a GSC category observation."
/areas/yeshwanthpur,200,https://ridencare.co.in/areas/yeshwanthpur,"noindex, follow",No,15 of 479 pages,UNVERIFIED — export not recovered and GSC API not connected (live 200 does not reveal Google's status),LIVE_HTTP_VERIFIED,Keep noindex until content uplift + owner confirmation (Q33); do not mass-index discovered URLs,"Live state OBSERVED 2026-10-09 (status/robots/canonical from saved HTML; internal links = distinct linking pages among 479 crawled pages). GSC status per column above is NOT live-verified: an HTTP 200 proves neither indexing nor indexing eligibility. noindex observed live, not a GSC category observation."
/auth,200,https://ridencare.co.in/auth,"noindex, nofollow",No,1 of 479 pages,UNVERIFIED — export not recovered and GSC API not connected (live 200 does not reveal Google's status),LIVE_HTTP_VERIFIED,Keep noindex — intentionally excluded (utility/transaction/auth page); no change,"Live state OBSERVED 2026-10-09 (status/robots/canonical from saved HTML; internal links = distinct linking pages among 479 crawled pages). GSC status per column above is NOT live-verified: an HTTP 200 proves neither indexing nor indexing eligibility. noindex observed live, not a GSC category observation."
/bike-repair/banashankari,200,https://ridencare.co.in/bike-repair/banashankari,"noindex, follow",No,9 of 479 pages,UNVERIFIED — export not recovered and GSC API not connected (live 200 does not reveal Google's status),LIVE_HTTP_VERIFIED,Keep noindex until the owner-approved P0 deploy flips it; then verify with GSC URL Inspection (no mass-indexing),"Live state OBSERVED 2026-10-09 (status/robots/canonical from saved HTML; internal links = distinct linking pages among 479 crawled pages). GSC status per column above is NOT live-verified: an HTTP 200 proves neither indexing nor indexing eligibility. noindex observed live, not a GSC category observation."
/bike-repair/bannerghatta-road,200,https://ridencare.co.in/bike-repair/bannerghatta-road,"noindex, follow",No,6 of 479 pages,UNVERIFIED — export not recovered and GSC API not connected (live 200 does not reveal Google's status),LIVE_HTTP_VERIFIED,Keep noindex until content uplift + owner confirmation (Q33); do not mass-index discovered URLs,"Live state OBSERVED 2026-10-09 (status/robots/canonical from saved HTML; internal links = distinct linking pages among 479 crawled pages). GSC status per column above is NOT live-verified: an HTTP 200 proves neither indexing nor indexing eligibility. noindex observed live, not a GSC category observation."
/bike-repair/bommanahalli,200,https://ridencare.co.in/bike-repair/bommanahalli,"noindex, follow",No,11 of 479 pages,UNVERIFIED — export not recovered and GSC API not connected (live 200 does not reveal Google's status),LIVE_HTTP_VERIFIED,Keep noindex until content uplift + owner confirmation (Q33); do not mass-index discovered URLs,"Live state OBSERVED 2026-10-09 (status/robots/canonical from saved HTML; internal links = distinct linking pages among 479 crawled pages). GSC status per column above is NOT live-verified: an HTTP 200 proves neither indexing nor indexing eligibility. noindex observed live, not a GSC category observation."
/bike-repair/brookefield,200,https://ridencare.co.in/bike-repair/brookefield,"noindex, follow",No,8 of 479 pages,UNVERIFIED — export not recovered and GSC API not connected (live 200 does not reveal Google's status),LIVE_HTTP_VERIFIED,Keep noindex until content uplift + owner confirmation (Q33); do not mass-index discovered URLs,"Live state OBSERVED 2026-10-09 (status/robots/canonical from saved HTML; internal links = distinct linking pages among 479 crawled pages). GSC status per column above is NOT live-verified: an HTTP 200 proves neither indexing nor indexing eligibility. noindex observed live, not a GSC category observation."
/bike-repair/choodasandra,200,https://ridencare.co.in/bike-repair/choodasandra,"noindex, follow",No,7 of 479 pages,UNVERIFIED — export not recovered and GSC API not connected (live 200 does not reveal Google's status),LIVE_HTTP_VERIFIED,Keep noindex until content uplift + owner confirmation (Q33); do not mass-index discovered URLs,"Live state OBSERVED 2026-10-09 (status/robots/canonical from saved HTML; internal links = distinct linking pages among 479 crawled pages). GSC status per column above is NOT live-verified: an HTTP 200 proves neither indexing nor indexing eligibility. noindex observed live, not a GSC category observation."
/bike-repair/domlur,200,https://ridencare.co.in/bike-repair/domlur,"noindex, follow",No,10 of 479 pages,UNVERIFIED — export not recovered and GSC API not connected (live 200 does not reveal Google's status),LIVE_HTTP_VERIFIED,Keep noindex until content uplift + owner confirmation (Q33); do not mass-index discovered URLs,"Live state OBSERVED 2026-10-09 (status/robots/canonical from saved HTML; internal links = distinct linking pages among 479 crawled pages). GSC status per column above is NOT live-verified: an HTTP 200 proves neither indexing nor indexing eligibility. noindex observed live, not a GSC category observation."
/bike-repair/ejipura,200,https://ridencare.co.in/bike-repair/ejipura,"noindex, follow",No,11 of 479 pages,UNVERIFIED — export not recovered and GSC API not connected (live 200 does not reveal Google's status),LIVE_HTTP_VERIFIED,Keep noindex until content uplift + owner confirmation (Q33); do not mass-index discovered URLs,"Live state OBSERVED 2026-10-09 (status/robots/canonical from saved HTML; internal links = distinct linking pages among 479 crawled pages). GSC status per column above is NOT live-verified: an HTTP 200 proves neither indexing nor indexing eligibility. noindex observed live, not a GSC category observation."
/bike-repair/gunjur,200,https://ridencare.co.in/bike-repair/gunjur,"noindex, follow",No,8 of 479 pages,UNVERIFIED — export not recovered and GSC API not connected (live 200 does not reveal Google's status),LIVE_HTTP_VERIFIED,Keep noindex until content uplift + owner confirmation (Q33); do not mass-index discovered URLs,"Live state OBSERVED 2026-10-09 (status/robots/canonical from saved HTML; internal links = distinct linking pages among 479 crawled pages). GSC status per column above is NOT live-verified: an HTTP 200 proves neither indexing nor indexing eligibility. noindex observed live, not a GSC category observation."
/bike-repair/hal,200,https://ridencare.co.in/bike-repair/hal,"noindex, follow",No,8 of 479 pages,UNVERIFIED — export not recovered and GSC API not connected (live 200 does not reveal Google's status),LIVE_HTTP_VERIFIED,Keep noindex until content uplift + owner confirmation (Q33); do not mass-index discovered URLs,"Live state OBSERVED 2026-10-09 (status/robots/canonical from saved HTML; internal links = distinct linking pages among 479 crawled pages). GSC status per column above is NOT live-verified: an HTTP 200 proves neither indexing nor indexing eligibility. noindex observed live, not a GSC category observation."
/bike-repair/harlur,200,https://ridencare.co.in/bike-repair/harlur,"noindex, follow",No,9 of 479 pages,UNVERIFIED — export not recovered and GSC API not connected (live 200 does not reveal Google's status),LIVE_HTTP_VERIFIED,Keep noindex until content uplift + owner confirmation (Q33); do not mass-index discovered URLs,"Live state OBSERVED 2026-10-09 (status/robots/canonical from saved HTML; internal links = distinct linking pages among 479 crawled pages). GSC status per column above is NOT live-verified: an HTTP 200 proves neither indexing nor indexing eligibility. noindex observed live, not a GSC category observation."
/bike-repair/kadubeesanahalli,200,https://ridencare.co.in/bike-repair/kadubeesanahalli,"noindex, follow",No,10 of 479 pages,UNVERIFIED — export not recovered and GSC API not connected (live 200 does not reveal Google's status),LIVE_HTTP_VERIFIED,Keep noindex until content uplift + owner confirmation (Q33); do not mass-index discovered URLs,"Live state OBSERVED 2026-10-09 (status/robots/canonical from saved HTML; internal links = distinct linking pages among 479 crawled pages). GSC status per column above is NOT live-verified: an HTTP 200 proves neither indexing nor indexing eligibility. noindex observed live, not a GSC category observation."
/bike-repair/kalyan-nagar,200,https://ridencare.co.in/bike-repair/kalyan-nagar,"noindex, follow",No,8 of 479 pages,UNVERIFIED — export not recovered and GSC API not connected (live 200 does not reveal Google's status),LIVE_HTTP_VERIFIED,Keep noindex until content uplift + owner confirmation (Q33); do not mass-index discovered URLs,"Live state OBSERVED 2026-10-09 (status/robots/canonical from saved HTML; internal links = distinct linking pages among 479 crawled pages). GSC status per column above is NOT live-verified: an HTTP 200 proves neither indexing nor indexing eligibility. noindex observed live, not a GSC category observation."
/bike-repair/kanakapura-road,200,https://ridencare.co.in/bike-repair/kanakapura-road,"noindex, follow",No,7 of 479 pages,UNVERIFIED — export not recovered and GSC API not connected (live 200 does not reveal Google's status),LIVE_HTTP_VERIFIED,Keep noindex until content uplift + owner confirmation (Q33); do not mass-index discovered URLs,"Live state OBSERVED 2026-10-09 (status/robots/canonical from saved HTML; internal links = distinct linking pages among 479 crawled pages). GSC status per column above is NOT live-verified: an HTTP 200 proves neither indexing nor indexing eligibility. noindex observed live, not a GSC category observation."
/bike-repair/kasavanahalli,200,https://ridencare.co.in/bike-repair/kasavanahalli,"noindex, follow",No,8 of 479 pages,UNVERIFIED — export not recovered and GSC API not connected (live 200 does not reveal Google's status),LIVE_HTTP_VERIFIED,Keep noindex until content uplift + owner confirmation (Q33); do not mass-index discovered URLs,"Live state OBSERVED 2026-10-09 (status/robots/canonical from saved HTML; internal links = distinct linking pages among 479 crawled pages). GSC status per column above is NOT live-verified: an HTTP 200 proves neither indexing nor indexing eligibility. noindex observed live, not a GSC category observation."
/bike-repair/kr-puram,200,https://ridencare.co.in/bike-repair/kr-puram,"noindex, follow",No,8 of 479 pages,UNVERIFIED — export not recovered and GSC API not connected (live 200 does not reveal Google's status),LIVE_HTTP_VERIFIED,Keep noindex until the owner-approved P0 deploy flips it; then verify with GSC URL Inspection (no mass-indexing),"Live state OBSERVED 2026-10-09 (status/robots/canonical from saved HTML; internal links = distinct linking pages among 479 crawled pages). GSC status per column above is NOT live-verified: an HTTP 200 proves neither indexing nor indexing eligibility. noindex observed live, not a GSC category observation."
/bike-repair/kudlu-gate,200,https://ridencare.co.in/bike-repair/kudlu-gate,"noindex, follow",No,9 of 479 pages,UNVERIFIED — export not recovered and GSC API not connected (live 200 does not reveal Google's status),LIVE_HTTP_VERIFIED,Keep noindex until content uplift + owner confirmation (Q33); do not mass-index discovered URLs,"Live state OBSERVED 2026-10-09 (status/robots/canonical from saved HTML; internal links = distinct linking pages among 479 crawled pages). GSC status per column above is NOT live-verified: an HTTP 200 proves neither indexing nor indexing eligibility. noindex observed live, not a GSC category observation."
/bike-repair/madiwala,200,https://ridencare.co.in/bike-repair/madiwala,"noindex, follow",No,12 of 479 pages,UNVERIFIED — export not recovered and GSC API not connected (live 200 does not reveal Google's status),LIVE_HTTP_VERIFIED,Keep noindex until the owner-approved P0 deploy flips it; then verify with GSC URL Inspection (no mass-indexing),"Live state OBSERVED 2026-10-09 (status/robots/canonical from saved HTML; internal links = distinct linking pages among 479 crawled pages). GSC status per column above is NOT live-verified: an HTTP 200 proves neither indexing nor indexing eligibility. noindex observed live, not a GSC category observation."
/bike-repair/mahadevapura,200,https://ridencare.co.in/bike-repair/mahadevapura,"noindex, follow",No,9 of 479 pages,UNVERIFIED — export not recovered and GSC API not connected (live 200 does not reveal Google's status),LIVE_HTTP_VERIFIED,Keep noindex until the owner-approved P0 deploy flips it; then verify with GSC URL Inspection (no mass-indexing),"Live state OBSERVED 2026-10-09 (status/robots/canonical from saved HTML; internal links = distinct linking pages among 479 crawled pages). GSC status per column above is NOT live-verified: an HTTP 200 proves neither indexing nor indexing eligibility. noindex observed live, not a GSC category observation."
/bike-repair/malleshwaram,200,https://ridencare.co.in/bike-repair/malleshwaram,"noindex, follow",No,8 of 479 pages,UNVERIFIED — export not recovered and GSC API not connected (live 200 does not reveal Google's status),LIVE_HTTP_VERIFIED,Keep noindex until content uplift + owner confirmation (Q33); do not mass-index discovered URLs,"Live state OBSERVED 2026-10-09 (status/robots/canonical from saved HTML; internal links = distinct linking pages among 479 crawled pages). GSC status per column above is NOT live-verified: an HTTP 200 proves neither indexing nor indexing eligibility. noindex observed live, not a GSC category observation."
/bike-repair/mg-road,200,https://ridencare.co.in/bike-repair/mg-road,"noindex, follow",No,8 of 479 pages,UNVERIFIED — export not recovered and GSC API not connected (live 200 does not reveal Google's status),LIVE_HTTP_VERIFIED,Keep noindex until the owner-approved P0 deploy flips it; then verify with GSC URL Inspection (no mass-indexing),"Live state OBSERVED 2026-10-09 (status/robots/canonical from saved HTML; internal links = distinct linking pages among 479 crawled pages). GSC status per column above is NOT live-verified: an HTTP 200 proves neither indexing nor indexing eligibility. noindex observed live, not a GSC category observation."
/bike-repair/panathur-road,200,https://ridencare.co.in/bike-repair/panathur-road,"noindex, follow",No,10 of 479 pages,UNVERIFIED — export not recovered and GSC API not connected (live 200 does not reveal Google's status),LIVE_HTTP_VERIFIED,Keep noindex until content uplift + owner confirmation (Q33); do not mass-index discovered URLs,"Live state OBSERVED 2026-10-09 (status/robots/canonical from saved HTML; internal links = distinct linking pages among 479 crawled pages). GSC status per column above is NOT live-verified: an HTTP 200 proves neither indexing nor indexing eligibility. noindex observed live, not a GSC category observation."
/bike-repair/parappana-agrahara,200,https://ridencare.co.in/bike-repair/parappana-agrahara,"noindex, follow",No,8 of 479 pages,UNVERIFIED — export not recovered and GSC API not connected (live 200 does not reveal Google's status),LIVE_HTTP_VERIFIED,Keep noindex until content uplift + owner confirmation (Q33); do not mass-index discovered URLs,"Live state OBSERVED 2026-10-09 (status/robots/canonical from saved HTML; internal links = distinct linking pages among 479 crawled pages). GSC status per column above is NOT live-verified: an HTTP 200 proves neither indexing nor indexing eligibility. noindex observed live, not a GSC category observation."
/bike-repair/peenya,200,https://ridencare.co.in/bike-repair/peenya,"noindex, follow",No,7 of 479 pages,UNVERIFIED — export not recovered and GSC API not connected (live 200 does not reveal Google's status),LIVE_HTTP_VERIFIED,Keep noindex until content uplift + owner confirmation (Q33); do not mass-index discovered URLs,"Live state OBSERVED 2026-10-09 (status/robots/canonical from saved HTML; internal links = distinct linking pages among 479 crawled pages). GSC status per column above is NOT live-verified: an HTTP 200 proves neither indexing nor indexing eligibility. noindex observed live, not a GSC category observation."
/bike-repair/rajajinagar,200,https://ridencare.co.in/bike-repair/rajajinagar,"noindex, follow",No,8 of 479 pages,UNVERIFIED — export not recovered and GSC API not connected (live 200 does not reveal Google's status),LIVE_HTTP_VERIFIED,Keep noindex until content uplift + owner confirmation (Q33); do not mass-index discovered URLs,"Live state OBSERVED 2026-10-09 (status/robots/canonical from saved HTML; internal links = distinct linking pages among 479 crawled pages). GSC status per column above is NOT live-verified: an HTTP 200 proves neither indexing nor indexing eligibility. noindex observed live, not a GSC category observation."
/bike-repair/singasandra,200,https://ridencare.co.in/bike-repair/singasandra,"noindex, follow",No,9 of 479 pages,UNVERIFIED — export not recovered and GSC API not connected (live 200 does not reveal Google's status),LIVE_HTTP_VERIFIED,Keep noindex until content uplift + owner confirmation (Q33); do not mass-index discovered URLs,"Live state OBSERVED 2026-10-09 (status/robots/canonical from saved HTML; internal links = distinct linking pages among 479 crawled pages). GSC status per column above is NOT live-verified: an HTTP 200 proves neither indexing nor indexing eligibility. noindex observed live, not a GSC category observation."
/bike-repair/varthur,200,https://ridencare.co.in/bike-repair/varthur,"noindex, follow",No,8 of 479 pages,UNVERIFIED — export not recovered and GSC API not connected (live 200 does not reveal Google's status),LIVE_HTTP_VERIFIED,Keep noindex until content uplift + owner confirmation (Q33); do not mass-index discovered URLs,"Live state OBSERVED 2026-10-09 (status/robots/canonical from saved HTML; internal links = distinct linking pages among 479 crawled pages). GSC status per column above is NOT live-verified: an HTTP 200 proves neither indexing nor indexing eligibility. noindex observed live, not a GSC category observation."
/bike-repair/yelahanka,200,https://ridencare.co.in/bike-repair/yelahanka,"noindex, follow",No,6 of 479 pages,UNVERIFIED — export not recovered and GSC API not connected (live 200 does not reveal Google's status),LIVE_HTTP_VERIFIED,Keep noindex until content uplift + owner confirmation (Q33); do not mass-index discovered URLs,"Live state OBSERVED 2026-10-09 (status/robots/canonical from saved HTML; internal links = distinct linking pages among 479 crawled pages). GSC status per column above is NOT live-verified: an HTTP 200 proves neither indexing nor indexing eligibility. noindex observed live, not a GSC category observation."
/bike-repair/yeshwanthpur,200,https://ridencare.co.in/bike-repair/yeshwanthpur,"noindex, follow",No,9 of 479 pages,UNVERIFIED — export not recovered and GSC API not connected (live 200 does not reveal Google's status),LIVE_HTTP_VERIFIED,Keep noindex until content uplift + owner confirmation (Q33); do not mass-index discovered URLs,"Live state OBSERVED 2026-10-09 (status/robots/canonical from saved HTML; internal links = distinct linking pages among 479 crawled pages). GSC status per column above is NOT live-verified: an HTTP 200 proves neither indexing nor indexing eligibility. noindex observed live, not a GSC category observation."
/bike-service/banashankari,200,https://ridencare.co.in/bike-service/banashankari,"noindex, follow",No,10 of 479 pages,UNVERIFIED — export not recovered and GSC API not connected (live 200 does not reveal Google's status),LIVE_HTTP_VERIFIED,Keep noindex until the owner-approved P0 deploy flips it; then verify with GSC URL Inspection (no mass-indexing),"Live state OBSERVED 2026-10-09 (status/robots/canonical from saved HTML; internal links = distinct linking pages among 479 crawled pages). GSC status per column above is NOT live-verified: an HTTP 200 proves neither indexing nor indexing eligibility. noindex observed live, not a GSC category observation."
/bike-service/bannerghatta-road,200,https://ridencare.co.in/bike-service/bannerghatta-road,"noindex, follow",No,7 of 479 pages,UNVERIFIED — export not recovered and GSC API not connected (live 200 does not reveal Google's status),LIVE_HTTP_VERIFIED,Keep noindex until content uplift + owner confirmation (Q33); do not mass-index discovered URLs,"Live state OBSERVED 2026-10-09 (status/robots/canonical from saved HTML; internal links = distinct linking pages among 479 crawled pages). GSC status per column above is NOT live-verified: an HTTP 200 proves neither indexing nor indexing eligibility. noindex observed live, not a GSC category observation."
/bike-service/bommanahalli,200,https://ridencare.co.in/bike-service/bommanahalli,"noindex, follow",No,12 of 479 pages,UNVERIFIED — export not recovered and GSC API not connected (live 200 does not reveal Google's status),LIVE_HTTP_VERIFIED,Keep noindex until content uplift + owner confirmation (Q33); do not mass-index discovered URLs,"Live state OBSERVED 2026-10-09 (status/robots/canonical from saved HTML; internal links = distinct linking pages among 479 crawled pages). GSC status per column above is NOT live-verified: an HTTP 200 proves neither indexing nor indexing eligibility. noindex observed live, not a GSC category observation."
/bike-service/brookefield,200,https://ridencare.co.in/bike-service/brookefield,"noindex, follow",No,8 of 479 pages,UNVERIFIED — export not recovered and GSC API not connected (live 200 does not reveal Google's status),LIVE_HTTP_VERIFIED,Keep noindex until content uplift + owner confirmation (Q33); do not mass-index discovered URLs,"Live state OBSERVED 2026-10-09 (status/robots/canonical from saved HTML; internal links = distinct linking pages among 479 crawled pages). GSC status per column above is NOT live-verified: an HTTP 200 proves neither indexing nor indexing eligibility. noindex observed live, not a GSC category observation."
/bike-service/choodasandra,200,https://ridencare.co.in/bike-service/choodasandra,"noindex, follow",No,7 of 479 pages,UNVERIFIED — export not recovered and GSC API not connected (live 200 does not reveal Google's status),LIVE_HTTP_VERIFIED,Keep noindex until content uplift + owner confirmation (Q33); do not mass-index discovered URLs,"Live state OBSERVED 2026-10-09 (status/robots/canonical from saved HTML; internal links = distinct linking pages among 479 crawled pages). GSC status per column above is NOT live-verified: an HTTP 200 proves neither indexing nor indexing eligibility. noindex observed live, not a GSC category observation."
/bike-service/domlur,200,https://ridencare.co.in/bike-service/domlur,"noindex, follow",No,10 of 479 pages,UNVERIFIED — export not recovered and GSC API not connected (live 200 does not reveal Google's status),LIVE_HTTP_VERIFIED,Keep noindex until content uplift + owner confirmation (Q33); do not mass-index discovered URLs,"Live state OBSERVED 2026-10-09 (status/robots/canonical from saved HTML; internal links = distinct linking pages among 479 crawled pages). GSC status per column above is NOT live-verified: an HTTP 200 proves neither indexing nor indexing eligibility. noindex observed live, not a GSC category observation."
/bike-service/ejipura,200,https://ridencare.co.in/bike-service/ejipura,"noindex, follow",No,12 of 479 pages,UNVERIFIED — export not recovered and GSC API not connected (live 200 does not reveal Google's status),LIVE_HTTP_VERIFIED,Keep noindex until content uplift + owner confirmation (Q33); do not mass-index discovered URLs,"Live state OBSERVED 2026-10-09 (status/robots/canonical from saved HTML; internal links = distinct linking pages among 479 crawled pages). GSC status per column above is NOT live-verified: an HTTP 200 proves neither indexing nor indexing eligibility. noindex observed live, not a GSC category observation."
/bike-service/gunjur,200,https://ridencare.co.in/bike-service/gunjur,"noindex, follow",No,8 of 479 pages,UNVERIFIED — export not recovered and GSC API not connected (live 200 does not reveal Google's status),LIVE_HTTP_VERIFIED,Keep noindex until content uplift + owner confirmation (Q33); do not mass-index discovered URLs,"Live state OBSERVED 2026-10-09 (status/robots/canonical from saved HTML; internal links = distinct linking pages among 479 crawled pages). GSC status per column above is NOT live-verified: an HTTP 200 proves neither indexing nor indexing eligibility. noindex observed live, not a GSC category observation."
/bike-service/hal,200,https://ridencare.co.in/bike-service/hal,"noindex, follow",No,8 of 479 pages,UNVERIFIED — export not recovered and GSC API not connected (live 200 does not reveal Google's status),LIVE_HTTP_VERIFIED,Keep noindex until content uplift + owner confirmation (Q33); do not mass-index discovered URLs,"Live state OBSERVED 2026-10-09 (status/robots/canonical from saved HTML; internal links = distinct linking pages among 479 crawled pages). GSC status per column above is NOT live-verified: an HTTP 200 proves neither indexing nor indexing eligibility. noindex observed live, not a GSC category observation."
/bike-service/harlur,200,https://ridencare.co.in/bike-service/harlur,"noindex, follow",No,9 of 479 pages,UNVERIFIED — export not recovered and GSC API not connected (live 200 does not reveal Google's status),LIVE_HTTP_VERIFIED,Keep noindex until content uplift + owner confirmation (Q33); do not mass-index discovered URLs,"Live state OBSERVED 2026-10-09 (status/robots/canonical from saved HTML; internal links = distinct linking pages among 479 crawled pages). GSC status per column above is NOT live-verified: an HTTP 200 proves neither indexing nor indexing eligibility. noindex observed live, not a GSC category observation."
/bike-service/kadubeesanahalli,200,https://ridencare.co.in/bike-service/kadubeesanahalli,"noindex, follow",No,10 of 479 pages,UNVERIFIED — export not recovered and GSC API not connected (live 200 does not reveal Google's status),LIVE_HTTP_VERIFIED,Keep noindex until content uplift + owner confirmation (Q33); do not mass-index discovered URLs,"Live state OBSERVED 2026-10-09 (status/robots/canonical from saved HTML; internal links = distinct linking pages among 479 crawled pages). GSC status per column above is NOT live-verified: an HTTP 200 proves neither indexing nor indexing eligibility. noindex observed live, not a GSC category observation."
/bike-service/kalyan-nagar,200,https://ridencare.co.in/bike-service/kalyan-nagar,"noindex, follow",No,8 of 479 pages,UNVERIFIED — export not recovered and GSC API not connected (live 200 does not reveal Google's status),LIVE_HTTP_VERIFIED,Keep noindex until content uplift + owner confirmation (Q33); do not mass-index discovered URLs,"Live state OBSERVED 2026-10-09 (status/robots/canonical from saved HTML; internal links = distinct linking pages among 479 crawled pages). GSC status per column above is NOT live-verified: an HTTP 200 proves neither indexing nor indexing eligibility. noindex observed live, not a GSC category observation."
/bike-service/kanakapura-road,200,https://ridencare.co.in/bike-service/kanakapura-road,"noindex, follow",No,8 of 479 pages,UNVERIFIED — export not recovered and GSC API not connected (live 200 does not reveal Google's status),LIVE_HTTP_VERIFIED,Keep noindex until content uplift + owner confirmation (Q33); do not mass-index discovered URLs,"Live state OBSERVED 2026-10-09 (status/robots/canonical from saved HTML; internal links = distinct linking pages among 479 crawled pages). GSC status per column above is NOT live-verified: an HTTP 200 proves neither indexing nor indexing eligibility. noindex observed live, not a GSC category observation."
/bike-service/kasavanahalli,200,https://ridencare.co.in/bike-service/kasavanahalli,"noindex, follow",No,8 of 479 pages,UNVERIFIED — export not recovered and GSC API not connected (live 200 does not reveal Google's status),LIVE_HTTP_VERIFIED,Keep noindex until content uplift + owner confirmation (Q33); do not mass-index discovered URLs,"Live state OBSERVED 2026-10-09 (status/robots/canonical from saved HTML; internal links = distinct linking pages among 479 crawled pages). GSC status per column above is NOT live-verified: an HTTP 200 proves neither indexing nor indexing eligibility. noindex observed live, not a GSC category observation."
/bike-service/kr-puram,200,https://ridencare.co.in/bike-service/kr-puram,"noindex, follow",No,8 of 479 pages,UNVERIFIED — export not recovered and GSC API not connected (live 200 does not reveal Google's status),LIVE_HTTP_VERIFIED,Keep noindex until the owner-approved P0 deploy flips it; then verify with GSC URL Inspection (no mass-indexing),"Live state OBSERVED 2026-10-09 (status/robots/canonical from saved HTML; internal links = distinct linking pages among 479 crawled pages). GSC status per column above is NOT live-verified: an HTTP 200 proves neither indexing nor indexing eligibility. noindex observed live, not a GSC category observation."
/bike-service/kudlu-gate,200,https://ridencare.co.in/bike-service/kudlu-gate,"noindex, follow",No,9 of 479 pages,UNVERIFIED — export not recovered and GSC API not connected (live 200 does not reveal Google's status),LIVE_HTTP_VERIFIED,Keep noindex until content uplift + owner confirmation (Q33); do not mass-index discovered URLs,"Live state OBSERVED 2026-10-09 (status/robots/canonical from saved HTML; internal links = distinct linking pages among 479 crawled pages). GSC status per column above is NOT live-verified: an HTTP 200 proves neither indexing nor indexing eligibility. noindex observed live, not a GSC category observation."
/bike-service/madiwala,200,https://ridencare.co.in/bike-service/madiwala,"noindex, follow",No,13 of 479 pages,UNVERIFIED — export not recovered and GSC API not connected (live 200 does not reveal Google's status),LIVE_HTTP_VERIFIED,Keep noindex until the owner-approved P0 deploy flips it; then verify with GSC URL Inspection (no mass-indexing),"Live state OBSERVED 2026-10-09 (status/robots/canonical from saved HTML; internal links = distinct linking pages among 479 crawled pages). GSC status per column above is NOT live-verified: an HTTP 200 proves neither indexing nor indexing eligibility. noindex observed live, not a GSC category observation."
/bike-service/mahadevapura,200,https://ridencare.co.in/bike-service/mahadevapura,"noindex, follow",No,9 of 479 pages,UNVERIFIED — export not recovered and GSC API not connected (live 200 does not reveal Google's status),LIVE_HTTP_VERIFIED,Keep noindex until the owner-approved P0 deploy flips it; then verify with GSC URL Inspection (no mass-indexing),"Live state OBSERVED 2026-10-09 (status/robots/canonical from saved HTML; internal links = distinct linking pages among 479 crawled pages). GSC status per column above is NOT live-verified: an HTTP 200 proves neither indexing nor indexing eligibility. noindex observed live, not a GSC category observation."
/bike-service/malleshwaram,200,https://ridencare.co.in/bike-service/malleshwaram,"noindex, follow",No,8 of 479 pages,UNVERIFIED — export not recovered and GSC API not connected (live 200 does not reveal Google's status),LIVE_HTTP_VERIFIED,Keep noindex until content uplift + owner confirmation (Q33); do not mass-index discovered URLs,"Live state OBSERVED 2026-10-09 (status/robots/canonical from saved HTML; internal links = distinct linking pages among 479 crawled pages). GSC status per column above is NOT live-verified: an HTTP 200 proves neither indexing nor indexing eligibility. noindex observed live, not a GSC category observation."
/bike-service/mg-road,200,https://ridencare.co.in/bike-service/mg-road,"noindex, follow",No,8 of 479 pages,UNVERIFIED — export not recovered and GSC API not connected (live 200 does not reveal Google's status),LIVE_HTTP_VERIFIED,Keep noindex until the owner-approved P0 deploy flips it; then verify with GSC URL Inspection (no mass-indexing),"Live state OBSERVED 2026-10-09 (status/robots/canonical from saved HTML; internal links = distinct linking pages among 479 crawled pages). GSC status per column above is NOT live-verified: an HTTP 200 proves neither indexing nor indexing eligibility. noindex observed live, not a GSC category observation."
/bike-service/panathur-road,200,https://ridencare.co.in/bike-service/panathur-road,"noindex, follow",No,10 of 479 pages,UNVERIFIED — export not recovered and GSC API not connected (live 200 does not reveal Google's status),LIVE_HTTP_VERIFIED,Keep noindex until content uplift + owner confirmation (Q33); do not mass-index discovered URLs,"Live state OBSERVED 2026-10-09 (status/robots/canonical from saved HTML; internal links = distinct linking pages among 479 crawled pages). GSC status per column above is NOT live-verified: an HTTP 200 proves neither indexing nor indexing eligibility. noindex observed live, not a GSC category observation."
/bike-service/parappana-agrahara,200,https://ridencare.co.in/bike-service/parappana-agrahara,"noindex, follow",No,8 of 479 pages,UNVERIFIED — export not recovered and GSC API not connected (live 200 does not reveal Google's status),LIVE_HTTP_VERIFIED,Keep noindex until content uplift + owner confirmation (Q33); do not mass-index discovered URLs,"Live state OBSERVED 2026-10-09 (status/robots/canonical from saved HTML; internal links = distinct linking pages among 479 crawled pages). GSC status per column above is NOT live-verified: an HTTP 200 proves neither indexing nor indexing eligibility. noindex observed live, not a GSC category observation."
/bike-service/peenya,200,https://ridencare.co.in/bike-service/peenya,"noindex, follow",No,7 of 479 pages,UNVERIFIED — export not recovered and GSC API not connected (live 200 does not reveal Google's status),LIVE_HTTP_VERIFIED,Keep noindex until content uplift + owner confirmation (Q33); do not mass-index discovered URLs,"Live state OBSERVED 2026-10-09 (status/robots/canonical from saved HTML; internal links = distinct linking pages among 479 crawled pages). GSC status per column above is NOT live-verified: an HTTP 200 proves neither indexing nor indexing eligibility. noindex observed live, not a GSC category observation."
/bike-service/rajajinagar,200,https://ridencare.co.in/bike-service/rajajinagar,"noindex, follow",No,8 of 479 pages,UNVERIFIED — export not recovered and GSC API not connected (live 200 does not reveal Google's status),LIVE_HTTP_VERIFIED,Keep noindex until content uplift + owner confirmation (Q33); do not mass-index discovered URLs,"Live state OBSERVED 2026-10-09 (status/robots/canonical from saved HTML; internal links = distinct linking pages among 479 crawled pages). GSC status per column above is NOT live-verified: an HTTP 200 proves neither indexing nor indexing eligibility. noindex observed live, not a GSC category observation."
/bike-service/singasandra,200,https://ridencare.co.in/bike-service/singasandra,"noindex, follow",No,9 of 479 pages,UNVERIFIED — export not recovered and GSC API not connected (live 200 does not reveal Google's status),LIVE_HTTP_VERIFIED,Keep noindex until content uplift + owner confirmation (Q33); do not mass-index discovered URLs,"Live state OBSERVED 2026-10-09 (status/robots/canonical from saved HTML; internal links = distinct linking pages among 479 crawled pages). GSC status per column above is NOT live-verified: an HTTP 200 proves neither indexing nor indexing eligibility. noindex observed live, not a GSC category observation."
/bike-service/varthur,200,https://ridencare.co.in/bike-service/varthur,"noindex, follow",No,8 of 479 pages,UNVERIFIED — export not recovered and GSC API not connected (live 200 does not reveal Google's status),LIVE_HTTP_VERIFIED,Keep noindex until content uplift + owner confirmation (Q33); do not mass-index discovered URLs,"Live state OBSERVED 2026-10-09 (status/robots/canonical from saved HTML; internal links = distinct linking pages among 479 crawled pages). GSC status per column above is NOT live-verified: an HTTP 200 proves neither indexing nor indexing eligibility. noindex observed live, not a GSC category observation."
/bike-service/yelahanka,200,https://ridencare.co.in/bike-service/yelahanka,"noindex, follow",No,6 of 479 pages,UNVERIFIED — export not recovered and GSC API not connected (live 200 does not reveal Google's status),LIVE_HTTP_VERIFIED,Keep noindex until content uplift + owner confirmation (Q33); do not mass-index discovered URLs,"Live state OBSERVED 2026-10-09 (status/robots/canonical from saved HTML; internal links = distinct linking pages among 479 crawled pages). GSC status per column above is NOT live-verified: an HTTP 200 proves neither indexing nor indexing eligibility. noindex observed live, not a GSC category observation."
/bike-service/yeshwanthpur,200,https://ridencare.co.in/bike-service/yeshwanthpur,"noindex, follow",No,9 of 479 pages,UNVERIFIED — export not recovered and GSC API not connected (live 200 does not reveal Google's status),LIVE_HTTP_VERIFIED,Keep noindex until content uplift + owner confirmation (Q33); do not mass-index discovered URLs,"Live state OBSERVED 2026-10-09 (status/robots/canonical from saved HTML; internal links = distinct linking pages among 479 crawled pages). GSC status per column above is NOT live-verified: an HTTP 200 proves neither indexing nor indexing eligibility. noindex observed live, not a GSC category observation."
/doorstep-bike-repair/banashankari,200,https://ridencare.co.in/doorstep-bike-repair/banashankari,"noindex, follow",No,9 of 479 pages,UNVERIFIED — export not recovered and GSC API not connected (live 200 does not reveal Google's status),LIVE_HTTP_VERIFIED,Keep noindex until the owner-approved P0 deploy flips it; then verify with GSC URL Inspection (no mass-indexing),"Live state OBSERVED 2026-10-09 (status/robots/canonical from saved HTML; internal links = distinct linking pages among 479 crawled pages). GSC status per column above is NOT live-verified: an HTTP 200 proves neither indexing nor indexing eligibility. noindex observed live, not a GSC category observation."
/doorstep-bike-repair/bannerghatta-road,200,https://ridencare.co.in/doorstep-bike-repair/bannerghatta-road,"noindex, follow",No,6 of 479 pages,UNVERIFIED — export not recovered and GSC API not connected (live 200 does not reveal Google's status),LIVE_HTTP_VERIFIED,Keep noindex until content uplift + owner confirmation (Q33); do not mass-index discovered URLs,"Live state OBSERVED 2026-10-09 (status/robots/canonical from saved HTML; internal links = distinct linking pages among 479 crawled pages). GSC status per column above is NOT live-verified: an HTTP 200 proves neither indexing nor indexing eligibility. noindex observed live, not a GSC category observation."
/doorstep-bike-repair/bommanahalli,200,https://ridencare.co.in/doorstep-bike-repair/bommanahalli,"noindex, follow",No,11 of 479 pages,UNVERIFIED — export not recovered and GSC API not connected (live 200 does not reveal Google's status),LIVE_HTTP_VERIFIED,Keep noindex until content uplift + owner confirmation (Q33); do not mass-index discovered URLs,"Live state OBSERVED 2026-10-09 (status/robots/canonical from saved HTML; internal links = distinct linking pages among 479 crawled pages). GSC status per column above is NOT live-verified: an HTTP 200 proves neither indexing nor indexing eligibility. noindex observed live, not a GSC category observation."
/doorstep-bike-repair/brookefield,200,https://ridencare.co.in/doorstep-bike-repair/brookefield,"noindex, follow",No,8 of 479 pages,UNVERIFIED — export not recovered and GSC API not connected (live 200 does not reveal Google's status),LIVE_HTTP_VERIFIED,Keep noindex until content uplift + owner confirmation (Q33); do not mass-index discovered URLs,"Live state OBSERVED 2026-10-09 (status/robots/canonical from saved HTML; internal links = distinct linking pages among 479 crawled pages). GSC status per column above is NOT live-verified: an HTTP 200 proves neither indexing nor indexing eligibility. noindex observed live, not a GSC category observation."
/doorstep-bike-repair/choodasandra,200,https://ridencare.co.in/doorstep-bike-repair/choodasandra,"noindex, follow",No,7 of 479 pages,UNVERIFIED — export not recovered and GSC API not connected (live 200 does not reveal Google's status),LIVE_HTTP_VERIFIED,Keep noindex until content uplift + owner confirmation (Q33); do not mass-index discovered URLs,"Live state OBSERVED 2026-10-09 (status/robots/canonical from saved HTML; internal links = distinct linking pages among 479 crawled pages). GSC status per column above is NOT live-verified: an HTTP 200 proves neither indexing nor indexing eligibility. noindex observed live, not a GSC category observation."
/doorstep-bike-repair/domlur,200,https://ridencare.co.in/doorstep-bike-repair/domlur,"noindex, follow",No,10 of 479 pages,UNVERIFIED — export not recovered and GSC API not connected (live 200 does not reveal Google's status),LIVE_HTTP_VERIFIED,Keep noindex until content uplift + owner confirmation (Q33); do not mass-index discovered URLs,"Live state OBSERVED 2026-10-09 (status/robots/canonical from saved HTML; internal links = distinct linking pages among 479 crawled pages). GSC status per column above is NOT live-verified: an HTTP 200 proves neither indexing nor indexing eligibility. noindex observed live, not a GSC category observation."
/doorstep-bike-repair/ejipura,200,https://ridencare.co.in/doorstep-bike-repair/ejipura,"noindex, follow",No,11 of 479 pages,UNVERIFIED — export not recovered and GSC API not connected (live 200 does not reveal Google's status),LIVE_HTTP_VERIFIED,Keep noindex until content uplift + owner confirmation (Q33); do not mass-index discovered URLs,"Live state OBSERVED 2026-10-09 (status/robots/canonical from saved HTML; internal links = distinct linking pages among 479 crawled pages). GSC status per column above is NOT live-verified: an HTTP 200 proves neither indexing nor indexing eligibility. noindex observed live, not a GSC category observation."
/doorstep-bike-repair/gunjur,200,https://ridencare.co.in/doorstep-bike-repair/gunjur,"noindex, follow",No,8 of 479 pages,UNVERIFIED — export not recovered and GSC API not connected (live 200 does not reveal Google's status),LIVE_HTTP_VERIFIED,Keep noindex until content uplift + owner confirmation (Q33); do not mass-index discovered URLs,"Live state OBSERVED 2026-10-09 (status/robots/canonical from saved HTML; internal links = distinct linking pages among 479 crawled pages). GSC status per column above is NOT live-verified: an HTTP 200 proves neither indexing nor indexing eligibility. noindex observed live, not a GSC category observation."
/doorstep-bike-repair/hal,200,https://ridencare.co.in/doorstep-bike-repair/hal,"noindex, follow",No,8 of 479 pages,UNVERIFIED — export not recovered and GSC API not connected (live 200 does not reveal Google's status),LIVE_HTTP_VERIFIED,Keep noindex until content uplift + owner confirmation (Q33); do not mass-index discovered URLs,"Live state OBSERVED 2026-10-09 (status/robots/canonical from saved HTML; internal links = distinct linking pages among 479 crawled pages). GSC status per column above is NOT live-verified: an HTTP 200 proves neither indexing nor indexing eligibility. noindex observed live, not a GSC category observation."
/doorstep-bike-repair/harlur,200,https://ridencare.co.in/doorstep-bike-repair/harlur,"noindex, follow",No,9 of 479 pages,UNVERIFIED — export not recovered and GSC API not connected (live 200 does not reveal Google's status),LIVE_HTTP_VERIFIED,Keep noindex until content uplift + owner confirmation (Q33); do not mass-index discovered URLs,"Live state OBSERVED 2026-10-09 (status/robots/canonical from saved HTML; internal links = distinct linking pages among 479 crawled pages). GSC status per column above is NOT live-verified: an HTTP 200 proves neither indexing nor indexing eligibility. noindex observed live, not a GSC category observation."
/doorstep-bike-repair/kadubeesanahalli,200,https://ridencare.co.in/doorstep-bike-repair/kadubeesanahalli,"noindex, follow",No,10 of 479 pages,UNVERIFIED — export not recovered and GSC API not connected (live 200 does not reveal Google's status),LIVE_HTTP_VERIFIED,Keep noindex until content uplift + owner confirmation (Q33); do not mass-index discovered URLs,"Live state OBSERVED 2026-10-09 (status/robots/canonical from saved HTML; internal links = distinct linking pages among 479 crawled pages). GSC status per column above is NOT live-verified: an HTTP 200 proves neither indexing nor indexing eligibility. noindex observed live, not a GSC category observation."
/doorstep-bike-repair/kalyan-nagar,200,https://ridencare.co.in/doorstep-bike-repair/kalyan-nagar,"noindex, follow",No,8 of 479 pages,UNVERIFIED — export not recovered and GSC API not connected (live 200 does not reveal Google's status),LIVE_HTTP_VERIFIED,Keep noindex until content uplift + owner confirmation (Q33); do not mass-index discovered URLs,"Live state OBSERVED 2026-10-09 (status/robots/canonical from saved HTML; internal links = distinct linking pages among 479 crawled pages). GSC status per column above is NOT live-verified: an HTTP 200 proves neither indexing nor indexing eligibility. noindex observed live, not a GSC category observation."
/doorstep-bike-repair/kanakapura-road,200,https://ridencare.co.in/doorstep-bike-repair/kanakapura-road,"noindex, follow",No,7 of 479 pages,UNVERIFIED — export not recovered and GSC API not connected (live 200 does not reveal Google's status),LIVE_HTTP_VERIFIED,Keep noindex until content uplift + owner confirmation (Q33); do not mass-index discovered URLs,"Live state OBSERVED 2026-10-09 (status/robots/canonical from saved HTML; internal links = distinct linking pages among 479 crawled pages). GSC status per column above is NOT live-verified: an HTTP 200 proves neither indexing nor indexing eligibility. noindex observed live, not a GSC category observation."
/doorstep-bike-repair/kasavanahalli,200,https://ridencare.co.in/doorstep-bike-repair/kasavanahalli,"noindex, follow",No,8 of 479 pages,UNVERIFIED — export not recovered and GSC API not connected (live 200 does not reveal Google's status),LIVE_HTTP_VERIFIED,Keep noindex until content uplift + owner confirmation (Q33); do not mass-index discovered URLs,"Live state OBSERVED 2026-10-09 (status/robots/canonical from saved HTML; internal links = distinct linking pages among 479 crawled pages). GSC status per column above is NOT live-verified: an HTTP 200 proves neither indexing nor indexing eligibility. noindex observed live, not a GSC category observation."
/doorstep-bike-repair/kr-puram,200,https://ridencare.co.in/doorstep-bike-repair/kr-puram,"noindex, follow",No,8 of 479 pages,UNVERIFIED — export not recovered and GSC API not connected (live 200 does not reveal Google's status),LIVE_HTTP_VERIFIED,Keep noindex until the owner-approved P0 deploy flips it; then verify with GSC URL Inspection (no mass-indexing),"Live state OBSERVED 2026-10-09 (status/robots/canonical from saved HTML; internal links = distinct linking pages among 479 crawled pages). GSC status per column above is NOT live-verified: an HTTP 200 proves neither indexing nor indexing eligibility. noindex observed live, not a GSC category observation."
/doorstep-bike-repair/kudlu-gate,200,https://ridencare.co.in/doorstep-bike-repair/kudlu-gate,"noindex, follow",No,9 of 479 pages,UNVERIFIED — export not recovered and GSC API not connected (live 200 does not reveal Google's status),LIVE_HTTP_VERIFIED,Keep noindex until content uplift + owner confirmation (Q33); do not mass-index discovered URLs,"Live state OBSERVED 2026-10-09 (status/robots/canonical from saved HTML; internal links = distinct linking pages among 479 crawled pages). GSC status per column above is NOT live-verified: an HTTP 200 proves neither indexing nor indexing eligibility. noindex observed live, not a GSC category observation."
/doorstep-bike-repair/madiwala,200,https://ridencare.co.in/doorstep-bike-repair/madiwala,"noindex, follow",No,12 of 479 pages,UNVERIFIED — export not recovered and GSC API not connected (live 200 does not reveal Google's status),LIVE_HTTP_VERIFIED,Keep noindex until the owner-approved P0 deploy flips it; then verify with GSC URL Inspection (no mass-indexing),"Live state OBSERVED 2026-10-09 (status/robots/canonical from saved HTML; internal links = distinct linking pages among 479 crawled pages). GSC status per column above is NOT live-verified: an HTTP 200 proves neither indexing nor indexing eligibility. noindex observed live, not a GSC category observation."
/doorstep-bike-repair/mahadevapura,200,https://ridencare.co.in/doorstep-bike-repair/mahadevapura,"noindex, follow",No,9 of 479 pages,UNVERIFIED — export not recovered and GSC API not connected (live 200 does not reveal Google's status),LIVE_HTTP_VERIFIED,Keep noindex until the owner-approved P0 deploy flips it; then verify with GSC URL Inspection (no mass-indexing),"Live state OBSERVED 2026-10-09 (status/robots/canonical from saved HTML; internal links = distinct linking pages among 479 crawled pages). GSC status per column above is NOT live-verified: an HTTP 200 proves neither indexing nor indexing eligibility. noindex observed live, not a GSC category observation."
/doorstep-bike-repair/malleshwaram,200,https://ridencare.co.in/doorstep-bike-repair/malleshwaram,"noindex, follow",No,8 of 479 pages,UNVERIFIED — export not recovered and GSC API not connected (live 200 does not reveal Google's status),LIVE_HTTP_VERIFIED,Keep noindex until content uplift + owner confirmation (Q33); do not mass-index discovered URLs,"Live state OBSERVED 2026-10-09 (status/robots/canonical from saved HTML; internal links = distinct linking pages among 479 crawled pages). GSC status per column above is NOT live-verified: an HTTP 200 proves neither indexing nor indexing eligibility. noindex observed live, not a GSC category observation."
/doorstep-bike-repair/mg-road,200,https://ridencare.co.in/doorstep-bike-repair/mg-road,"noindex, follow",No,8 of 479 pages,UNVERIFIED — export not recovered and GSC API not connected (live 200 does not reveal Google's status),LIVE_HTTP_VERIFIED,Keep noindex until the owner-approved P0 deploy flips it; then verify with GSC URL Inspection (no mass-indexing),"Live state OBSERVED 2026-10-09 (status/robots/canonical from saved HTML; internal links = distinct linking pages among 479 crawled pages). GSC status per column above is NOT live-verified: an HTTP 200 proves neither indexing nor indexing eligibility. noindex observed live, not a GSC category observation."
/doorstep-bike-repair/panathur-road,200,https://ridencare.co.in/doorstep-bike-repair/panathur-road,"noindex, follow",No,10 of 479 pages,UNVERIFIED — export not recovered and GSC API not connected (live 200 does not reveal Google's status),LIVE_HTTP_VERIFIED,Keep noindex until content uplift + owner confirmation (Q33); do not mass-index discovered URLs,"Live state OBSERVED 2026-10-09 (status/robots/canonical from saved HTML; internal links = distinct linking pages among 479 crawled pages). GSC status per column above is NOT live-verified: an HTTP 200 proves neither indexing nor indexing eligibility. noindex observed live, not a GSC category observation."
/doorstep-bike-repair/parappana-agrahara,200,https://ridencare.co.in/doorstep-bike-repair/parappana-agrahara,"noindex, follow",No,8 of 479 pages,UNVERIFIED — export not recovered and GSC API not connected (live 200 does not reveal Google's status),LIVE_HTTP_VERIFIED,Keep noindex until content uplift + owner confirmation (Q33); do not mass-index discovered URLs,"Live state OBSERVED 2026-10-09 (status/robots/canonical from saved HTML; internal links = distinct linking pages among 479 crawled pages). GSC status per column above is NOT live-verified: an HTTP 200 proves neither indexing nor indexing eligibility. noindex observed live, not a GSC category observation."
/doorstep-bike-repair/peenya,200,https://ridencare.co.in/doorstep-bike-repair/peenya,"noindex, follow",No,7 of 479 pages,UNVERIFIED — export not recovered and GSC API not connected (live 200 does not reveal Google's status),LIVE_HTTP_VERIFIED,Keep noindex until content uplift + owner confirmation (Q33); do not mass-index discovered URLs,"Live state OBSERVED 2026-10-09 (status/robots/canonical from saved HTML; internal links = distinct linking pages among 479 crawled pages). GSC status per column above is NOT live-verified: an HTTP 200 proves neither indexing nor indexing eligibility. noindex observed live, not a GSC category observation."
/doorstep-bike-repair/rajajinagar,200,https://ridencare.co.in/doorstep-bike-repair/rajajinagar,"noindex, follow",No,8 of 479 pages,UNVERIFIED — export not recovered and GSC API not connected (live 200 does not reveal Google's status),LIVE_HTTP_VERIFIED,Keep noindex until content uplift + owner confirmation (Q33); do not mass-index discovered URLs,"Live state OBSERVED 2026-10-09 (status/robots/canonical from saved HTML; internal links = distinct linking pages among 479 crawled pages). GSC status per column above is NOT live-verified: an HTTP 200 proves neither indexing nor indexing eligibility. noindex observed live, not a GSC category observation."
/doorstep-bike-repair/singasandra,200,https://ridencare.co.in/doorstep-bike-repair/singasandra,"noindex, follow",No,9 of 479 pages,UNVERIFIED — export not recovered and GSC API not connected (live 200 does not reveal Google's status),LIVE_HTTP_VERIFIED,Keep noindex until content uplift + owner confirmation (Q33); do not mass-index discovered URLs,"Live state OBSERVED 2026-10-09 (status/robots/canonical from saved HTML; internal links = distinct linking pages among 479 crawled pages). GSC status per column above is NOT live-verified: an HTTP 200 proves neither indexing nor indexing eligibility. noindex observed live, not a GSC category observation."
/doorstep-bike-repair/varthur,200,https://ridencare.co.in/doorstep-bike-repair/varthur,"noindex, follow",No,8 of 479 pages,UNVERIFIED — export not recovered and GSC API not connected (live 200 does not reveal Google's status),LIVE_HTTP_VERIFIED,Keep noindex until content uplift + owner confirmation (Q33); do not mass-index discovered URLs,"Live state OBSERVED 2026-10-09 (status/robots/canonical from saved HTML; internal links = distinct linking pages among 479 crawled pages). GSC status per column above is NOT live-verified: an HTTP 200 proves neither indexing nor indexing eligibility. noindex observed live, not a GSC category observation."
/doorstep-bike-repair/yelahanka,200,https://ridencare.co.in/doorstep-bike-repair/yelahanka,"noindex, follow",No,6 of 479 pages,UNVERIFIED — export not recovered and GSC API not connected (live 200 does not reveal Google's status),LIVE_HTTP_VERIFIED,Keep noindex until content uplift + owner confirmation (Q33); do not mass-index discovered URLs,"Live state OBSERVED 2026-10-09 (status/robots/canonical from saved HTML; internal links = distinct linking pages among 479 crawled pages). GSC status per column above is NOT live-verified: an HTTP 200 proves neither indexing nor indexing eligibility. noindex observed live, not a GSC category observation."
/doorstep-bike-repair/yeshwanthpur,200,https://ridencare.co.in/doorstep-bike-repair/yeshwanthpur,"noindex, follow",No,9 of 479 pages,UNVERIFIED — export not recovered and GSC API not connected (live 200 does not reveal Google's status),LIVE_HTTP_VERIFIED,Keep noindex until content uplift + owner confirmation (Q33); do not mass-index discovered URLs,"Live state OBSERVED 2026-10-09 (status/robots/canonical from saved HTML; internal links = distinct linking pages among 479 crawled pages). GSC status per column above is NOT live-verified: an HTTP 200 proves neither indexing nor indexing eligibility. noindex observed live, not a GSC category observation."
/doorstep-bike-service/banashankari,200,https://ridencare.co.in/doorstep-bike-service/banashankari,"noindex, follow",No,9 of 479 pages,UNVERIFIED — export not recovered and GSC API not connected (live 200 does not reveal Google's status),LIVE_HTTP_VERIFIED,Keep noindex until the owner-approved P0 deploy flips it; then verify with GSC URL Inspection (no mass-indexing),"Live state OBSERVED 2026-10-09 (status/robots/canonical from saved HTML; internal links = distinct linking pages among 479 crawled pages). GSC status per column above is NOT live-verified: an HTTP 200 proves neither indexing nor indexing eligibility. noindex observed live, not a GSC category observation."
/doorstep-bike-service/bannerghatta-road,200,https://ridencare.co.in/doorstep-bike-service/bannerghatta-road,"noindex, follow",No,6 of 479 pages,UNVERIFIED — export not recovered and GSC API not connected (live 200 does not reveal Google's status),LIVE_HTTP_VERIFIED,Keep noindex until content uplift + owner confirmation (Q33); do not mass-index discovered URLs,"Live state OBSERVED 2026-10-09 (status/robots/canonical from saved HTML; internal links = distinct linking pages among 479 crawled pages). GSC status per column above is NOT live-verified: an HTTP 200 proves neither indexing nor indexing eligibility. noindex observed live, not a GSC category observation."
/doorstep-bike-service/bommanahalli,200,https://ridencare.co.in/doorstep-bike-service/bommanahalli,"noindex, follow",No,11 of 479 pages,UNVERIFIED — export not recovered and GSC API not connected (live 200 does not reveal Google's status),LIVE_HTTP_VERIFIED,Keep noindex until content uplift + owner confirmation (Q33); do not mass-index discovered URLs,"Live state OBSERVED 2026-10-09 (status/robots/canonical from saved HTML; internal links = distinct linking pages among 479 crawled pages). GSC status per column above is NOT live-verified: an HTTP 200 proves neither indexing nor indexing eligibility. noindex observed live, not a GSC category observation."
/doorstep-bike-service/brookefield,200,https://ridencare.co.in/doorstep-bike-service/brookefield,"noindex, follow",No,8 of 479 pages,UNVERIFIED — export not recovered and GSC API not connected (live 200 does not reveal Google's status),LIVE_HTTP_VERIFIED,Keep noindex until content uplift + owner confirmation (Q33); do not mass-index discovered URLs,"Live state OBSERVED 2026-10-09 (status/robots/canonical from saved HTML; internal links = distinct linking pages among 479 crawled pages). GSC status per column above is NOT live-verified: an HTTP 200 proves neither indexing nor indexing eligibility. noindex observed live, not a GSC category observation."
/doorstep-bike-service/choodasandra,200,https://ridencare.co.in/doorstep-bike-service/choodasandra,"noindex, follow",No,7 of 479 pages,UNVERIFIED — export not recovered and GSC API not connected (live 200 does not reveal Google's status),LIVE_HTTP_VERIFIED,Keep noindex until content uplift + owner confirmation (Q33); do not mass-index discovered URLs,"Live state OBSERVED 2026-10-09 (status/robots/canonical from saved HTML; internal links = distinct linking pages among 479 crawled pages). GSC status per column above is NOT live-verified: an HTTP 200 proves neither indexing nor indexing eligibility. noindex observed live, not a GSC category observation."
/doorstep-bike-service/domlur,200,https://ridencare.co.in/doorstep-bike-service/domlur,"noindex, follow",No,10 of 479 pages,UNVERIFIED — export not recovered and GSC API not connected (live 200 does not reveal Google's status),LIVE_HTTP_VERIFIED,Keep noindex until content uplift + owner confirmation (Q33); do not mass-index discovered URLs,"Live state OBSERVED 2026-10-09 (status/robots/canonical from saved HTML; internal links = distinct linking pages among 479 crawled pages). GSC status per column above is NOT live-verified: an HTTP 200 proves neither indexing nor indexing eligibility. noindex observed live, not a GSC category observation."
/doorstep-bike-service/ejipura,200,https://ridencare.co.in/doorstep-bike-service/ejipura,"noindex, follow",No,11 of 479 pages,UNVERIFIED — export not recovered and GSC API not connected (live 200 does not reveal Google's status),LIVE_HTTP_VERIFIED,Keep noindex until content uplift + owner confirmation (Q33); do not mass-index discovered URLs,"Live state OBSERVED 2026-10-09 (status/robots/canonical from saved HTML; internal links = distinct linking pages among 479 crawled pages). GSC status per column above is NOT live-verified: an HTTP 200 proves neither indexing nor indexing eligibility. noindex observed live, not a GSC category observation."
/doorstep-bike-service/gunjur,200,https://ridencare.co.in/doorstep-bike-service/gunjur,"noindex, follow",No,8 of 479 pages,UNVERIFIED — export not recovered and GSC API not connected (live 200 does not reveal Google's status),LIVE_HTTP_VERIFIED,Keep noindex until content uplift + owner confirmation (Q33); do not mass-index discovered URLs,"Live state OBSERVED 2026-10-09 (status/robots/canonical from saved HTML; internal links = distinct linking pages among 479 crawled pages). GSC status per column above is NOT live-verified: an HTTP 200 proves neither indexing nor indexing eligibility. noindex observed live, not a GSC category observation."
/doorstep-bike-service/hal,200,https://ridencare.co.in/doorstep-bike-service/hal,"noindex, follow",No,8 of 479 pages,UNVERIFIED — export not recovered and GSC API not connected (live 200 does not reveal Google's status),LIVE_HTTP_VERIFIED,Keep noindex until content uplift + owner confirmation (Q33); do not mass-index discovered URLs,"Live state OBSERVED 2026-10-09 (status/robots/canonical from saved HTML; internal links = distinct linking pages among 479 crawled pages). GSC status per column above is NOT live-verified: an HTTP 200 proves neither indexing nor indexing eligibility. noindex observed live, not a GSC category observation."
/doorstep-bike-service/harlur,200,https://ridencare.co.in/doorstep-bike-service/harlur,"noindex, follow",No,9 of 479 pages,UNVERIFIED — export not recovered and GSC API not connected (live 200 does not reveal Google's status),LIVE_HTTP_VERIFIED,Keep noindex until content uplift + owner confirmation (Q33); do not mass-index discovered URLs,"Live state OBSERVED 2026-10-09 (status/robots/canonical from saved HTML; internal links = distinct linking pages among 479 crawled pages). GSC status per column above is NOT live-verified: an HTTP 200 proves neither indexing nor indexing eligibility. noindex observed live, not a GSC category observation."
/doorstep-bike-service/kadubeesanahalli,200,https://ridencare.co.in/doorstep-bike-service/kadubeesanahalli,"noindex, follow",No,10 of 479 pages,UNVERIFIED — export not recovered and GSC API not connected (live 200 does not reveal Google's status),LIVE_HTTP_VERIFIED,Keep noindex until content uplift + owner confirmation (Q33); do not mass-index discovered URLs,"Live state OBSERVED 2026-10-09 (status/robots/canonical from saved HTML; internal links = distinct linking pages among 479 crawled pages). GSC status per column above is NOT live-verified: an HTTP 200 proves neither indexing nor indexing eligibility. noindex observed live, not a GSC category observation."
/doorstep-bike-service/kalyan-nagar,200,https://ridencare.co.in/doorstep-bike-service/kalyan-nagar,"noindex, follow",No,8 of 479 pages,UNVERIFIED — export not recovered and GSC API not connected (live 200 does not reveal Google's status),LIVE_HTTP_VERIFIED,Keep noindex until content uplift + owner confirmation (Q33); do not mass-index discovered URLs,"Live state OBSERVED 2026-10-09 (status/robots/canonical from saved HTML; internal links = distinct linking pages among 479 crawled pages). GSC status per column above is NOT live-verified: an HTTP 200 proves neither indexing nor indexing eligibility. noindex observed live, not a GSC category observation."
/doorstep-bike-service/kanakapura-road,200,https://ridencare.co.in/doorstep-bike-service/kanakapura-road,"noindex, follow",No,7 of 479 pages,UNVERIFIED — export not recovered and GSC API not connected (live 200 does not reveal Google's status),LIVE_HTTP_VERIFIED,Keep noindex until content uplift + owner confirmation (Q33); do not mass-index discovered URLs,"Live state OBSERVED 2026-10-09 (status/robots/canonical from saved HTML; internal links = distinct linking pages among 479 crawled pages). GSC status per column above is NOT live-verified: an HTTP 200 proves neither indexing nor indexing eligibility. noindex observed live, not a GSC category observation."
/doorstep-bike-service/kasavanahalli,200,https://ridencare.co.in/doorstep-bike-service/kasavanahalli,"noindex, follow",No,8 of 479 pages,UNVERIFIED — export not recovered and GSC API not connected (live 200 does not reveal Google's status),LIVE_HTTP_VERIFIED,Keep noindex until content uplift + owner confirmation (Q33); do not mass-index discovered URLs,"Live state OBSERVED 2026-10-09 (status/robots/canonical from saved HTML; internal links = distinct linking pages among 479 crawled pages). GSC status per column above is NOT live-verified: an HTTP 200 proves neither indexing nor indexing eligibility. noindex observed live, not a GSC category observation."
/doorstep-bike-service/kr-puram,200,https://ridencare.co.in/doorstep-bike-service/kr-puram,"noindex, follow",No,8 of 479 pages,UNVERIFIED — export not recovered and GSC API not connected (live 200 does not reveal Google's status),LIVE_HTTP_VERIFIED,Keep noindex until the owner-approved P0 deploy flips it; then verify with GSC URL Inspection (no mass-indexing),"Live state OBSERVED 2026-10-09 (status/robots/canonical from saved HTML; internal links = distinct linking pages among 479 crawled pages). GSC status per column above is NOT live-verified: an HTTP 200 proves neither indexing nor indexing eligibility. noindex observed live, not a GSC category observation."
/doorstep-bike-service/kudlu-gate,200,https://ridencare.co.in/doorstep-bike-service/kudlu-gate,"noindex, follow",No,9 of 479 pages,UNVERIFIED — export not recovered and GSC API not connected (live 200 does not reveal Google's status),LIVE_HTTP_VERIFIED,Keep noindex until content uplift + owner confirmation (Q33); do not mass-index discovered URLs,"Live state OBSERVED 2026-10-09 (status/robots/canonical from saved HTML; internal links = distinct linking pages among 479 crawled pages). GSC status per column above is NOT live-verified: an HTTP 200 proves neither indexing nor indexing eligibility. noindex observed live, not a GSC category observation."
/doorstep-bike-service/madiwala,200,https://ridencare.co.in/doorstep-bike-service/madiwala,"noindex, follow",No,12 of 479 pages,UNVERIFIED — export not recovered and GSC API not connected (live 200 does not reveal Google's status),LIVE_HTTP_VERIFIED,Keep noindex until the owner-approved P0 deploy flips it; then verify with GSC URL Inspection (no mass-indexing),"Live state OBSERVED 2026-10-09 (status/robots/canonical from saved HTML; internal links = distinct linking pages among 479 crawled pages). GSC status per column above is NOT live-verified: an HTTP 200 proves neither indexing nor indexing eligibility. noindex observed live, not a GSC category observation."
/doorstep-bike-service/mahadevapura,200,https://ridencare.co.in/doorstep-bike-service/mahadevapura,"noindex, follow",No,9 of 479 pages,UNVERIFIED — export not recovered and GSC API not connected (live 200 does not reveal Google's status),LIVE_HTTP_VERIFIED,Keep noindex until the owner-approved P0 deploy flips it; then verify with GSC URL Inspection (no mass-indexing),"Live state OBSERVED 2026-10-09 (status/robots/canonical from saved HTML; internal links = distinct linking pages among 479 crawled pages). GSC status per column above is NOT live-verified: an HTTP 200 proves neither indexing nor indexing eligibility. noindex observed live, not a GSC category observation."
/doorstep-bike-service/malleshwaram,200,https://ridencare.co.in/doorstep-bike-service/malleshwaram,"noindex, follow",No,8 of 479 pages,UNVERIFIED — export not recovered and GSC API not connected (live 200 does not reveal Google's status),LIVE_HTTP_VERIFIED,Keep noindex until content uplift + owner confirmation (Q33); do not mass-index discovered URLs,"Live state OBSERVED 2026-10-09 (status/robots/canonical from saved HTML; internal links = distinct linking pages among 479 crawled pages). GSC status per column above is NOT live-verified: an HTTP 200 proves neither indexing nor indexing eligibility. noindex observed live, not a GSC category observation."
/doorstep-bike-service/mg-road,200,https://ridencare.co.in/doorstep-bike-service/mg-road,"noindex, follow",No,8 of 479 pages,UNVERIFIED — export not recovered and GSC API not connected (live 200 does not reveal Google's status),LIVE_HTTP_VERIFIED,Keep noindex until the owner-approved P0 deploy flips it; then verify with GSC URL Inspection (no mass-indexing),"Live state OBSERVED 2026-10-09 (status/robots/canonical from saved HTML; internal links = distinct linking pages among 479 crawled pages). GSC status per column above is NOT live-verified: an HTTP 200 proves neither indexing nor indexing eligibility. noindex observed live, not a GSC category observation."
/doorstep-bike-service/panathur-road,200,https://ridencare.co.in/doorstep-bike-service/panathur-road,"noindex, follow",No,10 of 479 pages,UNVERIFIED — export not recovered and GSC API not connected (live 200 does not reveal Google's status),LIVE_HTTP_VERIFIED,Keep noindex until content uplift + owner confirmation (Q33); do not mass-index discovered URLs,"Live state OBSERVED 2026-10-09 (status/robots/canonical from saved HTML; internal links = distinct linking pages among 479 crawled pages). GSC status per column above is NOT live-verified: an HTTP 200 proves neither indexing nor indexing eligibility. noindex observed live, not a GSC category observation."
/doorstep-bike-service/parappana-agrahara,200,https://ridencare.co.in/doorstep-bike-service/parappana-agrahara,"noindex, follow",No,8 of 479 pages,UNVERIFIED — export not recovered and GSC API not connected (live 200 does not reveal Google's status),LIVE_HTTP_VERIFIED,Keep noindex until content uplift + owner confirmation (Q33); do not mass-index discovered URLs,"Live state OBSERVED 2026-10-09 (status/robots/canonical from saved HTML; internal links = distinct linking pages among 479 crawled pages). GSC status per column above is NOT live-verified: an HTTP 200 proves neither indexing nor indexing eligibility. noindex observed live, not a GSC category observation."
/doorstep-bike-service/peenya,200,https://ridencare.co.in/doorstep-bike-service/peenya,"noindex, follow",No,7 of 479 pages,UNVERIFIED — export not recovered and GSC API not connected (live 200 does not reveal Google's status),LIVE_HTTP_VERIFIED,Keep noindex until content uplift + owner confirmation (Q33); do not mass-index discovered URLs,"Live state OBSERVED 2026-10-09 (status/robots/canonical from saved HTML; internal links = distinct linking pages among 479 crawled pages). GSC status per column above is NOT live-verified: an HTTP 200 proves neither indexing nor indexing eligibility. noindex observed live, not a GSC category observation."
/doorstep-bike-service/rajajinagar,200,https://ridencare.co.in/doorstep-bike-service/rajajinagar,"noindex, follow",No,8 of 479 pages,UNVERIFIED — export not recovered and GSC API not connected (live 200 does not reveal Google's status),LIVE_HTTP_VERIFIED,Keep noindex until content uplift + owner confirmation (Q33); do not mass-index discovered URLs,"Live state OBSERVED 2026-10-09 (status/robots/canonical from saved HTML; internal links = distinct linking pages among 479 crawled pages). GSC status per column above is NOT live-verified: an HTTP 200 proves neither indexing nor indexing eligibility. noindex observed live, not a GSC category observation."
/doorstep-bike-service/singasandra,200,https://ridencare.co.in/doorstep-bike-service/singasandra,"noindex, follow",No,9 of 479 pages,UNVERIFIED — export not recovered and GSC API not connected (live 200 does not reveal Google's status),LIVE_HTTP_VERIFIED,Keep noindex until content uplift + owner confirmation (Q33); do not mass-index discovered URLs,"Live state OBSERVED 2026-10-09 (status/robots/canonical from saved HTML; internal links = distinct linking pages among 479 crawled pages). GSC status per column above is NOT live-verified: an HTTP 200 proves neither indexing nor indexing eligibility. noindex observed live, not a GSC category observation."
/doorstep-bike-service/varthur,200,https://ridencare.co.in/doorstep-bike-service/varthur,"noindex, follow",No,8 of 479 pages,UNVERIFIED — export not recovered and GSC API not connected (live 200 does not reveal Google's status),LIVE_HTTP_VERIFIED,Keep noindex until content uplift + owner confirmation (Q33); do not mass-index discovered URLs,"Live state OBSERVED 2026-10-09 (status/robots/canonical from saved HTML; internal links = distinct linking pages among 479 crawled pages). GSC status per column above is NOT live-verified: an HTTP 200 proves neither indexing nor indexing eligibility. noindex observed live, not a GSC category observation."
/doorstep-bike-service/yelahanka,200,https://ridencare.co.in/doorstep-bike-service/yelahanka,"noindex, follow",No,6 of 479 pages,UNVERIFIED — export not recovered and GSC API not connected (live 200 does not reveal Google's status),LIVE_HTTP_VERIFIED,Keep noindex until content uplift + owner confirmation (Q33); do not mass-index discovered URLs,"Live state OBSERVED 2026-10-09 (status/robots/canonical from saved HTML; internal links = distinct linking pages among 479 crawled pages). GSC status per column above is NOT live-verified: an HTTP 200 proves neither indexing nor indexing eligibility. noindex observed live, not a GSC category observation."
/doorstep-bike-service/yeshwanthpur,200,https://ridencare.co.in/doorstep-bike-service/yeshwanthpur,"noindex, follow",No,9 of 479 pages,UNVERIFIED — export not recovered and GSC API not connected (live 200 does not reveal Google's status),LIVE_HTTP_VERIFIED,Keep noindex until content uplift + owner confirmation (Q33); do not mass-index discovered URLs,"Live state OBSERVED 2026-10-09 (status/robots/canonical from saved HTML; internal links = distinct linking pages among 479 crawled pages). GSC status per column above is NOT live-verified: an HTTP 200 proves neither indexing nor indexing eligibility. noindex observed live, not a GSC category observation."
/emergency-bike-repair/banashankari,200,https://ridencare.co.in/emergency-bike-repair/banashankari,"noindex, follow",No,8 of 479 pages,UNVERIFIED — export not recovered and GSC API not connected (live 200 does not reveal Google's status),LIVE_HTTP_VERIFIED,Keep noindex until the owner-approved P0 deploy flips it; then verify with GSC URL Inspection (no mass-indexing),"Live state OBSERVED 2026-10-09 (status/robots/canonical from saved HTML; internal links = distinct linking pages among 479 crawled pages). GSC status per column above is NOT live-verified: an HTTP 200 proves neither indexing nor indexing eligibility. noindex observed live, not a GSC category observation."
/emergency-bike-repair/bannerghatta-road,200,https://ridencare.co.in/emergency-bike-repair/bannerghatta-road,"noindex, follow",No,5 of 479 pages,UNVERIFIED — export not recovered and GSC API not connected (live 200 does not reveal Google's status),LIVE_HTTP_VERIFIED,Keep noindex until content uplift + owner confirmation (Q33); do not mass-index discovered URLs,"Live state OBSERVED 2026-10-09 (status/robots/canonical from saved HTML; internal links = distinct linking pages among 479 crawled pages). GSC status per column above is NOT live-verified: an HTTP 200 proves neither indexing nor indexing eligibility. noindex observed live, not a GSC category observation."
/emergency-bike-repair/bommanahalli,200,https://ridencare.co.in/emergency-bike-repair/bommanahalli,"noindex, follow",No,10 of 479 pages,UNVERIFIED — export not recovered and GSC API not connected (live 200 does not reveal Google's status),LIVE_HTTP_VERIFIED,Keep noindex until content uplift + owner confirmation (Q33); do not mass-index discovered URLs,"Live state OBSERVED 2026-10-09 (status/robots/canonical from saved HTML; internal links = distinct linking pages among 479 crawled pages). GSC status per column above is NOT live-verified: an HTTP 200 proves neither indexing nor indexing eligibility. noindex observed live, not a GSC category observation."
/emergency-bike-repair/brookefield,200,https://ridencare.co.in/emergency-bike-repair/brookefield,"noindex, follow",No,7 of 479 pages,UNVERIFIED — export not recovered and GSC API not connected (live 200 does not reveal Google's status),LIVE_HTTP_VERIFIED,Keep noindex until content uplift + owner confirmation (Q33); do not mass-index discovered URLs,"Live state OBSERVED 2026-10-09 (status/robots/canonical from saved HTML; internal links = distinct linking pages among 479 crawled pages). GSC status per column above is NOT live-verified: an HTTP 200 proves neither indexing nor indexing eligibility. noindex observed live, not a GSC category observation."
/emergency-bike-repair/choodasandra,200,https://ridencare.co.in/emergency-bike-repair/choodasandra,"noindex, follow",No,6 of 479 pages,UNVERIFIED — export not recovered and GSC API not connected (live 200 does not reveal Google's status),LIVE_HTTP_VERIFIED,Keep noindex until content uplift + owner confirmation (Q33); do not mass-index discovered URLs,"Live state OBSERVED 2026-10-09 (status/robots/canonical from saved HTML; internal links = distinct linking pages among 479 crawled pages). GSC status per column above is NOT live-verified: an HTTP 200 proves neither indexing nor indexing eligibility. noindex observed live, not a GSC category observation."
/emergency-bike-repair/domlur,200,https://ridencare.co.in/emergency-bike-repair/domlur,"noindex, follow",No,9 of 479 pages,UNVERIFIED — export not recovered and GSC API not connected (live 200 does not reveal Google's status),LIVE_HTTP_VERIFIED,Keep noindex until content uplift + owner confirmation (Q33); do not mass-index discovered URLs,"Live state OBSERVED 2026-10-09 (status/robots/canonical from saved HTML; internal links = distinct linking pages among 479 crawled pages). GSC status per column above is NOT live-verified: an HTTP 200 proves neither indexing nor indexing eligibility. noindex observed live, not a GSC category observation."
/emergency-bike-repair/ejipura,200,https://ridencare.co.in/emergency-bike-repair/ejipura,"noindex, follow",No,10 of 479 pages,UNVERIFIED — export not recovered and GSC API not connected (live 200 does not reveal Google's status),LIVE_HTTP_VERIFIED,Keep noindex until content uplift + owner confirmation (Q33); do not mass-index discovered URLs,"Live state OBSERVED 2026-10-09 (status/robots/canonical from saved HTML; internal links = distinct linking pages among 479 crawled pages). GSC status per column above is NOT live-verified: an HTTP 200 proves neither indexing nor indexing eligibility. noindex observed live, not a GSC category observation."
/emergency-bike-repair/gunjur,200,https://ridencare.co.in/emergency-bike-repair/gunjur,"noindex, follow",No,7 of 479 pages,UNVERIFIED — export not recovered and GSC API not connected (live 200 does not reveal Google's status),LIVE_HTTP_VERIFIED,Keep noindex until content uplift + owner confirmation (Q33); do not mass-index discovered URLs,"Live state OBSERVED 2026-10-09 (status/robots/canonical from saved HTML; internal links = distinct linking pages among 479 crawled pages). GSC status per column above is NOT live-verified: an HTTP 200 proves neither indexing nor indexing eligibility. noindex observed live, not a GSC category observation."
/emergency-bike-repair/hal,200,https://ridencare.co.in/emergency-bike-repair/hal,"noindex, follow",No,7 of 479 pages,UNVERIFIED — export not recovered and GSC API not connected (live 200 does not reveal Google's status),LIVE_HTTP_VERIFIED,Keep noindex until content uplift + owner confirmation (Q33); do not mass-index discovered URLs,"Live state OBSERVED 2026-10-09 (status/robots/canonical from saved HTML; internal links = distinct linking pages among 479 crawled pages). GSC status per column above is NOT live-verified: an HTTP 200 proves neither indexing nor indexing eligibility. noindex observed live, not a GSC category observation."
/emergency-bike-repair/harlur,200,https://ridencare.co.in/emergency-bike-repair/harlur,"noindex, follow",No,8 of 479 pages,UNVERIFIED — export not recovered and GSC API not connected (live 200 does not reveal Google's status),LIVE_HTTP_VERIFIED,Keep noindex until content uplift + owner confirmation (Q33); do not mass-index discovered URLs,"Live state OBSERVED 2026-10-09 (status/robots/canonical from saved HTML; internal links = distinct linking pages among 479 crawled pages). GSC status per column above is NOT live-verified: an HTTP 200 proves neither indexing nor indexing eligibility. noindex observed live, not a GSC category observation."
/emergency-bike-repair/kadubeesanahalli,200,https://ridencare.co.in/emergency-bike-repair/kadubeesanahalli,"noindex, follow",No,9 of 479 pages,UNVERIFIED — export not recovered and GSC API not connected (live 200 does not reveal Google's status),LIVE_HTTP_VERIFIED,Keep noindex until content uplift + owner confirmation (Q33); do not mass-index discovered URLs,"Live state OBSERVED 2026-10-09 (status/robots/canonical from saved HTML; internal links = distinct linking pages among 479 crawled pages). GSC status per column above is NOT live-verified: an HTTP 200 proves neither indexing nor indexing eligibility. noindex observed live, not a GSC category observation."
/emergency-bike-repair/kalyan-nagar,200,https://ridencare.co.in/emergency-bike-repair/kalyan-nagar,"noindex, follow",No,7 of 479 pages,UNVERIFIED — export not recovered and GSC API not connected (live 200 does not reveal Google's status),LIVE_HTTP_VERIFIED,Keep noindex until content uplift + owner confirmation (Q33); do not mass-index discovered URLs,"Live state OBSERVED 2026-10-09 (status/robots/canonical from saved HTML; internal links = distinct linking pages among 479 crawled pages). GSC status per column above is NOT live-verified: an HTTP 200 proves neither indexing nor indexing eligibility. noindex observed live, not a GSC category observation."
/emergency-bike-repair/kanakapura-road,200,https://ridencare.co.in/emergency-bike-repair/kanakapura-road,"noindex, follow",No,6 of 479 pages,UNVERIFIED — export not recovered and GSC API not connected (live 200 does not reveal Google's status),LIVE_HTTP_VERIFIED,Keep noindex until content uplift + owner confirmation (Q33); do not mass-index discovered URLs,"Live state OBSERVED 2026-10-09 (status/robots/canonical from saved HTML; internal links = distinct linking pages among 479 crawled pages). GSC status per column above is NOT live-verified: an HTTP 200 proves neither indexing nor indexing eligibility. noindex observed live, not a GSC category observation."
/emergency-bike-repair/kasavanahalli,200,https://ridencare.co.in/emergency-bike-repair/kasavanahalli,"noindex, follow",No,7 of 479 pages,UNVERIFIED — export not recovered and GSC API not connected (live 200 does not reveal Google's status),LIVE_HTTP_VERIFIED,Keep noindex until content uplift + owner confirmation (Q33); do not mass-index discovered URLs,"Live state OBSERVED 2026-10-09 (status/robots/canonical from saved HTML; internal links = distinct linking pages among 479 crawled pages). GSC status per column above is NOT live-verified: an HTTP 200 proves neither indexing nor indexing eligibility. noindex observed live, not a GSC category observation."
/emergency-bike-repair/kr-puram,200,https://ridencare.co.in/emergency-bike-repair/kr-puram,"noindex, follow",No,7 of 479 pages,UNVERIFIED — export not recovered and GSC API not connected (live 200 does not reveal Google's status),LIVE_HTTP_VERIFIED,Keep noindex until the owner-approved P0 deploy flips it; then verify with GSC URL Inspection (no mass-indexing),"Live state OBSERVED 2026-10-09 (status/robots/canonical from saved HTML; internal links = distinct linking pages among 479 crawled pages). GSC status per column above is NOT live-verified: an HTTP 200 proves neither indexing nor indexing eligibility. noindex observed live, not a GSC category observation."
/emergency-bike-repair/kudlu-gate,200,https://ridencare.co.in/emergency-bike-repair/kudlu-gate,"noindex, follow",No,8 of 479 pages,UNVERIFIED — export not recovered and GSC API not connected (live 200 does not reveal Google's status),LIVE_HTTP_VERIFIED,Keep noindex until content uplift + owner confirmation (Q33); do not mass-index discovered URLs,"Live state OBSERVED 2026-10-09 (status/robots/canonical from saved HTML; internal links = distinct linking pages among 479 crawled pages). GSC status per column above is NOT live-verified: an HTTP 200 proves neither indexing nor indexing eligibility. noindex observed live, not a GSC category observation."
/emergency-bike-repair/madiwala,200,https://ridencare.co.in/emergency-bike-repair/madiwala,"noindex, follow",No,11 of 479 pages,UNVERIFIED — export not recovered and GSC API not connected (live 200 does not reveal Google's status),LIVE_HTTP_VERIFIED,Keep noindex until the owner-approved P0 deploy flips it; then verify with GSC URL Inspection (no mass-indexing),"Live state OBSERVED 2026-10-09 (status/robots/canonical from saved HTML; internal links = distinct linking pages among 479 crawled pages). GSC status per column above is NOT live-verified: an HTTP 200 proves neither indexing nor indexing eligibility. noindex observed live, not a GSC category observation."
/emergency-bike-repair/mahadevapura,200,https://ridencare.co.in/emergency-bike-repair/mahadevapura,"noindex, follow",No,8 of 479 pages,UNVERIFIED — export not recovered and GSC API not connected (live 200 does not reveal Google's status),LIVE_HTTP_VERIFIED,Keep noindex until the owner-approved P0 deploy flips it; then verify with GSC URL Inspection (no mass-indexing),"Live state OBSERVED 2026-10-09 (status/robots/canonical from saved HTML; internal links = distinct linking pages among 479 crawled pages). GSC status per column above is NOT live-verified: an HTTP 200 proves neither indexing nor indexing eligibility. noindex observed live, not a GSC category observation."
/emergency-bike-repair/malleshwaram,200,https://ridencare.co.in/emergency-bike-repair/malleshwaram,"noindex, follow",No,7 of 479 pages,UNVERIFIED — export not recovered and GSC API not connected (live 200 does not reveal Google's status),LIVE_HTTP_VERIFIED,Keep noindex until content uplift + owner confirmation (Q33); do not mass-index discovered URLs,"Live state OBSERVED 2026-10-09 (status/robots/canonical from saved HTML; internal links = distinct linking pages among 479 crawled pages). GSC status per column above is NOT live-verified: an HTTP 200 proves neither indexing nor indexing eligibility. noindex observed live, not a GSC category observation."
/emergency-bike-repair/mg-road,200,https://ridencare.co.in/emergency-bike-repair/mg-road,"noindex, follow",No,7 of 479 pages,UNVERIFIED — export not recovered and GSC API not connected (live 200 does not reveal Google's status),LIVE_HTTP_VERIFIED,Keep noindex until the owner-approved P0 deploy flips it; then verify with GSC URL Inspection (no mass-indexing),"Live state OBSERVED 2026-10-09 (status/robots/canonical from saved HTML; internal links = distinct linking pages among 479 crawled pages). GSC status per column above is NOT live-verified: an HTTP 200 proves neither indexing nor indexing eligibility. noindex observed live, not a GSC category observation."
/emergency-bike-repair/panathur-road,200,https://ridencare.co.in/emergency-bike-repair/panathur-road,"noindex, follow",No,9 of 479 pages,UNVERIFIED — export not recovered and GSC API not connected (live 200 does not reveal Google's status),LIVE_HTTP_VERIFIED,Keep noindex until content uplift + owner confirmation (Q33); do not mass-index discovered URLs,"Live state OBSERVED 2026-10-09 (status/robots/canonical from saved HTML; internal links = distinct linking pages among 479 crawled pages). GSC status per column above is NOT live-verified: an HTTP 200 proves neither indexing nor indexing eligibility. noindex observed live, not a GSC category observation."
/emergency-bike-repair/parappana-agrahara,200,https://ridencare.co.in/emergency-bike-repair/parappana-agrahara,"noindex, follow",No,7 of 479 pages,UNVERIFIED — export not recovered and GSC API not connected (live 200 does not reveal Google's status),LIVE_HTTP_VERIFIED,Keep noindex until content uplift + owner confirmation (Q33); do not mass-index discovered URLs,"Live state OBSERVED 2026-10-09 (status/robots/canonical from saved HTML; internal links = distinct linking pages among 479 crawled pages). GSC status per column above is NOT live-verified: an HTTP 200 proves neither indexing nor indexing eligibility. noindex observed live, not a GSC category observation."
/emergency-bike-repair/peenya,200,https://ridencare.co.in/emergency-bike-repair/peenya,"noindex, follow",No,6 of 479 pages,UNVERIFIED — export not recovered and GSC API not connected (live 200 does not reveal Google's status),LIVE_HTTP_VERIFIED,Keep noindex until content uplift + owner confirmation (Q33); do not mass-index discovered URLs,"Live state OBSERVED 2026-10-09 (status/robots/canonical from saved HTML; internal links = distinct linking pages among 479 crawled pages). GSC status per column above is NOT live-verified: an HTTP 200 proves neither indexing nor indexing eligibility. noindex observed live, not a GSC category observation."
/emergency-bike-repair/rajajinagar,200,https://ridencare.co.in/emergency-bike-repair/rajajinagar,"noindex, follow",No,7 of 479 pages,UNVERIFIED — export not recovered and GSC API not connected (live 200 does not reveal Google's status),LIVE_HTTP_VERIFIED,Keep noindex until content uplift + owner confirmation (Q33); do not mass-index discovered URLs,"Live state OBSERVED 2026-10-09 (status/robots/canonical from saved HTML; internal links = distinct linking pages among 479 crawled pages). GSC status per column above is NOT live-verified: an HTTP 200 proves neither indexing nor indexing eligibility. noindex observed live, not a GSC category observation."
/emergency-bike-repair/singasandra,200,https://ridencare.co.in/emergency-bike-repair/singasandra,"noindex, follow",No,8 of 479 pages,UNVERIFIED — export not recovered and GSC API not connected (live 200 does not reveal Google's status),LIVE_HTTP_VERIFIED,Keep noindex until content uplift + owner confirmation (Q33); do not mass-index discovered URLs,"Live state OBSERVED 2026-10-09 (status/robots/canonical from saved HTML; internal links = distinct linking pages among 479 crawled pages). GSC status per column above is NOT live-verified: an HTTP 200 proves neither indexing nor indexing eligibility. noindex observed live, not a GSC category observation."
/emergency-bike-repair/varthur,200,https://ridencare.co.in/emergency-bike-repair/varthur,"noindex, follow",No,7 of 479 pages,UNVERIFIED — export not recovered and GSC API not connected (live 200 does not reveal Google's status),LIVE_HTTP_VERIFIED,Keep noindex until content uplift + owner confirmation (Q33); do not mass-index discovered URLs,"Live state OBSERVED 2026-10-09 (status/robots/canonical from saved HTML; internal links = distinct linking pages among 479 crawled pages). GSC status per column above is NOT live-verified: an HTTP 200 proves neither indexing nor indexing eligibility. noindex observed live, not a GSC category observation."
/emergency-bike-repair/yelahanka,200,https://ridencare.co.in/emergency-bike-repair/yelahanka,"noindex, follow",No,5 of 479 pages,UNVERIFIED — export not recovered and GSC API not connected (live 200 does not reveal Google's status),LIVE_HTTP_VERIFIED,Keep noindex until content uplift + owner confirmation (Q33); do not mass-index discovered URLs,"Live state OBSERVED 2026-10-09 (status/robots/canonical from saved HTML; internal links = distinct linking pages among 479 crawled pages). GSC status per column above is NOT live-verified: an HTTP 200 proves neither indexing nor indexing eligibility. noindex observed live, not a GSC category observation."
/emergency-bike-repair/yeshwanthpur,200,https://ridencare.co.in/emergency-bike-repair/yeshwanthpur,"noindex, follow",No,8 of 479 pages,UNVERIFIED — export not recovered and GSC API not connected (live 200 does not reveal Google's status),LIVE_HTTP_VERIFIED,Keep noindex until content uplift + owner confirmation (Q33); do not mass-index discovered URLs,"Live state OBSERVED 2026-10-09 (status/robots/canonical from saved HTML; internal links = distinct linking pages among 479 crawled pages). GSC status per column above is NOT live-verified: an HTTP 200 proves neither indexing nor indexing eligibility. noindex observed live, not a GSC category observation."
/map,200,https://ridencare.co.in/map,"noindex, follow",No,1 of 479 pages,"HISTORICAL_BASELINE: 'Discovered — currently not indexed' (docs/seo/31 §3b groups, 2026-09-29)",LIVE_HTTP_VERIFIED,Keep noindex — intentionally excluded (utility/transaction/auth page); no change,"Live state OBSERVED 2026-10-09 (status/robots/canonical from saved HTML; internal links = distinct linking pages among 479 crawled pages). GSC status per column above is NOT live-verified: an HTTP 200 proves neither indexing nor indexing eligibility. noindex observed live, not a GSC category observation."
/motorcycle-service/banashankari,200,https://ridencare.co.in/motorcycle-service/banashankari,"noindex, follow",No,6 of 479 pages,UNVERIFIED — export not recovered and GSC API not connected (live 200 does not reveal Google's status),LIVE_HTTP_VERIFIED,Keep noindex until the owner-approved P0 deploy flips it; then verify with GSC URL Inspection (no mass-indexing),"Live state OBSERVED 2026-10-09 (status/robots/canonical from saved HTML; internal links = distinct linking pages among 479 crawled pages). GSC status per column above is NOT live-verified: an HTTP 200 proves neither indexing nor indexing eligibility. noindex observed live, not a GSC category observation."
/motorcycle-service/bannerghatta-road,200,https://ridencare.co.in/motorcycle-service/bannerghatta-road,"noindex, follow",No,3 of 479 pages,UNVERIFIED — export not recovered and GSC API not connected (live 200 does not reveal Google's status),LIVE_HTTP_VERIFIED,Keep noindex until content uplift + owner confirmation (Q33); do not mass-index discovered URLs,"Live state OBSERVED 2026-10-09 (status/robots/canonical from saved HTML; internal links = distinct linking pages among 479 crawled pages). GSC status per column above is NOT live-verified: an HTTP 200 proves neither indexing nor indexing eligibility. noindex observed live, not a GSC category observation."
/motorcycle-service/bommanahalli,200,https://ridencare.co.in/motorcycle-service/bommanahalli,"noindex, follow",No,8 of 479 pages,UNVERIFIED — export not recovered and GSC API not connected (live 200 does not reveal Google's status),LIVE_HTTP_VERIFIED,Keep noindex until content uplift + owner confirmation (Q33); do not mass-index discovered URLs,"Live state OBSERVED 2026-10-09 (status/robots/canonical from saved HTML; internal links = distinct linking pages among 479 crawled pages). GSC status per column above is NOT live-verified: an HTTP 200 proves neither indexing nor indexing eligibility. noindex observed live, not a GSC category observation."
/motorcycle-service/brookefield,200,https://ridencare.co.in/motorcycle-service/brookefield,"noindex, follow",No,5 of 479 pages,UNVERIFIED — export not recovered and GSC API not connected (live 200 does not reveal Google's status),LIVE_HTTP_VERIFIED,Keep noindex until content uplift + owner confirmation (Q33); do not mass-index discovered URLs,"Live state OBSERVED 2026-10-09 (status/robots/canonical from saved HTML; internal links = distinct linking pages among 479 crawled pages). GSC status per column above is NOT live-verified: an HTTP 200 proves neither indexing nor indexing eligibility. noindex observed live, not a GSC category observation."
/motorcycle-service/choodasandra,200,https://ridencare.co.in/motorcycle-service/choodasandra,"noindex, follow",No,4 of 479 pages,UNVERIFIED — export not recovered and GSC API not connected (live 200 does not reveal Google's status),LIVE_HTTP_VERIFIED,Keep noindex until content uplift + owner confirmation (Q33); do not mass-index discovered URLs,"Live state OBSERVED 2026-10-09 (status/robots/canonical from saved HTML; internal links = distinct linking pages among 479 crawled pages). GSC status per column above is NOT live-verified: an HTTP 200 proves neither indexing nor indexing eligibility. noindex observed live, not a GSC category observation."
/motorcycle-service/domlur,200,https://ridencare.co.in/motorcycle-service/domlur,"noindex, follow",No,7 of 479 pages,UNVERIFIED — export not recovered and GSC API not connected (live 200 does not reveal Google's status),LIVE_HTTP_VERIFIED,Keep noindex until content uplift + owner confirmation (Q33); do not mass-index discovered URLs,"Live state OBSERVED 2026-10-09 (status/robots/canonical from saved HTML; internal links = distinct linking pages among 479 crawled pages). GSC status per column above is NOT live-verified: an HTTP 200 proves neither indexing nor indexing eligibility. noindex observed live, not a GSC category observation."
/motorcycle-service/ejipura,200,https://ridencare.co.in/motorcycle-service/ejipura,"noindex, follow",No,8 of 479 pages,UNVERIFIED — export not recovered and GSC API not connected (live 200 does not reveal Google's status),LIVE_HTTP_VERIFIED,Keep noindex until content uplift + owner confirmation (Q33); do not mass-index discovered URLs,"Live state OBSERVED 2026-10-09 (status/robots/canonical from saved HTML; internal links = distinct linking pages among 479 crawled pages). GSC status per column above is NOT live-verified: an HTTP 200 proves neither indexing nor indexing eligibility. noindex observed live, not a GSC category observation."
/motorcycle-service/gunjur,200,https://ridencare.co.in/motorcycle-service/gunjur,"noindex, follow",No,5 of 479 pages,UNVERIFIED — export not recovered and GSC API not connected (live 200 does not reveal Google's status),LIVE_HTTP_VERIFIED,Keep noindex until content uplift + owner confirmation (Q33); do not mass-index discovered URLs,"Live state OBSERVED 2026-10-09 (status/robots/canonical from saved HTML; internal links = distinct linking pages among 479 crawled pages). GSC status per column above is NOT live-verified: an HTTP 200 proves neither indexing nor indexing eligibility. noindex observed live, not a GSC category observation."
/motorcycle-service/hal,200,https://ridencare.co.in/motorcycle-service/hal,"noindex, follow",No,5 of 479 pages,UNVERIFIED — export not recovered and GSC API not connected (live 200 does not reveal Google's status),LIVE_HTTP_VERIFIED,Keep noindex until content uplift + owner confirmation (Q33); do not mass-index discovered URLs,"Live state OBSERVED 2026-10-09 (status/robots/canonical from saved HTML; internal links = distinct linking pages among 479 crawled pages). GSC status per column above is NOT live-verified: an HTTP 200 proves neither indexing nor indexing eligibility. noindex observed live, not a GSC category observation."
/motorcycle-service/harlur,200,https://ridencare.co.in/motorcycle-service/harlur,"noindex, follow",No,6 of 479 pages,UNVERIFIED — export not recovered and GSC API not connected (live 200 does not reveal Google's status),LIVE_HTTP_VERIFIED,Keep noindex until content uplift + owner confirmation (Q33); do not mass-index discovered URLs,"Live state OBSERVED 2026-10-09 (status/robots/canonical from saved HTML; internal links = distinct linking pages among 479 crawled pages). GSC status per column above is NOT live-verified: an HTTP 200 proves neither indexing nor indexing eligibility. noindex observed live, not a GSC category observation."
/motorcycle-service/kadubeesanahalli,200,https://ridencare.co.in/motorcycle-service/kadubeesanahalli,"noindex, follow",No,7 of 479 pages,UNVERIFIED — export not recovered and GSC API not connected (live 200 does not reveal Google's status),LIVE_HTTP_VERIFIED,Keep noindex until content uplift + owner confirmation (Q33); do not mass-index discovered URLs,"Live state OBSERVED 2026-10-09 (status/robots/canonical from saved HTML; internal links = distinct linking pages among 479 crawled pages). GSC status per column above is NOT live-verified: an HTTP 200 proves neither indexing nor indexing eligibility. noindex observed live, not a GSC category observation."
/motorcycle-service/kalyan-nagar,200,https://ridencare.co.in/motorcycle-service/kalyan-nagar,"noindex, follow",No,5 of 479 pages,UNVERIFIED — export not recovered and GSC API not connected (live 200 does not reveal Google's status),LIVE_HTTP_VERIFIED,Keep noindex until content uplift + owner confirmation (Q33); do not mass-index discovered URLs,"Live state OBSERVED 2026-10-09 (status/robots/canonical from saved HTML; internal links = distinct linking pages among 479 crawled pages). GSC status per column above is NOT live-verified: an HTTP 200 proves neither indexing nor indexing eligibility. noindex observed live, not a GSC category observation."
/motorcycle-service/kanakapura-road,200,https://ridencare.co.in/motorcycle-service/kanakapura-road,"noindex, follow",No,4 of 479 pages,UNVERIFIED — export not recovered and GSC API not connected (live 200 does not reveal Google's status),LIVE_HTTP_VERIFIED,Keep noindex until content uplift + owner confirmation (Q33); do not mass-index discovered URLs,"Live state OBSERVED 2026-10-09 (status/robots/canonical from saved HTML; internal links = distinct linking pages among 479 crawled pages). GSC status per column above is NOT live-verified: an HTTP 200 proves neither indexing nor indexing eligibility. noindex observed live, not a GSC category observation."
/motorcycle-service/kasavanahalli,200,https://ridencare.co.in/motorcycle-service/kasavanahalli,"noindex, follow",No,5 of 479 pages,UNVERIFIED — export not recovered and GSC API not connected (live 200 does not reveal Google's status),LIVE_HTTP_VERIFIED,Keep noindex until content uplift + owner confirmation (Q33); do not mass-index discovered URLs,"Live state OBSERVED 2026-10-09 (status/robots/canonical from saved HTML; internal links = distinct linking pages among 479 crawled pages). GSC status per column above is NOT live-verified: an HTTP 200 proves neither indexing nor indexing eligibility. noindex observed live, not a GSC category observation."
/motorcycle-service/kr-puram,200,https://ridencare.co.in/motorcycle-service/kr-puram,"noindex, follow",No,5 of 479 pages,UNVERIFIED — export not recovered and GSC API not connected (live 200 does not reveal Google's status),LIVE_HTTP_VERIFIED,Keep noindex until the owner-approved P0 deploy flips it; then verify with GSC URL Inspection (no mass-indexing),"Live state OBSERVED 2026-10-09 (status/robots/canonical from saved HTML; internal links = distinct linking pages among 479 crawled pages). GSC status per column above is NOT live-verified: an HTTP 200 proves neither indexing nor indexing eligibility. noindex observed live, not a GSC category observation."
/motorcycle-service/kudlu-gate,200,https://ridencare.co.in/motorcycle-service/kudlu-gate,"noindex, follow",No,6 of 479 pages,UNVERIFIED — export not recovered and GSC API not connected (live 200 does not reveal Google's status),LIVE_HTTP_VERIFIED,Keep noindex until content uplift + owner confirmation (Q33); do not mass-index discovered URLs,"Live state OBSERVED 2026-10-09 (status/robots/canonical from saved HTML; internal links = distinct linking pages among 479 crawled pages). GSC status per column above is NOT live-verified: an HTTP 200 proves neither indexing nor indexing eligibility. noindex observed live, not a GSC category observation."
/motorcycle-service/madiwala,200,https://ridencare.co.in/motorcycle-service/madiwala,"noindex, follow",No,9 of 479 pages,UNVERIFIED — export not recovered and GSC API not connected (live 200 does not reveal Google's status),LIVE_HTTP_VERIFIED,Keep noindex until the owner-approved P0 deploy flips it; then verify with GSC URL Inspection (no mass-indexing),"Live state OBSERVED 2026-10-09 (status/robots/canonical from saved HTML; internal links = distinct linking pages among 479 crawled pages). GSC status per column above is NOT live-verified: an HTTP 200 proves neither indexing nor indexing eligibility. noindex observed live, not a GSC category observation."
/motorcycle-service/mahadevapura,200,https://ridencare.co.in/motorcycle-service/mahadevapura,"noindex, follow",No,6 of 479 pages,UNVERIFIED — export not recovered and GSC API not connected (live 200 does not reveal Google's status),LIVE_HTTP_VERIFIED,Keep noindex until the owner-approved P0 deploy flips it; then verify with GSC URL Inspection (no mass-indexing),"Live state OBSERVED 2026-10-09 (status/robots/canonical from saved HTML; internal links = distinct linking pages among 479 crawled pages). GSC status per column above is NOT live-verified: an HTTP 200 proves neither indexing nor indexing eligibility. noindex observed live, not a GSC category observation."
/motorcycle-service/malleshwaram,200,https://ridencare.co.in/motorcycle-service/malleshwaram,"noindex, follow",No,5 of 479 pages,UNVERIFIED — export not recovered and GSC API not connected (live 200 does not reveal Google's status),LIVE_HTTP_VERIFIED,Keep noindex until content uplift + owner confirmation (Q33); do not mass-index discovered URLs,"Live state OBSERVED 2026-10-09 (status/robots/canonical from saved HTML; internal links = distinct linking pages among 479 crawled pages). GSC status per column above is NOT live-verified: an HTTP 200 proves neither indexing nor indexing eligibility. noindex observed live, not a GSC category observation."
/motorcycle-service/mg-road,200,https://ridencare.co.in/motorcycle-service/mg-road,"noindex, follow",No,5 of 479 pages,UNVERIFIED — export not recovered and GSC API not connected (live 200 does not reveal Google's status),LIVE_HTTP_VERIFIED,Keep noindex until the owner-approved P0 deploy flips it; then verify with GSC URL Inspection (no mass-indexing),"Live state OBSERVED 2026-10-09 (status/robots/canonical from saved HTML; internal links = distinct linking pages among 479 crawled pages). GSC status per column above is NOT live-verified: an HTTP 200 proves neither indexing nor indexing eligibility. noindex observed live, not a GSC category observation."
/motorcycle-service/panathur-road,200,https://ridencare.co.in/motorcycle-service/panathur-road,"noindex, follow",No,7 of 479 pages,UNVERIFIED — export not recovered and GSC API not connected (live 200 does not reveal Google's status),LIVE_HTTP_VERIFIED,Keep noindex until content uplift + owner confirmation (Q33); do not mass-index discovered URLs,"Live state OBSERVED 2026-10-09 (status/robots/canonical from saved HTML; internal links = distinct linking pages among 479 crawled pages). GSC status per column above is NOT live-verified: an HTTP 200 proves neither indexing nor indexing eligibility. noindex observed live, not a GSC category observation."
/motorcycle-service/parappana-agrahara,200,https://ridencare.co.in/motorcycle-service/parappana-agrahara,"noindex, follow",No,5 of 479 pages,UNVERIFIED — export not recovered and GSC API not connected (live 200 does not reveal Google's status),LIVE_HTTP_VERIFIED,Keep noindex until content uplift + owner confirmation (Q33); do not mass-index discovered URLs,"Live state OBSERVED 2026-10-09 (status/robots/canonical from saved HTML; internal links = distinct linking pages among 479 crawled pages). GSC status per column above is NOT live-verified: an HTTP 200 proves neither indexing nor indexing eligibility. noindex observed live, not a GSC category observation."
/motorcycle-service/peenya,200,https://ridencare.co.in/motorcycle-service/peenya,"noindex, follow",No,4 of 479 pages,UNVERIFIED — export not recovered and GSC API not connected (live 200 does not reveal Google's status),LIVE_HTTP_VERIFIED,Keep noindex until content uplift + owner confirmation (Q33); do not mass-index discovered URLs,"Live state OBSERVED 2026-10-09 (status/robots/canonical from saved HTML; internal links = distinct linking pages among 479 crawled pages). GSC status per column above is NOT live-verified: an HTTP 200 proves neither indexing nor indexing eligibility. noindex observed live, not a GSC category observation."
/motorcycle-service/rajajinagar,200,https://ridencare.co.in/motorcycle-service/rajajinagar,"noindex, follow",No,5 of 479 pages,UNVERIFIED — export not recovered and GSC API not connected (live 200 does not reveal Google's status),LIVE_HTTP_VERIFIED,Keep noindex until content uplift + owner confirmation (Q33); do not mass-index discovered URLs,"Live state OBSERVED 2026-10-09 (status/robots/canonical from saved HTML; internal links = distinct linking pages among 479 crawled pages). GSC status per column above is NOT live-verified: an HTTP 200 proves neither indexing nor indexing eligibility. noindex observed live, not a GSC category observation."
/motorcycle-service/singasandra,200,https://ridencare.co.in/motorcycle-service/singasandra,"noindex, follow",No,6 of 479 pages,UNVERIFIED — export not recovered and GSC API not connected (live 200 does not reveal Google's status),LIVE_HTTP_VERIFIED,Keep noindex until content uplift + owner confirmation (Q33); do not mass-index discovered URLs,"Live state OBSERVED 2026-10-09 (status/robots/canonical from saved HTML; internal links = distinct linking pages among 479 crawled pages). GSC status per column above is NOT live-verified: an HTTP 200 proves neither indexing nor indexing eligibility. noindex observed live, not a GSC category observation."
/motorcycle-service/varthur,200,https://ridencare.co.in/motorcycle-service/varthur,"noindex, follow",No,5 of 479 pages,UNVERIFIED — export not recovered and GSC API not connected (live 200 does not reveal Google's status),LIVE_HTTP_VERIFIED,Keep noindex until content uplift + owner confirmation (Q33); do not mass-index discovered URLs,"Live state OBSERVED 2026-10-09 (status/robots/canonical from saved HTML; internal links = distinct linking pages among 479 crawled pages). GSC status per column above is NOT live-verified: an HTTP 200 proves neither indexing nor indexing eligibility. noindex observed live, not a GSC category observation."
/motorcycle-service/yelahanka,200,https://ridencare.co.in/motorcycle-service/yelahanka,"noindex, follow",No,3 of 479 pages,UNVERIFIED — export not recovered and GSC API not connected (live 200 does not reveal Google's status),LIVE_HTTP_VERIFIED,Keep noindex until content uplift + owner confirmation (Q33); do not mass-index discovered URLs,"Live state OBSERVED 2026-10-09 (status/robots/canonical from saved HTML; internal links = distinct linking pages among 479 crawled pages). GSC status per column above is NOT live-verified: an HTTP 200 proves neither indexing nor indexing eligibility. noindex observed live, not a GSC category observation."
/motorcycle-service/yeshwanthpur,200,https://ridencare.co.in/motorcycle-service/yeshwanthpur,"noindex, follow",No,6 of 479 pages,UNVERIFIED — export not recovered and GSC API not connected (live 200 does not reveal Google's status),LIVE_HTTP_VERIFIED,Keep noindex until content uplift + owner confirmation (Q33); do not mass-index discovered URLs,"Live state OBSERVED 2026-10-09 (status/robots/canonical from saved HTML; internal links = distinct linking pages among 479 crawled pages). GSC status per column above is NOT live-verified: an HTTP 200 proves neither indexing nor indexing eligibility. noindex observed live, not a GSC category observation."
/privacy,200,https://ridencare.co.in/privacy,"noindex, follow",No,479 of 479 pages,UNVERIFIED — export not recovered and GSC API not connected (live 200 does not reveal Google's status),LIVE_HTTP_VERIFIED,Keep noindex — intentionally excluded pending documented owner approval of the copy; do not make indexable without justification + approval,"Live state OBSERVED 2026-10-09 (status/robots/canonical from saved HTML; internal links = distinct linking pages among 479 crawled pages). GSC status per column above is NOT live-verified: an HTTP 200 proves neither indexing nor indexing eligibility. noindex observed live, not a GSC category observation."
/sample-invoice,200,https://ridencare.co.in/sample-invoice,"noindex, nofollow",No,1 of 479 pages,UNVERIFIED — export not recovered and GSC API not connected (live 200 does not reveal Google's status),LIVE_HTTP_VERIFIED,Keep noindex — intentionally excluded (utility/transaction/auth page); no change,"Live state OBSERVED 2026-10-09 (status/robots/canonical from saved HTML; internal links = distinct linking pages among 479 crawled pages). GSC status per column above is NOT live-verified: an HTTP 200 proves neither indexing nor indexing eligibility. noindex observed live, not a GSC category observation."
/scooter-service/banashankari,200,https://ridencare.co.in/scooter-service/banashankari,"noindex, follow",No,7 of 479 pages,UNVERIFIED — export not recovered and GSC API not connected (live 200 does not reveal Google's status),LIVE_HTTP_VERIFIED,Keep noindex until the owner-approved P0 deploy flips it; then verify with GSC URL Inspection (no mass-indexing),"Live state OBSERVED 2026-10-09 (status/robots/canonical from saved HTML; internal links = distinct linking pages among 479 crawled pages). GSC status per column above is NOT live-verified: an HTTP 200 proves neither indexing nor indexing eligibility. noindex observed live, not a GSC category observation."
/scooter-service/bannerghatta-road,200,https://ridencare.co.in/scooter-service/bannerghatta-road,"noindex, follow",No,4 of 479 pages,UNVERIFIED — export not recovered and GSC API not connected (live 200 does not reveal Google's status),LIVE_HTTP_VERIFIED,Keep noindex until content uplift + owner confirmation (Q33); do not mass-index discovered URLs,"Live state OBSERVED 2026-10-09 (status/robots/canonical from saved HTML; internal links = distinct linking pages among 479 crawled pages). GSC status per column above is NOT live-verified: an HTTP 200 proves neither indexing nor indexing eligibility. noindex observed live, not a GSC category observation."
/scooter-service/bommanahalli,200,https://ridencare.co.in/scooter-service/bommanahalli,"noindex, follow",No,9 of 479 pages,UNVERIFIED — export not recovered and GSC API not connected (live 200 does not reveal Google's status),LIVE_HTTP_VERIFIED,Keep noindex until content uplift + owner confirmation (Q33); do not mass-index discovered URLs,"Live state OBSERVED 2026-10-09 (status/robots/canonical from saved HTML; internal links = distinct linking pages among 479 crawled pages). GSC status per column above is NOT live-verified: an HTTP 200 proves neither indexing nor indexing eligibility. noindex observed live, not a GSC category observation."
/scooter-service/brookefield,200,https://ridencare.co.in/scooter-service/brookefield,"noindex, follow",No,6 of 479 pages,UNVERIFIED — export not recovered and GSC API not connected (live 200 does not reveal Google's status),LIVE_HTTP_VERIFIED,Keep noindex until content uplift + owner confirmation (Q33); do not mass-index discovered URLs,"Live state OBSERVED 2026-10-09 (status/robots/canonical from saved HTML; internal links = distinct linking pages among 479 crawled pages). GSC status per column above is NOT live-verified: an HTTP 200 proves neither indexing nor indexing eligibility. noindex observed live, not a GSC category observation."
/scooter-service/choodasandra,200,https://ridencare.co.in/scooter-service/choodasandra,"noindex, follow",No,5 of 479 pages,UNVERIFIED — export not recovered and GSC API not connected (live 200 does not reveal Google's status),LIVE_HTTP_VERIFIED,Keep noindex until content uplift + owner confirmation (Q33); do not mass-index discovered URLs,"Live state OBSERVED 2026-10-09 (status/robots/canonical from saved HTML; internal links = distinct linking pages among 479 crawled pages). GSC status per column above is NOT live-verified: an HTTP 200 proves neither indexing nor indexing eligibility. noindex observed live, not a GSC category observation."
/scooter-service/domlur,200,https://ridencare.co.in/scooter-service/domlur,"noindex, follow",No,8 of 479 pages,UNVERIFIED — export not recovered and GSC API not connected (live 200 does not reveal Google's status),LIVE_HTTP_VERIFIED,Keep noindex until content uplift + owner confirmation (Q33); do not mass-index discovered URLs,"Live state OBSERVED 2026-10-09 (status/robots/canonical from saved HTML; internal links = distinct linking pages among 479 crawled pages). GSC status per column above is NOT live-verified: an HTTP 200 proves neither indexing nor indexing eligibility. noindex observed live, not a GSC category observation."
/scooter-service/ejipura,200,https://ridencare.co.in/scooter-service/ejipura,"noindex, follow",No,9 of 479 pages,UNVERIFIED — export not recovered and GSC API not connected (live 200 does not reveal Google's status),LIVE_HTTP_VERIFIED,Keep noindex until content uplift + owner confirmation (Q33); do not mass-index discovered URLs,"Live state OBSERVED 2026-10-09 (status/robots/canonical from saved HTML; internal links = distinct linking pages among 479 crawled pages). GSC status per column above is NOT live-verified: an HTTP 200 proves neither indexing nor indexing eligibility. noindex observed live, not a GSC category observation."
/scooter-service/gunjur,200,https://ridencare.co.in/scooter-service/gunjur,"noindex, follow",No,6 of 479 pages,UNVERIFIED — export not recovered and GSC API not connected (live 200 does not reveal Google's status),LIVE_HTTP_VERIFIED,Keep noindex until content uplift + owner confirmation (Q33); do not mass-index discovered URLs,"Live state OBSERVED 2026-10-09 (status/robots/canonical from saved HTML; internal links = distinct linking pages among 479 crawled pages). GSC status per column above is NOT live-verified: an HTTP 200 proves neither indexing nor indexing eligibility. noindex observed live, not a GSC category observation."
/scooter-service/hal,200,https://ridencare.co.in/scooter-service/hal,"noindex, follow",No,6 of 479 pages,UNVERIFIED — export not recovered and GSC API not connected (live 200 does not reveal Google's status),LIVE_HTTP_VERIFIED,Keep noindex until content uplift + owner confirmation (Q33); do not mass-index discovered URLs,"Live state OBSERVED 2026-10-09 (status/robots/canonical from saved HTML; internal links = distinct linking pages among 479 crawled pages). GSC status per column above is NOT live-verified: an HTTP 200 proves neither indexing nor indexing eligibility. noindex observed live, not a GSC category observation."
/scooter-service/harlur,200,https://ridencare.co.in/scooter-service/harlur,"noindex, follow",No,7 of 479 pages,UNVERIFIED — export not recovered and GSC API not connected (live 200 does not reveal Google's status),LIVE_HTTP_VERIFIED,Keep noindex until content uplift + owner confirmation (Q33); do not mass-index discovered URLs,"Live state OBSERVED 2026-10-09 (status/robots/canonical from saved HTML; internal links = distinct linking pages among 479 crawled pages). GSC status per column above is NOT live-verified: an HTTP 200 proves neither indexing nor indexing eligibility. noindex observed live, not a GSC category observation."
/scooter-service/kadubeesanahalli,200,https://ridencare.co.in/scooter-service/kadubeesanahalli,"noindex, follow",No,8 of 479 pages,UNVERIFIED — export not recovered and GSC API not connected (live 200 does not reveal Google's status),LIVE_HTTP_VERIFIED,Keep noindex until content uplift + owner confirmation (Q33); do not mass-index discovered URLs,"Live state OBSERVED 2026-10-09 (status/robots/canonical from saved HTML; internal links = distinct linking pages among 479 crawled pages). GSC status per column above is NOT live-verified: an HTTP 200 proves neither indexing nor indexing eligibility. noindex observed live, not a GSC category observation."
/scooter-service/kalyan-nagar,200,https://ridencare.co.in/scooter-service/kalyan-nagar,"noindex, follow",No,6 of 479 pages,UNVERIFIED — export not recovered and GSC API not connected (live 200 does not reveal Google's status),LIVE_HTTP_VERIFIED,Keep noindex until content uplift + owner confirmation (Q33); do not mass-index discovered URLs,"Live state OBSERVED 2026-10-09 (status/robots/canonical from saved HTML; internal links = distinct linking pages among 479 crawled pages). GSC status per column above is NOT live-verified: an HTTP 200 proves neither indexing nor indexing eligibility. noindex observed live, not a GSC category observation."
/scooter-service/kanakapura-road,200,https://ridencare.co.in/scooter-service/kanakapura-road,"noindex, follow",No,5 of 479 pages,UNVERIFIED — export not recovered and GSC API not connected (live 200 does not reveal Google's status),LIVE_HTTP_VERIFIED,Keep noindex until content uplift + owner confirmation (Q33); do not mass-index discovered URLs,"Live state OBSERVED 2026-10-09 (status/robots/canonical from saved HTML; internal links = distinct linking pages among 479 crawled pages). GSC status per column above is NOT live-verified: an HTTP 200 proves neither indexing nor indexing eligibility. noindex observed live, not a GSC category observation."
/scooter-service/kasavanahalli,200,https://ridencare.co.in/scooter-service/kasavanahalli,"noindex, follow",No,6 of 479 pages,UNVERIFIED — export not recovered and GSC API not connected (live 200 does not reveal Google's status),LIVE_HTTP_VERIFIED,Keep noindex until content uplift + owner confirmation (Q33); do not mass-index discovered URLs,"Live state OBSERVED 2026-10-09 (status/robots/canonical from saved HTML; internal links = distinct linking pages among 479 crawled pages). GSC status per column above is NOT live-verified: an HTTP 200 proves neither indexing nor indexing eligibility. noindex observed live, not a GSC category observation."
/scooter-service/kr-puram,200,https://ridencare.co.in/scooter-service/kr-puram,"noindex, follow",No,6 of 479 pages,UNVERIFIED — export not recovered and GSC API not connected (live 200 does not reveal Google's status),LIVE_HTTP_VERIFIED,Keep noindex until the owner-approved P0 deploy flips it; then verify with GSC URL Inspection (no mass-indexing),"Live state OBSERVED 2026-10-09 (status/robots/canonical from saved HTML; internal links = distinct linking pages among 479 crawled pages). GSC status per column above is NOT live-verified: an HTTP 200 proves neither indexing nor indexing eligibility. noindex observed live, not a GSC category observation."
/scooter-service/kudlu-gate,200,https://ridencare.co.in/scooter-service/kudlu-gate,"noindex, follow",No,7 of 479 pages,UNVERIFIED — export not recovered and GSC API not connected (live 200 does not reveal Google's status),LIVE_HTTP_VERIFIED,Keep noindex until content uplift + owner confirmation (Q33); do not mass-index discovered URLs,"Live state OBSERVED 2026-10-09 (status/robots/canonical from saved HTML; internal links = distinct linking pages among 479 crawled pages). GSC status per column above is NOT live-verified: an HTTP 200 proves neither indexing nor indexing eligibility. noindex observed live, not a GSC category observation."
/scooter-service/madiwala,200,https://ridencare.co.in/scooter-service/madiwala,"noindex, follow",No,10 of 479 pages,UNVERIFIED — export not recovered and GSC API not connected (live 200 does not reveal Google's status),LIVE_HTTP_VERIFIED,Keep noindex until the owner-approved P0 deploy flips it; then verify with GSC URL Inspection (no mass-indexing),"Live state OBSERVED 2026-10-09 (status/robots/canonical from saved HTML; internal links = distinct linking pages among 479 crawled pages). GSC status per column above is NOT live-verified: an HTTP 200 proves neither indexing nor indexing eligibility. noindex observed live, not a GSC category observation."
/scooter-service/mahadevapura,200,https://ridencare.co.in/scooter-service/mahadevapura,"noindex, follow",No,7 of 479 pages,UNVERIFIED — export not recovered and GSC API not connected (live 200 does not reveal Google's status),LIVE_HTTP_VERIFIED,Keep noindex until the owner-approved P0 deploy flips it; then verify with GSC URL Inspection (no mass-indexing),"Live state OBSERVED 2026-10-09 (status/robots/canonical from saved HTML; internal links = distinct linking pages among 479 crawled pages). GSC status per column above is NOT live-verified: an HTTP 200 proves neither indexing nor indexing eligibility. noindex observed live, not a GSC category observation."
/scooter-service/malleshwaram,200,https://ridencare.co.in/scooter-service/malleshwaram,"noindex, follow",No,6 of 479 pages,UNVERIFIED — export not recovered and GSC API not connected (live 200 does not reveal Google's status),LIVE_HTTP_VERIFIED,Keep noindex until content uplift + owner confirmation (Q33); do not mass-index discovered URLs,"Live state OBSERVED 2026-10-09 (status/robots/canonical from saved HTML; internal links = distinct linking pages among 479 crawled pages). GSC status per column above is NOT live-verified: an HTTP 200 proves neither indexing nor indexing eligibility. noindex observed live, not a GSC category observation."
/scooter-service/mg-road,200,https://ridencare.co.in/scooter-service/mg-road,"noindex, follow",No,6 of 479 pages,UNVERIFIED — export not recovered and GSC API not connected (live 200 does not reveal Google's status),LIVE_HTTP_VERIFIED,Keep noindex until the owner-approved P0 deploy flips it; then verify with GSC URL Inspection (no mass-indexing),"Live state OBSERVED 2026-10-09 (status/robots/canonical from saved HTML; internal links = distinct linking pages among 479 crawled pages). GSC status per column above is NOT live-verified: an HTTP 200 proves neither indexing nor indexing eligibility. noindex observed live, not a GSC category observation."
/scooter-service/panathur-road,200,https://ridencare.co.in/scooter-service/panathur-road,"noindex, follow",No,8 of 479 pages,UNVERIFIED — export not recovered and GSC API not connected (live 200 does not reveal Google's status),LIVE_HTTP_VERIFIED,Keep noindex until content uplift + owner confirmation (Q33); do not mass-index discovered URLs,"Live state OBSERVED 2026-10-09 (status/robots/canonical from saved HTML; internal links = distinct linking pages among 479 crawled pages). GSC status per column above is NOT live-verified: an HTTP 200 proves neither indexing nor indexing eligibility. noindex observed live, not a GSC category observation."
/scooter-service/parappana-agrahara,200,https://ridencare.co.in/scooter-service/parappana-agrahara,"noindex, follow",No,6 of 479 pages,UNVERIFIED — export not recovered and GSC API not connected (live 200 does not reveal Google's status),LIVE_HTTP_VERIFIED,Keep noindex until content uplift + owner confirmation (Q33); do not mass-index discovered URLs,"Live state OBSERVED 2026-10-09 (status/robots/canonical from saved HTML; internal links = distinct linking pages among 479 crawled pages). GSC status per column above is NOT live-verified: an HTTP 200 proves neither indexing nor indexing eligibility. noindex observed live, not a GSC category observation."
/scooter-service/peenya,200,https://ridencare.co.in/scooter-service/peenya,"noindex, follow",No,5 of 479 pages,UNVERIFIED — export not recovered and GSC API not connected (live 200 does not reveal Google's status),LIVE_HTTP_VERIFIED,Keep noindex until content uplift + owner confirmation (Q33); do not mass-index discovered URLs,"Live state OBSERVED 2026-10-09 (status/robots/canonical from saved HTML; internal links = distinct linking pages among 479 crawled pages). GSC status per column above is NOT live-verified: an HTTP 200 proves neither indexing nor indexing eligibility. noindex observed live, not a GSC category observation."
/scooter-service/rajajinagar,200,https://ridencare.co.in/scooter-service/rajajinagar,"noindex, follow",No,6 of 479 pages,UNVERIFIED — export not recovered and GSC API not connected (live 200 does not reveal Google's status),LIVE_HTTP_VERIFIED,Keep noindex until content uplift + owner confirmation (Q33); do not mass-index discovered URLs,"Live state OBSERVED 2026-10-09 (status/robots/canonical from saved HTML; internal links = distinct linking pages among 479 crawled pages). GSC status per column above is NOT live-verified: an HTTP 200 proves neither indexing nor indexing eligibility. noindex observed live, not a GSC category observation."
/scooter-service/singasandra,200,https://ridencare.co.in/scooter-service/singasandra,"noindex, follow",No,7 of 479 pages,UNVERIFIED — export not recovered and GSC API not connected (live 200 does not reveal Google's status),LIVE_HTTP_VERIFIED,Keep noindex until content uplift + owner confirmation (Q33); do not mass-index discovered URLs,"Live state OBSERVED 2026-10-09 (status/robots/canonical from saved HTML; internal links = distinct linking pages among 479 crawled pages). GSC status per column above is NOT live-verified: an HTTP 200 proves neither indexing nor indexing eligibility. noindex observed live, not a GSC category observation."
/scooter-service/varthur,200,https://ridencare.co.in/scooter-service/varthur,"noindex, follow",No,6 of 479 pages,UNVERIFIED — export not recovered and GSC API not connected (live 200 does not reveal Google's status),LIVE_HTTP_VERIFIED,Keep noindex until content uplift + owner confirmation (Q33); do not mass-index discovered URLs,"Live state OBSERVED 2026-10-09 (status/robots/canonical from saved HTML; internal links = distinct linking pages among 479 crawled pages). GSC status per column above is NOT live-verified: an HTTP 200 proves neither indexing nor indexing eligibility. noindex observed live, not a GSC category observation."
/scooter-service/yelahanka,200,https://ridencare.co.in/scooter-service/yelahanka,"noindex, follow",No,4 of 479 pages,UNVERIFIED — export not recovered and GSC API not connected (live 200 does not reveal Google's status),LIVE_HTTP_VERIFIED,Keep noindex until content uplift + owner confirmation (Q33); do not mass-index discovered URLs,"Live state OBSERVED 2026-10-09 (status/robots/canonical from saved HTML; internal links = distinct linking pages among 479 crawled pages). GSC status per column above is NOT live-verified: an HTTP 200 proves neither indexing nor indexing eligibility. noindex observed live, not a GSC category observation."
/scooter-service/yeshwanthpur,200,https://ridencare.co.in/scooter-service/yeshwanthpur,"noindex, follow",No,7 of 479 pages,UNVERIFIED — export not recovered and GSC API not connected (live 200 does not reveal Google's status),LIVE_HTTP_VERIFIED,Keep noindex until content uplift + owner confirmation (Q33); do not mass-index discovered URLs,"Live state OBSERVED 2026-10-09 (status/robots/canonical from saved HTML; internal links = distinct linking pages among 479 crawled pages). GSC status per column above is NOT live-verified: an HTTP 200 proves neither indexing nor indexing eligibility. noindex observed live, not a GSC category observation."
/terms,200,https://ridencare.co.in/terms,"noindex, follow",No,479 of 479 pages,UNVERIFIED — export not recovered and GSC API not connected (live 200 does not reveal Google's status),LIVE_HTTP_VERIFIED,Keep noindex — intentionally excluded pending documented owner approval of the copy; do not make indexable without justification + approval,"Live state OBSERVED 2026-10-09 (status/robots/canonical from saved HTML; internal links = distinct linking pages among 479 crawled pages). GSC status per column above is NOT live-verified: an HTTP 200 proves neither indexing nor indexing eligibility. noindex observed live, not a GSC category observation."
/track-booking,200,https://ridencare.co.in/track-booking,"noindex, nofollow",No,1 of 479 pages,UNVERIFIED — export not recovered and GSC API not connected (live 200 does not reveal Google's status),LIVE_HTTP_VERIFIED,Keep noindex — intentionally excluded (utility/transaction/auth page); no change,"Live state OBSERVED 2026-10-09 (status/robots/canonical from saved HTML; internal links = distinct linking pages among 479 crawled pages). GSC status per column above is NOT live-verified: an HTTP 200 proves neither indexing nor indexing eligibility. noindex observed live, not a GSC category observation."
https://ridencare.co.in/blog/,307,https://ridencare.co.in/blog,n/a — redirect response (no page body),No — slash variant (canonical target in sitemap: Yes),0 direct (non-slash variant: 479 of 479),INFERRED: 'Page with redirect' (redirect observed live 2026-10-09; GSC row not confirmed — no export),LIVE_HTTP_VERIFIED,Change trailing-slash normalisation from 307 to 301 in a code-change stage (pending approval); keep the redirect itself,Redirect OBSERVED 2026-10-09 (status + Location header captured). Live state OBSERVED 2026-10-09 (status/robots/canonical from saved HTML; internal links = distinct linking pages among 479 crawled pages). GSC status per column above is NOT live-verified: an HTTP 200 proves neither indexing nor indexing eligibility.
https://ridencare.co.in/guides/,307,https://ridencare.co.in/guides,n/a — redirect response (no page body),No — slash variant (canonical target in sitemap: Yes),0 direct (non-slash variant: 479 of 479),INFERRED: 'Page with redirect' (redirect observed live 2026-10-09; GSC row not confirmed — no export),LIVE_HTTP_VERIFIED,Change trailing-slash normalisation from 307 to 301 in a code-change stage (pending approval); keep the redirect itself,Redirect OBSERVED 2026-10-09 (status + Location header captured). Live state OBSERVED 2026-10-09 (status/robots/canonical from saved HTML; internal links = distinct linking pages among 479 crawled pages). GSC status per column above is NOT live-verified: an HTTP 200 proves neither indexing nor indexing eligibility.
https://ridencare.co.in/bikes/,307,https://ridencare.co.in/bikes,n/a — redirect response (no page body),No — slash variant (canonical target in sitemap: Yes),0 direct (non-slash variant: 479 of 479),INFERRED: 'Page with redirect' (redirect observed live 2026-10-09; GSC row not confirmed — no export),LIVE_HTTP_VERIFIED,Change trailing-slash normalisation from 307 to 301 in a code-change stage (pending approval); keep the redirect itself,Redirect OBSERVED 2026-10-09 (status + Location header captured). Live state OBSERVED 2026-10-09 (status/robots/canonical from saved HTML; internal links = distinct linking pages among 479 crawled pages). GSC status per column above is NOT live-verified: an HTTP 200 proves neither indexing nor indexing eligibility.
https://ridencare.co.in/franchise/,307,https://ridencare.co.in/franchise,n/a — redirect response (no page body),No — slash variant (canonical target in sitemap: Yes),0 direct (non-slash variant: 479 of 479),INFERRED: 'Page with redirect' (redirect observed live 2026-10-09; GSC row not confirmed — no export),LIVE_HTTP_VERIFIED,Change trailing-slash normalisation from 307 to 301 in a code-change stage (pending approval); keep the redirect itself,Redirect OBSERVED 2026-10-09 (status + Location header captured). Live state OBSERVED 2026-10-09 (status/robots/canonical from saved HTML; internal links = distinct linking pages among 479 crawled pages). GSC status per column above is NOT live-verified: an HTTP 200 proves neither indexing nor indexing eligibility.
https://ridencare.co.in/motorcycle-service/indiranagar/,307,https://ridencare.co.in/motorcycle-service/indiranagar,n/a — redirect response (no page body),No — slash variant (canonical target in sitemap: Yes),0 direct (non-slash variant: 21 of 479),INFERRED: 'Page with redirect' (redirect observed live 2026-10-09; GSC row not confirmed — no export),LIVE_HTTP_VERIFIED,Change trailing-slash normalisation from 307 to 301 in a code-change stage (pending approval); keep the redirect itself,Redirect OBSERVED 2026-10-09 (status + Location header captured). Live state OBSERVED 2026-10-09 (status/robots/canonical from saved HTML; internal links = distinct linking pages among 479 crawled pages). GSC status per column above is NOT live-verified: an HTTP 200 proves neither indexing nor indexing eligibility.
https://www.ridencare.co.in/,301,https://ridencare.co.in/,n/a — redirect response,n/a (different host),n/a (www host),INFERRED: 'Page with redirect' (redirect observed live 2026-10-09; GSC row not confirmed — no export),LIVE_HTTP_VERIFIED,No change — correct canonical-host 301 (www → apex),Redirect OBSERVED 2026-10-09 (status + Location header captured). Live state OBSERVED 2026-10-09 (status/robots/canonical from saved HTML; internal links = distinct linking pages among 479 crawled pages). GSC status per column above is NOT live-verified: an HTTP 200 proves neither indexing nor indexing eligibility.
http://ridencare.co.in/,301,https://ridencare.co.in/,n/a — redirect response,n/a (different scheme),n/a (http scheme),INFERRED: 'Page with redirect' (redirect observed live 2026-10-09; GSC row not confirmed — no export),LIVE_HTTP_VERIFIED,No change — correct scheme 301 (http → https),Redirect OBSERVED 2026-10-09 (status + Location header captured). Live state OBSERVED 2026-10-09 (status/robots/canonical from saved HTML; internal links = distinct linking pages among 479 crawled pages). GSC status per column above is NOT live-verified: an HTTP 200 proves neither indexing nor indexing eligibility.
https://ridencare.co.in/pricing,301,https://ridencare.co.in/bikes,n/a — redirect response,No (retired URL),0 of 479 pages,INFERRED: 'Page with redirect' (redirect observed live 2026-10-09; GSC row not confirmed — no export),LIVE_HTTP_VERIFIED,No change — intentional retirement 301 to /bikes,Redirect OBSERVED 2026-10-09 (status + Location header captured). Live state OBSERVED 2026-10-09 (status/robots/canonical from saved HTML; internal links = distinct linking pages among 479 crawled pages). GSC status per column above is NOT live-verified: an HTTP 200 proves neither indexing nor indexing eligibility.
https://ridencare.co.in/answers/how-often-car-service,301,https://ridencare.co.in/answers/car-service-interval,n/a — redirect response,No (retired URL),0 of 479 pages,INFERRED: 'Page with redirect' (redirect observed live 2026-10-09; GSC row not confirmed — no export),LIVE_HTTP_VERIFIED,"No change — intentional Batch-4 consolidation 301 (one intent, one URL)",Redirect OBSERVED 2026-10-09 (status + Location header captured). Live state OBSERVED 2026-10-09 (status/robots/canonical from saved HTML; internal links = distinct linking pages among 479 crawled pages). GSC status per column above is NOT live-verified: an HTTP 200 proves neither indexing nor indexing eligibility.
